ACCIDENT_YEAR,ACCIDENT_MONTH,ACCIDENT_DAY,ACCIDENT_HOUR,ACCIDENT_WEEKDAY,ACCIDENTLOCATION,IMPACTLOCATION,INITIALIMPACTTYPE,LIGHT,ROADJURISDICTION,TRAFFICCONTROL,TRAFFICCONTROLCONDITION,THRULANENO,NORTHBOUNDDISOBEYCOUNT,SOUTHBOUNDDISOBEYCOUNT,PEDESTRIANINVOLVED,CYCLISTINVOLVED,MOTORCYCLISTINVOLVED,ENVIRONMENTCONDITION1,injury
2015,5,23,14,Saturday,At/near private drive,Left turn lane,Sideswipe,Daylight,Municipal (excl. Twp. Rd.),No control,unknown,0,0,0,False,False,False,Clear,0
2015,5,24,16,Sunday,At/near private drive,Thru lane,SMV unattended vehicle,Daylight,Municipal (excl. Twp. Rd.),No control,unknown,0,0,0,False,False,False,Clear,0
2015,5,24,8,Sunday,At/near private drive,Thru lane,SMV unattended vehicle,Daylight,Municipal (excl. Twp. Rd.),No control,unknown,0,0,0,False,False,False,Clear,0
2015,5,25,4,Monday,At/near private drive,Not on roadway - right side,SMV other,Dark,Private property,No control,unknown,0,0,0,True,False,False,Clear,1
2015,5,25,13,Monday,At intersection,Within intersection,Angle,Daylight,Municipal (excl. Twp. Rd.),Stop sign,Functioning,0,0,0,False,False,False,Clear,0
2015,5,25,16,Monday,At/near private drive,Thru lane,Turning movement,Daylight,Municipal (excl. Twp. Rd.),No control,unknown,0,0,0,False,False,False,Clear,0
2015,5,25,17,Monday,At intersection,Within intersection,Angle,Daylight,Municipal (excl. Twp. Rd.),Traffic signal,Functioning,0,0,0,False,True,False,Clear,1
2015,5,21,18,Thursday,At/near private drive,Thru lane,SMV unattended vehicle,Daylight,Municipal (excl. Twp. Rd.),No control,unknown,0,0,0,False,False,False,Clear,0
2015,5,25,7,Monday,At/near private drive,Thru lane,SMV other,Daylight,Municipal (excl. Twp. Rd.),No control,unknown,0,0,0,False,False,False,Clear,0
2015,5,26,8,Tuesday,At intersection,Within intersection,Rear end,Daylight,Municipal (excl. Twp. Rd.),Traffic signal,Functioning,0,0,0,False,False,False,Clear,0
2015,5,26,14,Tuesday,At/near private drive,Thru lane,SMV unattended vehicle,Daylight,Municipal (excl. Twp. Rd.),No control,unknown,0,0,0,False,False,False,Clear,0
2015,5,27,8,Wednesday,At intersection,Within intersection,Turning movement,Daylight,Municipal (excl. Twp. Rd.),Stop sign,Functioning,0,0,0,False,False,False,Clear,0
2015,5,27,13,Wednesday,Non intersection,Thru lane,Sideswipe,Daylight,Regional municipality,No control,unknown,0,0,0,False,False,False,Clear,0
2015,5,26,19,Tuesday,At/near private drive,Right shoulder,SMV unattended vehicle,Daylight,Municipal (excl. Twp. Rd.),No control,unknown,0,0,0,False,False,False,Clear,0
2015,5,27,18,Wednesday,At intersection,Within intersection,Angle,Daylight,Municipal (excl. Twp. Rd.),Stop sign,Functioning,0,0,0,False,False,False,Clear,0
2015,5,28,7,Thursday,At intersection,Within intersection,Angle,Daylight,Municipal (excl. Twp. Rd.),Stop sign,Functioning,0,0,0,False,False,False,Clear,1
2015,5,28,10,Thursday,Non intersection,Thru lane,Other,Daylight,Regional municipality,No control,unknown,0,0,0,False,False,False,Clear,0
2015,5,28,16,Thursday,Non intersection,Thru lane,Approaching,Daylight,Municipal (excl. Twp. Rd.),No control,unknown,0,0,0,False,False,False,Clear,1
2015,5,28,17,Thursday,Non intersection,Thru lane,Rear end,Daylight,Regional municipality,No control,unknown,0,0,0,False,False,False,Clear,1
2015,5,28,21,Thursday,At/near private drive,Right shoulder,SMV unattended vehicle,Dark,Municipal (excl. Twp. Rd.),No control,unknown,0,0,0,False,False,False,Clear,0
2015,5,29,11,Friday,Intersection related,Thru lane,Sideswipe,Daylight,Municipal (excl. Twp. Rd.),No control,unknown,0,0,0,False,False,False,Clear,0
2015,5,29,16,Friday,Non intersection,Not on roadway - right side,SMV unattended vehicle,Daylight,Municipal (excl. Twp. Rd.),Stop sign,Functioning,0,0,0,False,True,False,Clear,0
2015,5,30,12,Saturday,Non intersection,Thru lane,Other,Daylight,Regional municipality,No control,unknown,0,0,0,False,False,False,Rain,0
2015,5,30,13,Saturday,At/near private drive,Thru lane,SMV unattended vehicle,Daylight,Municipal (excl. Twp. Rd.),No control,unknown,0,0,0,False,False,False,Clear,0
2015,5,30,15,Saturday,Intersection related,Thru lane,Rear end,Daylight,Municipal (excl. Twp. Rd.),Traffic signal,Functioning,0,0,0,False,False,False,Clear,1
2015,5,30,16,Saturday,Non intersection,Thru lane,SMV other,Daylight,Municipal (excl. Twp. Rd.),No control,unknown,0,0,0,False,False,False,Rain,0
2015,5,30,23,Saturday,Non intersection,Thru lane,Approaching,"Dark, artificial",Municipal (excl. Twp. Rd.),No control,unknown,0,0,0,False,False,False,Rain,0
2015,5,31,1,Sunday,Non intersection,Not on roadway - right side,SMV other,Dark,Municipal (excl. Twp. Rd.),Stop sign,Functioning,0,0,0,False,False,False,Rain,0
2015,5,31,2,Sunday,At intersection,Within intersection,SMV other,"Dark, artificial",Municipal (excl. Twp. Rd.),Stop sign,Functioning,0,0,0,False,False,False,Rain,0
2015,5,31,7,Sunday,Non intersection,Not on roadway - right side,SMV other,Daylight,Municipal (excl. Twp. Rd.),No control,unknown,0,0,0,False,False,False,Rain,1
2015,5,31,11,Sunday,At intersection,Within intersection,Turning movement,Daylight,Regional municipality,Stop sign,Functioning,0,0,0,False,False,False,Rain,0
2015,5,31,14,Sunday,Non intersection,Thru lane,SMV unattended vehicle,Other,Municipal (excl. Twp. Rd.),No control,unknown,0,0,0,False,False,False,Rain,0
2015,6,1,11,Monday,At/near private drive,Thru lane,Other,Daylight,Regional municipality,No control,unknown,0,0,0,False,False,False,Clear,0
2015,6,2,6,Tuesday,Non intersection,Right shoulder,SMV unattended vehicle,Daylight,Municipal (excl. Twp. Rd.),No control,unknown,0,0,0,False,False,False,Clear,0
2015,6,2,6,Tuesday,At/near private drive,Thru lane,SMV unattended vehicle,Dawn,Municipal (excl. Twp. Rd.),No control,unknown,0,0,0,False,False,False,Clear,0
2015,6,2,11,Tuesday,At intersection,Within intersection,Angle,Daylight,Municipal (excl. Twp. Rd.),Stop sign,Functioning,0,0,0,False,False,False,Clear,1
2015,6,2,15,Tuesday,At/near private drive,Thru lane,Turning movement,Daylight,Regional municipality,No control,unknown,0,0,0,False,False,False,Clear,0
2015,6,2,13,Tuesday,At/near private drive,Thru lane,Other,Daylight,Regional municipality,No control,unknown,0,0,0,False,False,False,Clear,0
2015,6,2,16,Tuesday,At intersection,Within intersection,SMV unattended vehicle,Daylight,Regional municipality,Stop sign,Functioning,0,0,0,False,False,True,Clear,1
2015,6,2,18,Tuesday,Non intersection,Thru lane,SMV other,Daylight,Municipal (excl. Twp. Rd.),No control,unknown,0,0,0,True,False,False,Clear,1
2015,5,18,17,Monday,At intersection,Within intersection,Sideswipe,Daylight,Municipal (excl. Twp. Rd.),No control,unknown,0,0,0,False,False,False,Clear,0
2015,6,3,9,Wednesday,At/near private drive,Thru lane,Rear end,Daylight,Regional municipality,No control,unknown,0,0,0,False,False,False,Clear,0
2015,6,5,13,Friday,At/near private drive,Right shoulder,SMV unattended vehicle,Daylight,Municipal (excl. Twp. Rd.),No control,unknown,0,0,0,False,True,False,Clear,0
2015,6,5,11,Friday,Non intersection,Thru lane,SMV unattended vehicle,Daylight,Regional municipality,No control,unknown,0,0,0,False,False,False,Clear,0
2015,6,5,20,Friday,Non intersection,Not on roadway - right side,SMV other,Dusk,Municipal (excl. Twp. Rd.),No control,unknown,0,0,0,False,False,False,Clear,0
2015,6,6,0,Saturday,Non intersection,Not on roadway - right side,SMV other,"Daylight, artificial",Municipal (excl. Twp. Rd.),No control,unknown,0,0,0,False,False,False,Clear,0
2015,6,7,2,Sunday,Intersection related,Thru lane,SMV other,Dark,Municipal (excl. Twp. Rd.),No control,unknown,0,0,0,False,False,False,Clear,0
2015,6,7,2,Sunday,Non intersection,Thru lane,SMV other,"Dark, artificial",Municipal (excl. Twp. Rd.),No control,unknown,0,0,0,False,False,False,Clear,0
2015,6,8,7,Monday,At/near private drive,Thru lane,SMV unattended vehicle,Daylight,Municipal (excl. Twp. Rd.),No control,unknown,0,0,0,False,False,False,Rain,0
2015,6,8,8,Monday,At/near private drive,Thru lane,Approaching,Daylight,Municipal (excl. Twp. Rd.),No control,unknown,0,0,0,False,False,False,Rain,0
2015,6,8,23,Monday,Non intersection,Thru lane,SMV unattended vehicle,Dark,Municipal (excl. Twp. Rd.),No control,unknown,0,0,0,False,False,False,Rain,0
2015,6,9,12,Tuesday,At intersection,Within intersection,Angle,Daylight,Municipal (excl. Twp. Rd.),Stop sign,Functioning,0,0,0,False,True,False,Clear,1
2015,6,9,19,Tuesday,Non intersection,Thru lane,SMV unattended vehicle,Daylight,Municipal (excl. Twp. Rd.),No control,unknown,0,0,0,False,False,False,Clear,0
2015,6,8,19,Monday,At intersection,Within intersection,Turning movement,Daylight,Municipal (excl. Twp. Rd.),Stop sign,Functioning,0,0,0,False,False,False,Rain,0
2015,6,10,10,Wednesday,Non intersection,Thru lane,Rear end,Daylight,Regional municipality,No control,unknown,0,0,0,False,False,False,Clear,0
2015,6,10,13,Wednesday,At intersection,Within intersection,Angle,Daylight,Municipal (excl. Twp. Rd.),Stop sign,Functioning,0,0,0,False,False,False,Clear,0
2015,6,10,15,Wednesday,At intersection,Within intersection,SMV other,Daylight,Municipal (excl. Twp. Rd.),Stop sign,Functioning,0,0,0,True,False,False,Clear,1
2015,6,11,12,Thursday,At intersection,Within intersection,Sideswipe,Daylight,Regional municipality,Yield sign,Functioning,0,0,0,False,False,False,Clear,0
2015,6,11,14,Thursday,Other,Off highway,SMV other,Dark,Private property,No control,unknown,0,0,0,False,False,False,Clear,0
2015,6,11,7,Thursday,At/near private drive,Thru lane,Other,Daylight,Municipal (excl. Twp. Rd.),No control,unknown,0,0,0,False,False,False,Clear,1
2015,6,10,17,Wednesday,At/near private drive,Thru lane,Turning movement,Daylight,Municipal (excl. Twp. Rd.),No control,unknown,0,0,0,False,True,False,Clear,1
2015,6,12,3,Friday,At/near private drive,Thru lane,Other,Dark,Regional municipality,No control,unknown,0,0,0,False,False,False,Rain,0
2015,6,12,9,Friday,Intersection related,Not on roadway - right side,SMV other,Daylight,Municipal (excl. Twp. Rd.),Stop sign,Functioning,0,0,0,False,False,False,Clear,0
2015,6,12,9,Friday,At intersection,Within intersection,Turning movement,Daylight,Municipal (excl. Twp. Rd.),Traffic signal,Functioning,0,0,0,False,False,False,Clear,1
2015,6,12,12,Friday,At/near private drive,Thru lane,Other,Daylight,Municipal (excl. Twp. Rd.),No control,unknown,0,0,0,False,False,False,Rain,1
2015,6,12,16,Friday,At/near private drive,Thru lane,SMV unattended vehicle,Daylight,Municipal (excl. Twp. Rd.),No control,unknown,0,0,0,False,False,False,Clear,0
2015,6,12,14,Friday,Non intersection,Thru lane,SMV unattended vehicle,Daylight,Municipal (excl. Twp. Rd.),No control,unknown,0,0,0,False,True,False,Clear,0
2015,6,12,15,Friday,At intersection,Within intersection,Angle,Daylight,Municipal (excl. Twp. Rd.),Stop sign,Functioning,0,0,0,False,False,False,Clear,0
2015,6,12,15,Friday,Non intersection,Thru lane,Turning movement,Daylight,Regional municipality,No control,unknown,0,0,0,False,False,False,Rain,0
2015,6,13,13,Saturday,Intersection related,Thru lane,Turning movement,Daylight,Municipal (excl. Twp. Rd.),Stop sign,Functioning,0,0,0,False,False,False,Clear,0
2015,6,14,3,Sunday,At/near private drive,Right shoulder,SMV unattended vehicle,Dark,Municipal (excl. Twp. Rd.),No control,unknown,0,0,0,False,False,False,Clear,0
2015,6,13,4,Saturday,At/near private drive,Thru lane,SMV unattended vehicle,"Dark, artificial",Municipal (excl. Twp. Rd.),No control,unknown,0,0,0,False,False,False,Clear,0
2015,6,14,3,Sunday,At/near private drive,Thru lane,SMV unattended vehicle,"Daylight, artificial",Municipal (excl. Twp. Rd.),Stop sign,Functioning,0,0,0,False,False,False,Rain,0
2015,6,14,11,Sunday,At/near private drive,Thru lane,Angle,Daylight,Municipal (excl. Twp. Rd.),No control,unknown,0,0,0,False,False,False,Rain,0
2015,6,15,19,Monday,At/near private drive,Right shoulder,SMV unattended vehicle,Dusk,Regional municipality,No control,unknown,0,0,0,False,False,False,Clear,0
2015,6,16,11,Tuesday,At/near private drive,Thru lane,Other,Daylight,Municipal (excl. Twp. Rd.),No control,unknown,0,0,0,False,False,False,Clear,0
2015,6,17,8,Wednesday,At intersection,Thru lane,Turning movement,Daylight,Regional municipality,Stop sign,Functioning,0,0,0,False,False,False,Clear,0
2015,6,17,9,Wednesday,At intersection,Within intersection,Angle,Daylight,Municipal (excl. Twp. Rd.),Stop sign,Functioning,0,0,1,False,False,False,Clear,0
2015,6,17,15,Wednesday,At intersection,Within intersection,Turning movement,Daylight,Municipal (excl. Twp. Rd.),Stop sign,Functioning,0,0,0,False,False,False,Clear,0
2015,6,17,17,Wednesday,At/near private drive,Other,Turning movement,Daylight,Municipal (excl. Twp. Rd.),No control,unknown,0,0,0,False,False,False,Clear,0
2015,6,18,15,Thursday,Non intersection,Thru lane,Sideswipe,Daylight,Regional municipality,No control,unknown,0,0,0,False,False,False,Clear,0
2015,6,18,15,Thursday,Intersection related,Off highway,SMV other,Daylight,Municipal (excl. Twp. Rd.),No control,unknown,0,0,0,False,False,False,Clear,0
2015,6,17,23,Wednesday,At/near private drive,Right shoulder,SMV unattended vehicle,"Dark, artificial",Municipal (excl. Twp. Rd.),No control,unknown,0,0,0,False,False,False,Clear,0
2015,6,19,17,Friday,At intersection,Within intersection,Angle,Daylight,Municipal (excl. Twp. Rd.),Stop sign,Functioning,0,0,0,False,False,False,Clear,0
2015,6,19,18,Friday,At intersection,Within intersection,Turning movement,Daylight,Municipal (excl. Twp. Rd.),Stop sign,Functioning,0,0,0,False,False,False,Clear,0
2015,6,19,19,Friday,At/near private drive,Thru lane,Other,Daylight,Regional municipality,No control,unknown,0,0,0,False,False,False,Clear,0
2015,6,20,1,Saturday,Non intersection,Not on roadway - right side,SMV other,"Dark, artificial",Municipal (excl. Twp. Rd.),No control,unknown,0,0,0,False,False,False,Clear,1
2015,6,21,19,Sunday,At intersection,Within intersection,Angle,Daylight,Municipal (excl. Twp. Rd.),Stop sign,Functioning,0,0,0,False,False,False,Clear,0
2015,6,21,23,Sunday,Non intersection,Thru lane,SMV unattended vehicle,"Dark, artificial",Municipal (excl. Twp. Rd.),No control,unknown,0,0,0,False,False,False,Clear,0
2015,6,22,11,Monday,At intersection,Within intersection,Turning movement,Daylight,Municipal (excl. Twp. Rd.),Stop sign,Functioning,0,0,0,False,False,False,Clear,0
2015,6,22,13,Monday,Non intersection,Thru lane,Sideswipe,Daylight,Municipal (excl. Twp. Rd.),Stop sign,Functioning,0,0,0,False,False,False,Clear,0
2015,6,13,14,Saturday,At/near private drive,Thru lane,SMV unattended vehicle,Daylight,Municipal (excl. Twp. Rd.),No control,unknown,0,0,0,False,False,False,Clear,0
2015,6,24,6,Wednesday,At intersection,Within intersection,Angle,Daylight,Municipal (excl. Twp. Rd.),Traffic signal,Functioning,0,0,1,False,False,False,Clear,1
2015,6,24,7,Wednesday,At intersection,Within intersection,Angle,Daylight,Municipal (excl. Twp. Rd.),Stop sign,Functioning,0,0,0,False,False,False,Clear,0
2015,6,25,0,Thursday,Non intersection,Thru lane,SMV other,Dark,Municipal (excl. Twp. Rd.),No control,unknown,0,0,0,False,False,False,Clear,1
2015,6,25,8,Thursday,At/near private drive,Thru lane,SMV unattended vehicle,Daylight,Municipal (excl. Twp. Rd.),No control,unknown,0,0,0,False,False,False,Clear,0
2015,6,25,8,Thursday,Non intersection,Thru lane,Rear end,Daylight,Regional municipality,No control,unknown,0,0,0,False,False,False,Clear,0
2015,6,25,16,Thursday,Other,Off highway,SMV other,Daylight,Private property,No control,unknown,0,0,0,False,False,False,Clear,0
2015,6,27,19,Saturday,At intersection,Within intersection,Angle,Daylight,Municipal (excl. Twp. Rd.),No control,unknown,0,0,0,False,False,False,Rain,0
2015,6,29,9,Monday,Non intersection,Off highway,SMV other,Daylight,Municipal (excl. Twp. Rd.),No control,unknown,0,0,0,False,False,False,Clear,0
2015,6,27,11,Saturday,Intersection related,Left turn lane,Angle,Daylight,Regional municipality,Traffic signal,Functioning,0,0,0,False,False,False,Clear,0
2015,6,29,13,Monday,Non intersection,Thru lane,SMV other,Daylight,Municipal (excl. Twp. Rd.),No control,unknown,0,0,0,False,False,False,Clear,1
2015,6,29,20,Monday,Non intersection,Not on roadway - right side,SMV other,Dusk,Municipal (excl. Twp. Rd.),No control,unknown,0,0,0,False,False,True,Clear,1
2015,6,30,10,Tuesday,Non intersection,Thru lane,Rear end,Daylight,Municipal (excl. Twp. Rd.),No control,unknown,0,0,0,False,False,False,Clear,1
2015,6,30,8,Tuesday,Other,Not on roadway - right side,SMV unattended vehicle,Daylight,Municipal (excl. Twp. Rd.),No control,unknown,0,0,0,False,False,False,Clear,0
2015,6,29,18,Monday,At/near private drive,Thru lane,SMV unattended vehicle,Daylight,Municipal (excl. Twp. Rd.),No control,unknown,0,0,0,False,False,False,Rain,0
2015,7,1,19,Wednesday,At/near private drive,Thru lane,SMV unattended vehicle,Daylight,Municipal (excl. Twp. Rd.),No control,unknown,0,0,0,False,False,False,Clear,0
2015,7,2,12,Thursday,Intersection related,Left turn lane,Rear end,Daylight,Regional municipality,Traffic signal,Functioning,0,0,0,False,False,False,Clear,1
2015,7,2,15,Thursday,At/near private drive,Off highway,Other,Daylight,Private property,No control,unknown,0,0,0,False,False,False,Clear,0
2015,7,2,13,Thursday,At/near private drive,Thru lane,Turning movement,Daylight,Municipal (excl. Twp. Rd.),No control,unknown,0,0,0,False,False,False,Clear,0
2015,7,2,23,Thursday,At/near private drive,Thru lane,SMV unattended vehicle,Dark,Municipal (excl. Twp. Rd.),No control,unknown,0,0,0,False,False,False,Clear,0
2015,7,3,23,Friday,Intersection related,Thru lane,Rear end,Dark,Municipal (excl. Twp. Rd.),Traffic signal,Functioning,0,0,0,False,False,False,Clear,1
2015,7,5,18,Sunday,At/near private drive,Not on roadway - right side,SMV other,Daylight,Municipal (excl. Twp. Rd.),No control,unknown,0,0,0,False,False,False,Clear,0
2015,7,6,14,Monday,Intersection related,Thru lane,Sideswipe,Daylight,Municipal (excl. Twp. Rd.),Traffic signal,Functioning,0,0,0,False,True,False,Clear,0
2015,7,6,10,Monday,At/near private drive,Thru lane,Turning movement,Daylight,Municipal (excl. Twp. Rd.),No control,unknown,0,0,0,False,False,False,Clear,0
2015,7,7,7,Tuesday,At railway crossing,Other,Angle,Daylight,Municipal (excl. Twp. Rd.),Traffic controller,unknown,0,0,0,False,False,False,Clear,0
2015,7,7,15,Tuesday,At intersection,Within intersection,Angle,Daylight,Municipal (excl. Twp. Rd.),Stop sign,Functioning,0,0,0,False,False,False,Rain,1
2015,7,7,18,Tuesday,At/near private drive,Not on roadway - right side,SMV other,Daylight,Regional municipality,No control,unknown,0,0,0,False,False,False,Clear,0
2015,7,4,16,Saturday,Non intersection,Thru lane,SMV unattended vehicle,Daylight,Municipal (excl. Twp. Rd.),No control,unknown,0,0,0,False,False,False,Clear,0
2015,7,8,16,Wednesday,At/near private drive,Thru lane,Turning movement,Daylight,Regional municipality,No control,unknown,0,0,0,False,False,False,Clear,1
2015,7,8,17,Wednesday,At intersection,Within intersection,Turning movement,Daylight,Regional municipality,Stop sign,Functioning,0,0,0,False,False,False,Clear,0
2015,7,9,8,Thursday,Intersection related,Thru lane,Sideswipe,Daylight,Municipal (excl. Twp. Rd.),Stop sign,Functioning,0,0,0,False,False,False,Clear,0
2015,7,9,16,Thursday,At intersection,Within intersection,SMV other,Daylight,Regional municipality,No control,unknown,0,0,0,False,False,False,Clear,0
2015,7,10,14,Friday,Non intersection,Not on roadway - right side,SMV other,Daylight,Municipal (excl. Twp. Rd.),No control,unknown,0,0,0,False,False,False,Clear,0
2015,7,10,16,Friday,Non intersection,Thru lane,Rear end,Daylight,Regional municipality,No control,unknown,0,0,0,False,False,False,Clear,1
2015,7,10,17,Friday,Non intersection,Thru lane,Rear end,Daylight,Regional municipality,No control,unknown,0,0,0,False,False,False,Clear,0
2015,7,10,18,Friday,At intersection,Within intersection,Rear end,Daylight,Regional municipality,Stop sign,Functioning,0,0,0,False,False,True,Clear,0
2015,7,10,18,Friday,At/near private drive,Thru lane,Sideswipe,Daylight,Municipal (excl. Twp. Rd.),No control,unknown,0,0,0,False,False,False,Clear,0
2015,7,11,16,Saturday,Non intersection,Thru lane,SMV other,Daylight,Municipal (excl. Twp. Rd.),No control,unknown,0,0,0,True,False,False,Clear,1
2015,7,11,19,Saturday,Non intersection,Thru lane,SMV unattended vehicle,Daylight,Municipal (excl. Twp. Rd.),No control,unknown,0,0,0,False,False,False,Clear,0
2015,7,12,3,Sunday,Non intersection,Not on roadway - left side,SMV other,Dark,Private property,No control,unknown,0,0,0,False,False,False,Clear,0
2015,7,13,10,Monday,At/near private drive,Thru lane,Sideswipe,Daylight,Municipal (excl. Twp. Rd.),Other,Functioning,0,0,0,False,False,False,Clear,0
2015,7,11,8,Saturday,At/near private drive,Thru lane,Other,Daylight,Municipal (excl. Twp. Rd.),No control,unknown,0,0,0,False,False,False,Clear,0
2015,7,13,13,Monday,At/near private drive,Thru lane,Rear end,Daylight,Municipal (excl. Twp. Rd.),No control,unknown,0,0,0,False,False,False,Clear,1
2015,7,14,9,Tuesday,Intersection related,Thru lane,Sideswipe,Daylight,Regional municipality,Stop sign,Functioning,0,0,0,False,False,False,Clear,0
2015,7,14,12,Tuesday,At intersection,Within intersection,Turning movement,Daylight,Municipal (excl. Twp. Rd.),No control,unknown,0,0,0,False,False,False,Clear,0
2015,7,14,17,Tuesday,At/near private drive,Thru lane,Rear end,Daylight,Regional municipality,No control,unknown,0,0,0,False,False,False,Clear,0
2015,7,14,22,Tuesday,Non intersection,Not on roadway - left side,SMV other,Dark,Municipal (excl. Twp. Rd.),No control,unknown,0,0,0,False,False,False,Clear,0
2015,7,15,1,Wednesday,At intersection,Within intersection,Angle,Dark,Municipal (excl. Twp. Rd.),Stop sign,Functioning,0,0,0,False,False,False,Clear,0
2015,7,15,8,Wednesday,At/near private drive,Thru lane,Turning movement,Daylight,Municipal (excl. Twp. Rd.),No control,unknown,0,0,0,False,False,False,Clear,0
2015,7,15,19,Wednesday,At intersection,Within intersection,Angle,Daylight,Municipal (excl. Twp. Rd.),Stop sign,Functioning,0,0,0,False,True,False,Clear,1
2015,7,16,0,Thursday,Non intersection,Off highway,SMV other,Dark,Regional municipality,No control,unknown,0,0,0,False,False,False,Clear,0
2015,7,16,8,Thursday,At intersection,Within intersection,Turning movement,Daylight,Municipal (excl. Twp. Rd.),Stop sign,Functioning,0,1,0,False,True,False,Clear,1
2015,7,16,7,Thursday,Non intersection,Thru lane,Sideswipe,Daylight,Municipal (excl. Twp. Rd.),No control,unknown,0,0,0,False,False,False,Clear,0
2015,7,16,13,Thursday,Intersection related,Thru lane,Other,Daylight,Municipal (excl. Twp. Rd.),Stop sign,Functioning,0,0,0,False,False,False,Clear,0
2015,7,16,16,Thursday,Intersection related,Thru lane,Turning movement,Daylight,Municipal (excl. Twp. Rd.),Traffic signal,Functioning,0,0,0,False,False,False,Clear,0
2015,7,17,3,Friday,Overpass or bridge,Other,SMV other,"Dark, artificial",Municipal (excl. Twp. Rd.),Other,Functioning,0,1,0,False,False,False,Clear,0
2015,7,17,8,Friday,Non intersection,Thru lane,Approaching,Daylight,Regional municipality,No control,unknown,0,0,0,False,False,False,Rain,1
2015,7,17,14,Friday,At intersection,Within intersection,Turning movement,Daylight,Regional municipality,Stop sign,Functioning,0,0,0,False,False,False,Rain,1
2015,7,18,9,Saturday,Intersection related,Not on roadway - left side,SMV other,Daylight,Regional municipality,Traffic signal,Functioning,0,0,0,False,False,False,Clear,0
2015,7,17,20,Friday,Non intersection,Thru lane,Sideswipe,Daylight,Municipal (excl. Twp. Rd.),No control,unknown,0,0,0,False,False,False,Clear,0
2015,7,18,19,Saturday,At/near private drive,Thru lane,SMV unattended vehicle,Daylight,Municipal (excl. Twp. Rd.),No control,unknown,0,0,0,False,False,False,Clear,0
2015,7,19,2,Sunday,At/near private drive,Not on roadway - right side,SMV unattended vehicle,Dark,Private property,No control,unknown,0,0,0,False,False,False,Clear,0
2015,7,19,6,Sunday,Non intersection,Thru lane,SMV other,Daylight,Municipal (excl. Twp. Rd.),No control,unknown,0,0,0,False,False,False,Clear,1
2015,7,19,11,Sunday,At/near private drive,Thru lane,Rear end,Daylight,Municipal (excl. Twp. Rd.),No control,unknown,0,0,0,False,False,False,Clear,0
2015,7,19,11,Sunday,At/near private drive,Thru lane,SMV unattended vehicle,Daylight,Municipal (excl. Twp. Rd.),No control,unknown,0,0,0,False,False,False,Clear,0
2015,7,19,17,Sunday,At/near private drive,Thru lane,Turning movement,Daylight,Municipal (excl. Twp. Rd.),Stop sign,Functioning,0,0,0,False,False,False,Clear,0
2015,7,20,9,Monday,Intersection related,Other,SMV other,Daylight,Municipal (excl. Twp. Rd.),No control,unknown,0,0,0,False,True,False,Clear,1
2015,7,19,21,Sunday,Non intersection,Thru lane,SMV unattended vehicle,"Dark, artificial",Municipal (excl. Twp. Rd.),No control,unknown,0,0,0,False,False,False,Rain,0
2015,7,20,9,Monday,Non intersection,Left shoulder,SMV other,Daylight,Municipal (excl. Twp. Rd.),No control,unknown,0,0,0,False,False,False,Clear,0
2015,7,20,8,Monday,At/near private drive,Thru lane,Other,Daylight,Municipal (excl. Twp. Rd.),No control,unknown,0,0,0,False,False,False,Clear,0
2015,7,20,8,Monday,At intersection,Within intersection,Turning movement,Daylight,Municipal (excl. Twp. Rd.),Stop sign,Functioning,0,0,0,False,False,False,Clear,0
2015,7,20,11,Monday,At/near private drive,Thru lane,SMV unattended vehicle,Daylight,Municipal (excl. Twp. Rd.),No control,unknown,0,0,0,False,False,False,Clear,0
2015,7,20,22,Monday,At/near private drive,Thru lane,SMV unattended vehicle,"Dark, artificial",Municipal (excl. Twp. Rd.),No control,unknown,0,0,0,False,False,False,Clear,0
2015,7,21,12,Tuesday,At/near private drive,Thru lane,Other,Daylight,Municipal (excl. Twp. Rd.),No control,unknown,0,0,0,False,False,False,Clear,0
2015,7,22,9,Wednesday,Non intersection,Thru lane,Sideswipe,Daylight,Regional municipality,No control,unknown,0,0,0,False,False,False,Clear,0
2015,7,22,13,Wednesday,At/near private drive,Right shoulder,SMV other,Daylight,Municipal (excl. Twp. Rd.),No control,unknown,0,0,0,False,False,False,Clear,0
2015,7,22,21,Wednesday,At intersection,Within intersection,Angle,"Dusk, artificial",Regional municipality,Traffic signal,Functioning,0,0,0,False,False,False,Clear,1
2015,7,23,16,Thursday,At/near private drive,Right shoulder,SMV unattended vehicle,Daylight,Municipal (excl. Twp. Rd.),No control,unknown,0,0,0,False,False,False,Clear,0
2015,7,23,15,Thursday,Non intersection,Thru lane,Rear end,Daylight,Regional municipality,No control,unknown,0,0,0,False,False,False,Clear,0
2015,7,24,0,Friday,Intersection related,Not on roadway - left side,SMV other,"Dark, artificial",Municipal (excl. Twp. Rd.),No control,unknown,0,0,0,False,False,False,Clear,0
2015,7,24,10,Friday,At/near private drive,Thru lane,Turning movement,Daylight,Regional municipality,Stop sign,Functioning,0,0,0,False,False,False,Clear,1
2015,7,24,12,Friday,Non intersection,Thru lane,SMV unattended vehicle,Daylight,Municipal (excl. Twp. Rd.),No control,unknown,0,0,0,False,False,False,Clear,0