ACCIDENT_YEAR,ACCIDENT_MONTH,ACCIDENT_DAY,ACCIDENT_HOUR,ACCIDENT_WEEKDAY,ACCIDENTLOCATION,IMPACTLOCATION,INITIALIMPACTTYPE,LIGHT,ROADJURISDICTION,TRAFFICCONTROL,TRAFFICCONTROLCONDITION,THRULANENO,NORTHBOUNDDISOBEYCOUNT,SOUTHBOUNDDISOBEYCOUNT,PEDESTRIANINVOLVED,CYCLISTINVOLVED,MOTORCYCLISTINVOLVED,ENVIRONMENTCONDITION1,injury
2016,1,23,12,Saturday,At/near private drive,Thru lane,Turning movement,Daylight,Municipal (excl. Twp. Rd.),No control,unknown,0,0,0,False,False,False,Clear,0
2016,1,23,13,Saturday,Intersection related,Thru lane,Rear end,Daylight,Municipal (excl. Twp. Rd.),Traffic signal,Functioning,0,0,0,False,False,False,Clear,0
2016,1,23,16,Saturday,Non intersection,Thru lane,SMV unattended vehicle,Daylight,Municipal (excl. Twp. Rd.),No control,unknown,0,0,0,False,False,False,Clear,0
2016,1,25,12,Monday,Non intersection,Thru lane,Rear end,Daylight,Regional municipality,No control,unknown,0,0,0,False,False,False,Clear,0
2016,1,25,15,Monday,Other,Other,SMV other,Daylight,Private property,No control,unknown,0,0,0,True,False,False,Clear,1
2016,1,24,17,Sunday,At/near private drive,Thru lane,SMV unattended vehicle,Daylight,Municipal (excl. Twp. Rd.),No control,unknown,0,0,0,False,False,False,Clear,0
2016,1,26,8,Tuesday,At/near private drive,Thru lane,Turning movement,Daylight,Municipal (excl. Twp. Rd.),No control,unknown,0,0,0,False,False,False,Clear,0
2016,1,25,19,Monday,Non intersection,Thru lane,SMV unattended vehicle,Dark,Municipal (excl. Twp. Rd.),No control,unknown,0,0,0,False,False,False,Clear,0
2016,1,26,17,Tuesday,Non intersection,Not on roadway - right side,SMV other,Daylight,Municipal (excl. Twp. Rd.),No control,unknown,0,0,0,False,False,False,Clear,0
2016,1,27,8,Wednesday,At intersection,Within intersection,Turning movement,Daylight,Municipal (excl. Twp. Rd.),Stop sign,Functioning,0,0,0,False,False,False,Snow,0
2016,1,27,14,Wednesday,Intersection related,Not on roadway - left side,SMV other,Daylight,Municipal (excl. Twp. Rd.),No control,unknown,0,0,0,False,False,False,Clear,0
2016,1,27,15,Wednesday,At/near private drive,Thru lane,Turning movement,Dusk,Regional municipality,No control,unknown,0,0,0,False,False,False,Clear,0
2016,1,28,7,Thursday,Intersection related,Thru lane,Sideswipe,Daylight,Regional municipality,No control,unknown,0,0,0,False,False,False,Clear,0
2016,1,28,13,Thursday,At/near private drive,Thru lane,Turning movement,Daylight,Municipal (excl. Twp. Rd.),No control,unknown,0,0,0,False,False,False,Clear,0
2016,1,27,15,Wednesday,Other,Off highway,SMV unattended vehicle,Daylight,Private property,No control,unknown,0,0,0,False,False,False,Clear,0
2016,1,28,14,Thursday,Non intersection,Thru lane,Sideswipe,Daylight,Regional municipality,No control,unknown,0,0,0,False,False,False,Snow,0
2016,1,28,17,Thursday,Intersection related,Thru lane,Rear end,"Dusk, artificial",Municipal (excl. Twp. Rd.),Stop sign,Functioning,0,0,0,False,False,False,Snow,0
2016,1,28,17,Thursday,Non intersection,Not on roadway - right side,SMV other,"Dark, artificial",Municipal (excl. Twp. Rd.),No control,unknown,0,0,0,False,False,False,Snow,0
2016,1,28,18,Thursday,At intersection,Within intersection,Turning movement,"Dark, artificial",Municipal (excl. Twp. Rd.),Stop sign,Functioning,0,0,0,False,False,False,Snow,1
2016,1,28,19,Thursday,Non intersection,Thru lane,Approaching,Dark,Municipal (excl. Twp. Rd.),No control,unknown,0,0,0,False,False,False,Snow,1
2016,1,29,7,Friday,At/near private drive,Thru lane,Other,Daylight,Municipal (excl. Twp. Rd.),No control,unknown,0,0,0,False,False,False,Clear,0
2016,1,28,19,Thursday,Non intersection,Right shoulder,SMV unattended vehicle,Dark,Municipal (excl. Twp. Rd.),No control,unknown,0,0,0,False,False,False,Snow,0
2016,1,28,17,Thursday,Non intersection,Thru lane,Angle,Dark,Municipal (excl. Twp. Rd.),No control,unknown,0,0,0,False,False,False,Snow,0
2016,1,30,8,Saturday,Non intersection,Thru lane,SMV unattended vehicle,Daylight,Municipal (excl. Twp. Rd.),No control,unknown,0,0,0,False,False,False,Clear,0
2016,1,23,17,Saturday,At/near private drive,Left shoulder,SMV unattended vehicle,Dusk,Municipal (excl. Twp. Rd.),No control,unknown,0,0,0,False,False,False,Clear,0
2016,1,30,12,Saturday,At/near private drive,Thru lane,Angle,Daylight,Regional municipality,Stop sign,Functioning,0,0,0,False,False,False,Clear,0
2016,1,29,17,Friday,At/near private drive,Right shoulder,SMV unattended vehicle,Daylight,Municipal (excl. Twp. Rd.),No control,unknown,0,0,0,False,False,False,Clear,0
2016,1,31,15,Sunday,Non intersection,Thru lane,SMV unattended vehicle,Daylight,Municipal (excl. Twp. Rd.),No control,unknown,0,0,0,False,False,False,Rain,0
2016,1,31,18,Sunday,At intersection,Within intersection,SMV other,Dusk,Municipal (excl. Twp. Rd.),Stop sign,Functioning,0,0,0,True,False,False,Clear,1
2016,2,1,8,Monday,Non intersection,Right shoulder,SMV other,Daylight,Municipal (excl. Twp. Rd.),Traffic signal,Functioning,0,0,0,False,False,False,Clear,0
2016,1,30,19,Saturday,Non intersection,Thru lane,SMV unattended vehicle,"Dusk, artificial",Municipal (excl. Twp. Rd.),No control,unknown,0,0,0,False,False,False,Clear,0
2016,2,1,16,Monday,At intersection,Within intersection,Angle,Daylight,Municipal (excl. Twp. Rd.),Yield sign,Functioning,0,0,0,False,False,False,Clear,0
2016,2,2,7,Tuesday,At intersection,Within intersection,Angle,Daylight,Regional municipality,Traffic signal,Functioning,0,0,1,False,False,False,Clear,0
2016,2,2,13,Tuesday,Non intersection,Thru lane,SMV unattended vehicle,Daylight,Regional municipality,No control,unknown,0,0,0,False,False,False,Clear,0
2016,2,4,12,Thursday,At/near private drive,Thru lane,SMV unattended vehicle,Daylight,Municipal (excl. Twp. Rd.),No control,unknown,0,0,0,False,False,False,Clear,0
2016,2,4,18,Thursday,At intersection,Within intersection,Turning movement,"Dusk, artificial",Municipal (excl. Twp. Rd.),Stop sign,Functioning,0,0,0,False,False,False,Clear,0
2016,2,4,20,Thursday,At intersection,Within intersection,SMV other,Dark,Municipal (excl. Twp. Rd.),Stop sign,Functioning,0,0,0,False,False,False,Clear,0
2016,2,4,16,Thursday,At/near private drive,Thru lane,Turning movement,Daylight,Municipal (excl. Twp. Rd.),No control,unknown,0,0,0,False,False,False,Clear,0
2016,2,3,17,Wednesday,Intersection related,Left turn lane,Rear end,Daylight,Municipal (excl. Twp. Rd.),Traffic signal,Functioning,0,0,0,False,False,False,Clear,0
2016,2,5,15,Friday,At intersection,Within intersection,Turning movement,Daylight,Regional municipality,Stop sign,Functioning,0,0,0,False,False,False,Clear,0
2016,2,5,18,Friday,At intersection,Within intersection,Turning movement,Dark,Municipal (excl. Twp. Rd.),Traffic signal,Functioning,0,0,0,False,False,False,Clear,1
2016,1,19,16,Tuesday,At/near private drive,Thru lane,SMV unattended vehicle,Daylight,Municipal (excl. Twp. Rd.),No control,unknown,0,0,0,False,False,False,Snow,0
2016,2,7,21,Sunday,At intersection,Within intersection,Angle,Dark,Municipal (excl. Twp. Rd.),Stop sign,Functioning,0,0,1,False,False,False,Clear,1
2016,2,7,16,Sunday,Intersection related,Thru lane,Rear end,Daylight,Regional municipality,Traffic signal,Functioning,0,0,0,False,False,False,Clear,1
2016,2,8,8,Monday,Non intersection,Off highway,SMV other,Dawn,Municipal (excl. Twp. Rd.),No control,unknown,0,0,0,False,False,False,Clear,0
2016,2,8,9,Monday,Non intersection,Thru lane,SMV other,Daylight,Municipal (excl. Twp. Rd.),Other,Functioning,0,0,0,True,False,False,Clear,1
2016,2,9,2,Tuesday,Non intersection,Off highway,SMV other,Dark,Municipal (excl. Twp. Rd.),No control,unknown,0,0,0,False,False,False,Snow,0
2016,2,9,8,Tuesday,At intersection,Within intersection,Angle,Daylight,Municipal (excl. Twp. Rd.),Stop sign,Functioning,0,0,0,False,False,False,Clear,1
2016,2,9,13,Tuesday,At/near private drive,Thru lane,Turning movement,Daylight,Municipal (excl. Twp. Rd.),No control,unknown,0,0,0,False,False,False,Clear,0
2016,2,9,7,Tuesday,Intersection related,Thru lane,Rear end,Daylight,Regional municipality,Traffic signal,Functioning,0,0,0,False,False,False,Clear,0
2016,2,10,3,Wednesday,Non intersection,Thru lane,SMV other,"Dark, artificial",Regional municipality,Stop sign,Functioning,0,0,0,False,False,False,Snow,0
2016,2,9,9,Tuesday,At/near private drive,Thru lane,Other,Daylight,Municipal (excl. Twp. Rd.),No control,unknown,0,0,0,False,False,False,Clear,0
2016,2,10,10,Wednesday,Non intersection,Thru lane,Rear end,Daylight,Municipal (excl. Twp. Rd.),No control,unknown,0,0,0,False,False,False,Snow,0
2016,2,10,12,Wednesday,At/near private drive,Thru lane,Rear end,Daylight,Regional municipality,No control,unknown,0,0,0,False,False,False,Snow,0
2015,11,15,14,Sunday,Non intersection,Thru lane,Rear end,Daylight,Regional municipality,No control,unknown,0,0,0,False,False,False,Clear,0
2016,2,10,15,Wednesday,Non intersection,Not on roadway - right side,SMV other,Daylight,Municipal (excl. Twp. Rd.),No control,unknown,0,0,0,False,False,False,Snow,0
2016,2,10,18,Wednesday,At intersection,Within intersection,Angle,Dark,Municipal (excl. Twp. Rd.),Stop sign,Functioning,0,0,0,False,False,False,Snow,0
2016,2,11,5,Thursday,Non intersection,Not on roadway - right side,SMV other,"Dark, artificial",Municipal (excl. Twp. Rd.),Stop sign,Functioning,0,0,0,False,False,False,Clear,0
2016,2,11,9,Thursday,At intersection,Within intersection,Turning movement,Daylight,Regional municipality,Traffic signal,Functioning,0,0,0,False,False,False,Clear,1
2016,2,11,10,Thursday,At intersection,Within intersection,SMV other,Daylight,Regional municipality,Traffic signal,Functioning,0,0,0,True,False,False,Clear,1
2016,2,11,11,Thursday,Intersection related,Not on roadway - right side,SMV other,Daylight,Municipal (excl. Twp. Rd.),No control,unknown,0,0,0,False,False,False,Clear,0
2016,2,11,11,Thursday,Non intersection,Right shoulder,SMV unattended vehicle,Daylight,Municipal (excl. Twp. Rd.),No control,unknown,0,0,0,False,False,False,Clear,0
2016,2,11,11,Thursday,Non intersection,Thru lane,Approaching,Daylight,Municipal (excl. Twp. Rd.),No control,unknown,0,0,0,False,False,False,Clear,0
2016,2,6,19,Saturday,At/near private drive,Thru lane,SMV unattended vehicle,Dark,Municipal (excl. Twp. Rd.),No control,unknown,0,0,0,False,False,False,Clear,0
2016,2,11,13,Thursday,At intersection,Within intersection,Turning movement,Daylight,Municipal (excl. Twp. Rd.),Stop sign,Functioning,0,0,0,False,False,False,Clear,1
2016,2,11,13,Thursday,At/near private drive,Thru lane,Other,Daylight,Private property,No control,unknown,0,0,0,False,False,False,Clear,0
2016,2,11,16,Thursday,At/near private drive,Thru lane,SMV unattended vehicle,Dark,Municipal (excl. Twp. Rd.),No control,unknown,0,0,0,False,False,False,Clear,0
2016,2,11,17,Thursday,Non intersection,Thru lane,Rear end,Dusk,Municipal (excl. Twp. Rd.),No control,unknown,0,0,0,False,False,False,Clear,0
2016,2,12,16,Friday,At/near private drive,Thru lane,Turning movement,Daylight,Municipal (excl. Twp. Rd.),No control,unknown,0,0,0,False,False,False,Snow,0
2016,2,12,16,Friday,Non intersection,Not on roadway - right side,SMV other,Daylight,Municipal (excl. Twp. Rd.),No control,unknown,0,0,0,False,False,False,Drifting Snow,0
2016,2,12,19,Friday,Overpass or bridge,Thru lane,SMV other,Dark,Municipal (excl. Twp. Rd.),No control,unknown,0,0,0,False,False,False,Clear,0
2016,2,12,21,Friday,At/near private drive,Thru lane,Turning movement,Dark,Municipal (excl. Twp. Rd.),No control,unknown,0,0,0,False,False,False,Clear,1
2016,2,13,14,Saturday,Intersection related,Thru lane,Rear end,Daylight,Municipal (excl. Twp. Rd.),Traffic signal,Functioning,0,0,0,False,False,False,Clear,0
2016,2,14,15,Sunday,At/near private drive,Thru lane,Turning movement,Daylight,Municipal (excl. Twp. Rd.),Stop sign,Functioning,0,0,0,False,False,False,Clear,0
2016,2,14,23,Sunday,Non intersection,Thru lane,SMV unattended vehicle,"Daylight, artificial",Municipal (excl. Twp. Rd.),No control,unknown,0,0,0,False,False,False,Clear,1
2016,2,15,10,Monday,Non intersection,Right shoulder,SMV unattended vehicle,Daylight,Regional municipality,No control,unknown,0,0,0,False,False,False,Snow,0
2016,2,14,16,Sunday,At intersection,Within intersection,Turning movement,Daylight,Municipal (excl. Twp. Rd.),Stop sign,Functioning,0,0,0,False,False,False,Clear,0
2016,2,16,1,Tuesday,Intersection related,Not on roadway - right side,SMV other,"Dark, artificial",Municipal (excl. Twp. Rd.),Traffic signal,Functioning,0,0,0,False,False,False,"Fog, mist, smoke, dust",0
2016,2,16,8,Tuesday,Non intersection,Not on roadway - left side,SMV other,Daylight,Municipal (excl. Twp. Rd.),Ped. crossover,Functioning,0,0,0,False,False,False,Snow,0
2016,2,12,21,Friday,At/near private drive,Thru lane,SMV unattended vehicle,"Dark, artificial",Municipal (excl. Twp. Rd.),No control,unknown,0,0,0,False,False,False,Clear,0
2016,2,16,12,Tuesday,Non intersection,Not on roadway - left side,SMV other,Daylight,Municipal (excl. Twp. Rd.),No control,unknown,0,0,0,False,False,False,Snow,0
2016,2,17,0,Wednesday,At intersection,Within intersection,SMV other,"Dusk, artificial",Municipal (excl. Twp. Rd.),No control,unknown,0,0,0,False,False,False,Snow,0
2016,2,17,8,Wednesday,Non intersection,Right shoulder,SMV other,Daylight,Regional municipality,No control,unknown,0,0,0,False,False,False,Clear,0
2016,2,17,10,Wednesday,Intersection related,Thru lane,Rear end,Daylight,Municipal (excl. Twp. Rd.),Traffic signal,Functioning,0,0,0,False,False,False,Clear,0
2016,2,16,21,Tuesday,Non intersection,Not on roadway - right side,SMV other,"Dark, artificial",Municipal (excl. Twp. Rd.),No control,unknown,0,0,0,False,False,False,Clear,0
2016,2,10,8,Wednesday,Intersection related,Thru lane,Turning movement,Daylight,Municipal (excl. Twp. Rd.),Stop sign,Functioning,0,0,0,False,False,False,Clear,0
2016,2,18,8,Thursday,Intersection related,Thru lane,Rear end,Daylight,Municipal (excl. Twp. Rd.),Traffic signal,Functioning,0,0,0,False,False,False,Clear,0
2016,2,15,19,Monday,Non intersection,Thru lane,SMV unattended vehicle,"Dark, artificial",Municipal (excl. Twp. Rd.),No control,unknown,0,0,0,False,False,False,Clear,0
2016,2,19,9,Friday,Non intersection,Thru lane,Rear end,Daylight,Municipal (excl. Twp. Rd.),No control,unknown,0,0,0,False,False,False,Clear,0
2016,2,19,14,Friday,At/near private drive,Thru lane,Angle,Daylight,Municipal (excl. Twp. Rd.),Stop sign,Functioning,0,0,0,False,False,False,Clear,0
2016,2,19,3,Friday,Other,Off highway,SMV unattended vehicle,Dark,Private property,No control,unknown,0,0,0,False,False,False,Clear,0
2016,2,20,3,Saturday,Non intersection,Right shoulder,SMV other,Dark,Municipal (excl. Twp. Rd.),No control,unknown,0,0,0,False,False,False,Clear,0
2016,2,20,7,Saturday,Non intersection,Right shoulder,SMV other,Daylight,Municipal (excl. Twp. Rd.),No control,unknown,0,0,0,False,False,False,Clear,0
2016,2,20,19,Saturday,Non intersection,Thru lane,SMV other,"Dark, artificial",Regional municipality,No control,unknown,0,0,0,False,False,False,Clear,0
2016,2,21,10,Sunday,Intersection related,Thru lane,Turning movement,Daylight,Municipal (excl. Twp. Rd.),No control,unknown,0,0,0,False,False,False,Clear,0
2016,2,20,14,Saturday,At/near private drive,Thru lane,SMV unattended vehicle,Daylight,Municipal (excl. Twp. Rd.),No control,unknown,0,0,0,False,False,False,Clear,0
2016,2,21,17,Sunday,At intersection,Within intersection,Turning movement,Daylight,Municipal (excl. Twp. Rd.),Traffic signal,Functioning,0,0,0,False,False,False,Clear,0
2016,2,21,22,Sunday,Non intersection,Not on roadway - right side,SMV other,"Dark, artificial",Municipal (excl. Twp. Rd.),No control,unknown,0,0,0,False,False,False,Clear,1
2016,2,22,4,Monday,Other,Off highway,SMV other,Dawn,Private property,No control,unknown,0,0,0,False,False,False,Clear,0
2016,2,20,12,Saturday,At/near private drive,Thru lane,SMV unattended vehicle,Daylight,Municipal (excl. Twp. Rd.),No control,unknown,0,0,0,False,False,False,Clear,0
2016,2,21,18,Sunday,At/near private drive,Thru lane,SMV unattended vehicle,Dusk,Municipal (excl. Twp. Rd.),No control,unknown,0,0,0,False,False,False,Clear,0
2016,2,24,11,Wednesday,Non intersection,Thru lane,Rear end,Daylight,Municipal (excl. Twp. Rd.),No control,unknown,0,0,0,False,False,False,Freezing Rain,1
2016,2,24,16,Wednesday,Non intersection,Right shoulder,SMV other,Daylight,Municipal (excl. Twp. Rd.),No control,unknown,0,0,0,False,False,False,Freezing Rain,0
2016,2,24,16,Wednesday,Non intersection,Not on roadway - right side,SMV other,Daylight,Municipal (excl. Twp. Rd.),No control,unknown,0,0,0,False,False,False,Rain,1
2016,2,24,19,Wednesday,Non intersection,Thru lane,SMV unattended vehicle,"Dark, artificial",Municipal (excl. Twp. Rd.),No control,unknown,0,0,0,False,False,False,Freezing Rain,0
2016,2,25,4,Thursday,Non intersection,Not on roadway - right side,SMV other,"Dark, artificial",Municipal (excl. Twp. Rd.),No control,unknown,0,0,0,False,False,False,Snow,0
2016,2,25,7,Thursday,At intersection,Within intersection,Angle,Daylight,Municipal (excl. Twp. Rd.),Stop sign,Functioning,0,0,0,False,False,False,Snow,0
2016,2,25,13,Thursday,At intersection,Within intersection,Angle,Daylight,Municipal (excl. Twp. Rd.),Stop sign,Functioning,0,0,0,False,False,False,Clear,0
2016,2,26,8,Friday,Intersection related,Thru lane,Rear end,Daylight,Municipal (excl. Twp. Rd.),Stop sign,Functioning,0,0,0,False,False,False,Clear,0
2016,2,26,12,Friday,At/near private drive,Thru lane,Turning movement,Daylight,Municipal (excl. Twp. Rd.),No control,unknown,0,0,0,False,False,False,Clear,0
2016,2,26,13,Friday,Intersection related,Within intersection,Rear end,Daylight,Regional municipality,Traffic signal,Functioning,0,0,0,False,False,False,Clear,1
2016,2,26,16,Friday,Non intersection,Thru lane,Rear end,"Daylight, artificial",Municipal (excl. Twp. Rd.),No control,unknown,0,0,0,False,False,False,Clear,0
2016,2,26,16,Friday,At intersection,Within intersection,Angle,Daylight,Municipal (excl. Twp. Rd.),Stop sign,Functioning,0,0,0,False,False,False,Clear,0
2016,2,26,20,Friday,Intersection related,Thru lane,Other,Dark,Municipal (excl. Twp. Rd.),No control,unknown,0,0,0,False,False,False,Clear,0
2016,2,26,22,Friday,At intersection,Within intersection,SMV other,Dark,Municipal (excl. Twp. Rd.),Traffic signal,Functioning,0,0,0,True,False,False,Clear,1
2016,2,27,15,Saturday,Other,Off highway,SMV unattended vehicle,Daylight,Private property,No control,unknown,0,0,0,False,False,False,Clear,0
2016,2,28,4,Sunday,Non intersection,Not on roadway - right side,SMV other,"Dark, artificial",Municipal (excl. Twp. Rd.),No control,unknown,0,0,0,False,False,False,Clear,0
2016,2,27,19,Saturday,Non intersection,Thru lane,SMV unattended vehicle,"Dark, artificial",Municipal (excl. Twp. Rd.),No control,unknown,0,0,0,False,False,False,Clear,0
2016,2,28,14,Sunday,At intersection,Within intersection,Turning movement,Daylight,Regional municipality,No control,unknown,0,0,0,False,False,False,Clear,0
2016,2,29,3,Monday,Intersection related,Thru lane,SMV other,Dark,Regional municipality,Traffic signal,Functioning,0,0,0,False,False,False,Clear,0
2016,2,29,8,Monday,At intersection,Within intersection,Turning movement,Daylight,Municipal (excl. Twp. Rd.),Stop sign,Functioning,0,0,0,False,False,False,Clear,1
2016,2,29,11,Monday,At/near private drive,Left turn lane,Turning movement,Daylight,Municipal (excl. Twp. Rd.),No control,unknown,0,0,0,False,False,False,Clear,0
2016,2,29,15,Monday,Non intersection,Thru lane,SMV unattended vehicle,Daylight,Municipal (excl. Twp. Rd.),No control,unknown,0,0,0,False,False,False,Clear,1
2016,2,29,13,Monday,Non intersection,Thru lane,Rear end,Daylight,Municipal (excl. Twp. Rd.),No control,unknown,0,0,0,False,False,False,Clear,0
2016,3,1,12,Tuesday,At intersection,Within intersection,Angle,Daylight,Municipal (excl. Twp. Rd.),Stop sign,Functioning,0,0,0,False,False,False,Drifting Snow,0
2016,3,1,13,Tuesday,At/near private drive,Thru lane,Turning movement,Daylight,Municipal (excl. Twp. Rd.),No control,unknown,0,0,0,False,False,False,Strong wind,0
2016,3,1,17,Tuesday,At/near private drive,Thru lane,SMV other,Daylight,Municipal (excl. Twp. Rd.),No control,unknown,0,0,0,False,False,False,Snow,0
2016,3,1,18,Tuesday,Non intersection,Not on roadway - right side,SMV unattended vehicle,Daylight,Regional municipality,No control,unknown,0,0,0,False,False,False,Snow,0
2016,3,2,8,Wednesday,Non intersection,Not on roadway - right side,SMV other,"Dark, artificial",Municipal (excl. Twp. Rd.),No control,unknown,0,0,0,False,False,False,Snow,0
2016,3,2,9,Wednesday,At intersection,Not on roadway - right side,SMV other,Daylight,Municipal (excl. Twp. Rd.),Stop sign,Functioning,0,0,0,False,False,False,Clear,0
2016,3,2,15,Wednesday,At/near private drive,Thru lane,Angle,Daylight,Municipal (excl. Twp. Rd.),No control,unknown,0,0,0,False,False,False,Snow,0
2016,3,2,18,Wednesday,At intersection,Within intersection,SMV other,Dusk,Regional municipality,Traffic signal,Functioning,0,0,0,True,False,False,Clear,1
2016,3,2,20,Wednesday,At/near private drive,Thru lane,Turning movement,"Dark, artificial",Regional municipality,No control,unknown,0,0,0,False,False,False,Clear,0
2016,3,3,9,Thursday,Intersection related,Thru lane,Turning movement,Daylight,Municipal (excl. Twp. Rd.),Stop sign,Functioning,0,0,0,False,False,False,Clear,0
2016,3,3,9,Thursday,At/near private drive,Thru lane,Other,Daylight,Municipal (excl. Twp. Rd.),No control,unknown,0,0,0,False,False,False,Clear,0
2016,3,3,15,Thursday,Non intersection,Right shoulder,SMV unattended vehicle,Daylight,Municipal (excl. Twp. Rd.),No control,unknown,0,0,0,False,False,False,Clear,0
2016,3,4,2,Friday,Non intersection,Left shoulder,SMV other,"Dark, artificial",Municipal (excl. Twp. Rd.),No control,unknown,0,0,0,False,False,False,Clear,0
2016,3,4,14,Friday,At intersection,Within intersection,Turning movement,Daylight,Regional municipality,Stop sign,Functioning,0,0,0,False,False,False,Clear,1
2016,3,4,17,Friday,At/near private drive,Thru lane,Turning movement,Daylight,Regional municipality,No control,unknown,0,0,0,False,False,False,Clear,0
2016,3,5,0,Saturday,At/near private drive,Right shoulder,SMV unattended vehicle,Dark,Municipal (excl. Twp. Rd.),No control,unknown,0,0,0,False,False,False,Clear,0
2016,3,5,14,Saturday,Non intersection,Right shoulder,Turning movement,Daylight,Municipal (excl. Twp. Rd.),No control,unknown,0,0,0,False,False,False,Clear,0
2016,3,4,17,Friday,Intersection related,Thru lane,Rear end,Daylight,Municipal (excl. Twp. Rd.),Stop sign,Functioning,0,0,0,False,False,False,Clear,1
2016,3,5,17,Saturday,Non intersection,Not on roadway - right side,SMV other,Dusk,Municipal (excl. Twp. Rd.),No control,unknown,0,0,0,False,False,False,Clear,0
2016,3,5,14,Saturday,Non intersection,Thru lane,SMV unattended vehicle,Daylight,Municipal (excl. Twp. Rd.),No control,unknown,0,0,0,False,False,False,Clear,0
2016,3,6,23,Sunday,Non intersection,Thru lane,SMV unattended vehicle,Dusk,Municipal (excl. Twp. Rd.),No control,unknown,0,0,0,False,False,False,Clear,0
2016,3,7,8,Monday,At intersection,Within intersection,Turning movement,Daylight,Municipal (excl. Twp. Rd.),Stop sign,Functioning,0,0,0,False,False,False,Clear,0
2016,3,7,11,Monday,At/near private drive,Thru lane,SMV unattended vehicle,Daylight,Municipal (excl. Twp. Rd.),No control,unknown,0,0,0,False,False,False,Clear,0
2016,3,7,10,Monday,At/near private drive,Thru lane,Turning movement,Daylight,Municipal (excl. Twp. Rd.),No control,unknown,0,0,0,False,False,False,Clear,0
2016,3,7,16,Monday,Non intersection,Right shoulder,SMV unattended vehicle,Daylight,Municipal (excl. Twp. Rd.),No control,unknown,0,0,0,False,False,False,Clear,0
2016,3,7,19,Monday,At/near private drive,Thru lane,SMV unattended vehicle,Dark,Municipal (excl. Twp. Rd.),No control,unknown,0,0,0,False,False,False,Clear,0
2016,3,8,0,Tuesday,Intersection related,Thru lane,Rear end,"Dark, artificial",Regional municipality,Traffic signal,Functioning,0,0,0,False,False,False,Clear,0
2016,3,8,7,Tuesday,Intersection related,Thru lane,Rear end,Daylight,Regional municipality,No control,unknown,0,0,0,False,False,False,Clear,0
2016,3,2,13,Wednesday,Non intersection,Thru lane,Rear end,Daylight,Municipal (excl. Twp. Rd.),No control,unknown,0,0,0,False,False,False,Clear,1
2016,3,9,8,Wednesday,At/near private drive,Thru lane,SMV unattended vehicle,Daylight,Municipal (excl. Twp. Rd.),No control,unknown,0,0,0,False,False,False,Clear,0
2016,3,10,9,Thursday,At/near private drive,Right shoulder,SMV unattended vehicle,Daylight,Municipal (excl. Twp. Rd.),Stop sign,Functioning,0,0,0,False,False,False,Rain,0
2016,3,8,17,Tuesday,Non intersection,Thru lane,Rear end,Daylight,Regional municipality,Traffic signal,Functioning,0,0,0,False,False,False,Clear,0
2016,3,11,10,Friday,At/near private drive,Thru lane,Turning movement,Daylight,Municipal (excl. Twp. Rd.),No control,unknown,0,0,0,False,False,False,Clear,0
2016,3,10,11,Thursday,At/near private drive,Thru lane,Other,Dark,Municipal (excl. Twp. Rd.),No control,unknown,0,0,0,False,False,False,Clear,0
2016,3,11,16,Friday,At/near private drive,Left turn lane,Turning movement,Daylight,Municipal (excl. Twp. Rd.),No control,unknown,0,0,0,False,False,False,Clear,0
2016,3,12,0,Saturday,Intersection related,Thru lane,Rear end,Dark,Regional municipality,Traffic signal,Functioning,0,0,0,False,False,False,Clear,1
2016,3,12,14,Saturday,At/near private drive,Left turn lane,Turning movement,Daylight,Municipal (excl. Twp. Rd.),Stop sign,Functioning,0,0,0,False,False,False,Clear,0
2016,2,25,8,Thursday,Non intersection,Not on roadway - right side,SMV other,Daylight,Municipal (excl. Twp. Rd.),Stop sign,Functioning,0,0,0,False,False,False,Clear,0
2016,3,15,3,Tuesday,Non intersection,Thru lane,SMV other,"Dark, artificial",Municipal (excl. Twp. Rd.),No control,unknown,0,0,0,False,False,False,Rain,0
2016,3,15,11,Tuesday,At/near private drive,Thru lane,Turning movement,Daylight,Regional municipality,Stop sign,Functioning,0,0,0,False,False,False,Clear,0
2016,3,15,15,Tuesday,Intersection related,Thru lane,Turning movement,Daylight,Municipal (excl. Twp. Rd.),Stop sign,Functioning,0,0,0,False,False,False,Clear,1
2016,3,16,9,Wednesday,At/near private drive,Not on roadway - left side,SMV other,Daylight,Municipal (excl. Twp. Rd.),No control,unknown,0,0,0,True,False,False,Clear,1
2016,3,16,18,Wednesday,Non intersection,Right shoulder,SMV unattended vehicle,Daylight,Municipal (excl. Twp. Rd.),No control,unknown,0,0,0,False,False,False,Rain,0
2016,3,17,12,Thursday,At/near private drive,Thru lane,Turning movement,Daylight,Regional municipality,No control,unknown,0,0,0,False,False,False,Clear,0
2016,3,17,15,Thursday,At intersection,Within intersection,Turning movement,Daylight,Municipal (excl. Twp. Rd.),Stop sign,Functioning,0,0,0,False,False,False,Clear,0
2016,3,16,20,Wednesday,Non intersection,Thru lane,SMV unattended vehicle,"Dark, artificial",Municipal (excl. Twp. Rd.),No control,unknown,0,0,0,False,False,False,Clear,0
2016,3,17,16,Thursday,Non intersection,Thru lane,Sideswipe,Daylight,Municipal (excl. Twp. Rd.),No control,unknown,0,0,0,False,False,False,Clear,0