ACCIDENT_YEAR,ACCIDENT_MONTH,ACCIDENT_DAY,ACCIDENT_HOUR,ACCIDENT_WEEKDAY,ACCIDENTLOCATION,IMPACTLOCATION,INITIALIMPACTTYPE,LIGHT,ROADJURISDICTION,TRAFFICCONTROL,TRAFFICCONTROLCONDITION,THRULANENO,NORTHBOUNDDISOBEYCOUNT,SOUTHBOUNDDISOBEYCOUNT,PEDESTRIANINVOLVED,CYCLISTINVOLVED,MOTORCYCLISTINVOLVED,ENVIRONMENTCONDITION1,injury
2016,10,18,16,Tuesday,Non intersection,Thru lane,Rear end,Daylight,Municipal (excl. Twp. Rd.),Stop sign,Functioning,0,0,0,False,False,False,Clear,0
2016,10,19,10,Wednesday,At/near private drive,Thru lane,SMV unattended vehicle,Daylight,Municipal (excl. Twp. Rd.),No control,unknown,0,0,0,False,False,False,Clear,0
2016,10,19,15,Wednesday,At intersection,Within intersection,Angle,Daylight,Municipal (excl. Twp. Rd.),Stop sign,Functioning,0,1,0,False,False,False,Clear,1
2016,10,19,17,Wednesday,At intersection,Within intersection,Turning movement,Daylight,Municipal (excl. Twp. Rd.),Stop sign,Functioning,0,0,0,False,False,False,Clear,1
2016,10,19,16,Wednesday,Non intersection,Thru lane,Turning movement,Daylight,Municipal (excl. Twp. Rd.),No control,unknown,0,0,0,False,False,False,Clear,0
2016,10,20,14,Thursday,At intersection,Within intersection,Angle,Daylight,Municipal (excl. Twp. Rd.),Stop sign,Functioning,0,0,0,False,False,False,Rain,1
2016,10,20,17,Thursday,At intersection,Within intersection,SMV other,Daylight,Regional municipality,Traffic signal,Functioning,0,0,0,True,False,False,Rain,1
2016,10,20,16,Thursday,At/near private drive,Thru lane,Turning movement,Daylight,Regional municipality,No control,unknown,0,0,0,False,False,False,Rain,0
2016,10,20,18,Thursday,At/near private drive,Thru lane,SMV unattended vehicle,Daylight,Municipal (excl. Twp. Rd.),No control,unknown,0,0,0,False,False,False,Clear,0
2016,10,20,19,Thursday,Intersection related,Thru lane,Rear end,Dark,Municipal (excl. Twp. Rd.),Stop sign,Functioning,0,0,0,False,False,False,Rain,0
2016,10,21,7,Friday,Non intersection,Thru lane,SMV unattended vehicle,"Dark, artificial",Municipal (excl. Twp. Rd.),No control,unknown,0,0,0,False,False,False,Rain,0
2016,10,21,7,Friday,At intersection,Within intersection,SMV other,"Daylight, artificial",Regional municipality,Stop sign,Functioning,0,0,0,True,False,False,Rain,1
2016,10,22,12,Saturday,At intersection,Within intersection,Turning movement,Daylight,Regional municipality,Stop sign,Functioning,0,0,0,False,False,False,Clear,0
2016,10,22,15,Saturday,Intersection related,Thru lane,Rear end,Daylight,Regional municipality,No control,unknown,0,0,0,False,False,False,Clear,1
2016,10,22,16,Saturday,At/near private drive,Thru lane,Turning movement,Daylight,Municipal (excl. Twp. Rd.),Stop sign,Functioning,0,0,0,False,False,False,Clear,0
2016,10,22,23,Saturday,Non intersection,Thru lane,SMV unattended vehicle,Dark,Municipal (excl. Twp. Rd.),No control,unknown,0,0,0,False,False,False,Clear,0
2016,10,21,20,Friday,Non intersection,Thru lane,SMV unattended vehicle,Dark,Municipal (excl. Twp. Rd.),No control,unknown,0,0,0,False,False,False,Clear,0
2016,10,23,14,Sunday,At/near private drive,Thru lane,Other,Daylight,Municipal (excl. Twp. Rd.),No control,unknown,0,0,0,False,False,False,Clear,0
2016,10,24,16,Monday,At/near private drive,Thru lane,SMV unattended vehicle,Daylight,Municipal (excl. Twp. Rd.),No control,unknown,0,0,0,False,False,False,Clear,0
2016,10,23,18,Sunday,Non intersection,Thru lane,SMV unattended vehicle,"Dark, artificial",Municipal (excl. Twp. Rd.),No control,unknown,0,0,0,False,False,False,Clear,0
2016,10,25,6,Tuesday,At intersection,Within intersection,Turning movement,"Dawn, artificial",Municipal (excl. Twp. Rd.),Stop sign,Functioning,0,0,0,False,False,False,Clear,0
2016,10,25,15,Tuesday,Intersection related,Thru lane,SMV other,Daylight,Municipal (excl. Twp. Rd.),Stop sign,Functioning,0,0,0,False,False,False,Clear,0
2016,10,26,7,Wednesday,At/near private drive,Thru lane,Turning movement,Daylight,Municipal (excl. Twp. Rd.),No control,unknown,0,0,0,False,False,False,Clear,0
2016,10,26,8,Wednesday,Other,Not on roadway - left side,SMV other,Daylight,Municipal (excl. Twp. Rd.),No control,unknown,0,0,0,False,False,False,Clear,1
2016,10,26,10,Wednesday,Non intersection,Thru lane,Rear end,Daylight,Regional municipality,No control,unknown,0,0,0,False,False,False,Clear,0
2016,10,26,12,Wednesday,At intersection,Within intersection,Angle,Daylight,Municipal (excl. Twp. Rd.),Stop sign,Functioning,0,0,0,False,False,False,Clear,0
2016,10,25,20,Tuesday,Non intersection,Right shoulder,SMV other,Dark,Regional municipality,No control,unknown,0,0,0,False,False,False,Clear,0
2016,10,26,7,Wednesday,Non intersection,Thru lane,SMV unattended vehicle,Daylight,Municipal (excl. Twp. Rd.),No control,unknown,0,0,0,False,False,False,Clear,0
2016,10,27,8,Thursday,At/near private drive,Right shoulder,SMV unattended vehicle,Dark,Municipal (excl. Twp. Rd.),No control,unknown,0,0,0,False,False,False,Rain,0
2016,10,27,8,Thursday,At intersection,Within intersection,Turning movement,Daylight,Municipal (excl. Twp. Rd.),Stop sign,Functioning,0,0,0,False,False,False,Rain,1
2016,10,25,19,Tuesday,Non intersection,Thru lane,SMV unattended vehicle,"Dark, artificial",Municipal (excl. Twp. Rd.),No control,unknown,0,0,0,False,False,False,Clear,0
2016,10,26,8,Wednesday,At/near private drive,Thru lane,SMV unattended vehicle,Daylight,Regional municipality,No control,unknown,0,0,0,False,False,False,Clear,0
2016,10,27,12,Thursday,Intersection related,Not on roadway - right side,SMV other,Daylight,Municipal (excl. Twp. Rd.),No control,unknown,0,0,0,False,False,False,Rain,1
2016,10,27,13,Thursday,Non intersection,Thru lane,Sideswipe,Daylight,Regional municipality,No control,unknown,0,0,0,False,False,False,Clear,0
2016,10,27,8,Thursday,Non intersection,Thru lane,Rear end,Daylight,Regional municipality,No control,unknown,0,0,0,False,False,False,Rain,0
2016,10,28,7,Friday,Non intersection,Right shoulder,SMV unattended vehicle,Dark,Regional municipality,No control,unknown,0,0,0,False,False,False,Clear,0
2016,10,28,10,Friday,Non intersection,Thru lane,Turning movement,Daylight,Regional municipality,No control,unknown,0,0,0,False,False,False,Clear,1
2016,10,28,14,Friday,At intersection,Within intersection,SMV other,Daylight,Municipal (excl. Twp. Rd.),Stop sign,Functioning,0,0,0,True,False,False,Clear,1
2016,10,28,18,Friday,Non intersection,Thru lane,SMV other,"Dark, artificial",Municipal (excl. Twp. Rd.),No control,unknown,0,0,0,True,False,False,Clear,1
2016,10,28,17,Friday,At/near private drive,Left turn lane,Turning movement,Daylight,Regional municipality,Traffic signal,Functioning,0,0,0,False,False,False,Clear,0
2016,10,28,9,Friday,Intersection related,Thru lane,Rear end,Daylight,Municipal (excl. Twp. Rd.),Stop sign,Functioning,0,0,0,False,False,False,Clear,0
2016,10,28,9,Friday,Non intersection,Thru lane,Rear end,Dusk,Municipal (excl. Twp. Rd.),No control,unknown,0,0,0,False,False,False,Clear,1
2016,10,29,14,Saturday,At intersection,Within intersection,Turning movement,Daylight,Regional municipality,Stop sign,Functioning,0,0,0,False,False,False,Clear,0
2016,10,29,15,Saturday,At/near private drive,Thru lane,SMV unattended vehicle,Daylight,Municipal (excl. Twp. Rd.),No control,unknown,0,0,0,False,False,False,Clear,0
2016,10,31,7,Monday,Non intersection,Thru lane,SMV unattended vehicle,Dawn,Municipal (excl. Twp. Rd.),No control,unknown,0,0,0,False,False,False,Clear,0
2016,10,31,8,Monday,Non intersection,Thru lane,SMV unattended vehicle,Daylight,Municipal (excl. Twp. Rd.),No control,unknown,0,0,0,False,False,False,Clear,0
2016,10,31,18,Monday,Non intersection,Left turn lane,Angle,Daylight,Regional municipality,Traffic signal,Functioning,0,0,0,False,True,False,Clear,1
2016,10,31,20,Monday,Non intersection,Not on roadway - left side,SMV other,Dark,Municipal (excl. Twp. Rd.),No control,unknown,0,0,0,False,False,False,Clear,0
2016,11,1,14,Tuesday,Non intersection,Right shoulder,SMV unattended vehicle,Daylight,Municipal (excl. Twp. Rd.),No control,unknown,0,0,0,False,False,False,Clear,0
2016,11,2,1,Wednesday,Non intersection,Off highway,SMV unattended vehicle,"Dark, artificial",Municipal (excl. Twp. Rd.),No control,unknown,0,0,0,False,False,False,Clear,0
2016,11,2,9,Wednesday,At intersection,Within intersection,Turning movement,Daylight,Municipal (excl. Twp. Rd.),Stop sign,Functioning,0,0,0,False,False,False,Clear,1
2016,11,1,21,Tuesday,At/near private drive,Thru lane,SMV unattended vehicle,"Dark, artificial",Municipal (excl. Twp. Rd.),No control,unknown,0,0,0,False,False,False,Clear,0
2016,10,28,23,Friday,At/near private drive,Thru lane,SMV unattended vehicle,"Dark, artificial",Municipal (excl. Twp. Rd.),No control,unknown,0,0,0,False,False,False,Clear,0
2016,11,2,15,Wednesday,Intersection related,Thru lane,Rear end,Daylight,Municipal (excl. Twp. Rd.),Stop sign,Functioning,0,0,0,False,False,False,Rain,1
2016,11,2,16,Wednesday,At/near private drive,Thru lane,SMV unattended vehicle,Daylight,Municipal (excl. Twp. Rd.),No control,unknown,0,0,0,False,False,False,Clear,0
2016,11,3,15,Thursday,Non intersection,Thru lane,SMV unattended vehicle,Daylight,Municipal (excl. Twp. Rd.),No control,unknown,0,0,0,False,False,False,Clear,0
2016,11,3,18,Thursday,Non intersection,Thru lane,Turning movement,Daylight,Municipal (excl. Twp. Rd.),No control,unknown,0,0,0,False,False,False,Clear,0
2016,11,4,8,Friday,Non intersection,Thru lane,SMV unattended vehicle,Daylight,Municipal (excl. Twp. Rd.),No control,unknown,0,0,0,False,False,False,Clear,0
2016,11,3,22,Thursday,Non intersection,Thru lane,SMV unattended vehicle,"Dark, artificial",Municipal (excl. Twp. Rd.),No control,unknown,0,0,0,False,False,False,Clear,0
2016,11,4,16,Friday,At/near private drive,Thru lane,SMV unattended vehicle,Daylight,Municipal (excl. Twp. Rd.),No control,unknown,0,0,0,False,False,False,Clear,0
2016,11,4,17,Friday,Non intersection,Right shoulder,SMV unattended vehicle,Daylight,Municipal (excl. Twp. Rd.),No control,unknown,0,0,0,False,False,False,Clear,0
2016,11,4,19,Friday,At/near private drive,Left shoulder,SMV unattended vehicle,Dark,Municipal (excl. Twp. Rd.),No control,unknown,0,0,0,False,False,False,Clear,0
2016,11,4,19,Friday,Intersection related,Thru lane,Rear end,Dark,Municipal (excl. Twp. Rd.),No control,unknown,0,0,0,False,False,False,Clear,1
2016,11,4,20,Friday,Non intersection,Thru lane,Turning movement,Dark,Regional municipality,No control,unknown,0,0,0,False,True,False,Clear,1
2016,11,5,9,Saturday,At/near private drive,Thru lane,Angle,Daylight,Municipal (excl. Twp. Rd.),No control,unknown,0,0,0,False,True,False,Clear,1
2016,11,5,12,Saturday,At/near private drive,Thru lane,Other,Daylight,Regional municipality,No control,unknown,0,0,0,False,False,False,Clear,0
2016,11,5,14,Saturday,At intersection,Within intersection,Angle,Daylight,Municipal (excl. Twp. Rd.),Stop sign,Functioning,0,0,0,False,False,False,Clear,0
2016,11,5,1,Saturday,Non intersection,Thru lane,SMV unattended vehicle,"Dark, artificial",Municipal (excl. Twp. Rd.),No control,unknown,0,0,0,False,False,False,Clear,0
2016,11,5,17,Saturday,Non intersection,Thru lane,SMV other,Daylight,Municipal (excl. Twp. Rd.),No control,unknown,0,0,0,False,False,False,Clear,0
2016,11,5,22,Saturday,At/near private drive,Thru lane,SMV unattended vehicle,Dark,Municipal (excl. Twp. Rd.),No control,unknown,0,0,0,False,False,False,Clear,0
2016,11,5,23,Saturday,Non intersection,Not on roadway - right side,SMV other,"Dark, artificial",Municipal (excl. Twp. Rd.),No control,unknown,0,0,0,False,False,False,Clear,0
2016,11,6,5,Sunday,At railway crossing,Thru lane,SMV other,"Dark, artificial",Municipal (excl. Twp. Rd.),No control,unknown,0,0,0,False,False,False,Clear,0
2016,11,6,10,Sunday,At intersection,Within intersection,Turning movement,Daylight,Municipal (excl. Twp. Rd.),Stop sign,Functioning,0,0,0,False,False,False,Clear,0
2016,11,6,15,Sunday,Non intersection,Not on roadway - right side,SMV other,Daylight,Regional municipality,No control,unknown,0,0,0,False,False,False,Clear,1
2016,11,6,16,Sunday,Non intersection,Thru lane,SMV unattended vehicle,Daylight,Municipal (excl. Twp. Rd.),No control,unknown,0,0,0,False,False,False,Clear,0
2016,11,6,13,Sunday,At intersection,Within intersection,Rear end,Daylight,Regional municipality,Traffic signal,Functioning,0,0,0,False,False,False,Clear,1
2016,11,7,11,Monday,Non intersection,Thru lane,SMV unattended vehicle,Other,Municipal (excl. Twp. Rd.),No control,unknown,0,0,0,False,False,False,Clear,0
2016,11,7,8,Monday,Non intersection,Thru lane,Rear end,Daylight,Municipal (excl. Twp. Rd.),No control,unknown,0,0,0,False,False,False,Clear,0
2016,11,7,8,Monday,Non intersection,Thru lane,SMV unattended vehicle,Daylight,Municipal (excl. Twp. Rd.),No control,unknown,0,0,0,False,False,False,Clear,0
2016,11,7,8,Monday,At intersection,Within intersection,Turning movement,Daylight,Municipal (excl. Twp. Rd.),Stop sign,Functioning,0,0,0,False,True,False,Clear,1
2016,11,8,8,Tuesday,Intersection related,Left turn lane,Sideswipe,Daylight,Regional municipality,Traffic signal,Functioning,0,0,0,False,False,False,Clear,0
2016,11,8,17,Tuesday,At intersection,Within intersection,Turning movement,"Dark, artificial",Regional municipality,Yield sign,Functioning,0,0,0,False,False,False,Rain,0
2016,11,8,18,Tuesday,At/near private drive,Thru lane,Turning movement,"Dark, artificial",Municipal (excl. Twp. Rd.),Stop sign,Functioning,0,0,0,False,False,False,Rain,0
2016,11,8,18,Tuesday,At intersection,Within intersection,Turning movement,"Dark, artificial",Municipal (excl. Twp. Rd.),Traffic signal,Functioning,0,0,0,False,False,False,Rain,0
2016,11,8,19,Tuesday,At intersection,Within intersection,Turning movement,Dark,Municipal (excl. Twp. Rd.),Traffic signal,Functioning,0,0,0,False,False,False,"Fog, mist, smoke, dust",0
2016,11,9,17,Wednesday,At intersection,Within intersection,Turning movement,"Dark, artificial",Municipal (excl. Twp. Rd.),Stop sign,Functioning,0,0,0,False,False,False,Clear,0
2016,11,10,8,Thursday,At/near private drive,Thru lane,Turning movement,Daylight,Regional municipality,No control,unknown,0,0,0,False,False,False,Clear,1
2016,11,10,14,Thursday,Non intersection,Thru lane,SMV unattended vehicle,Daylight,Municipal (excl. Twp. Rd.),No control,unknown,0,0,0,False,False,False,Clear,0
2016,11,10,14,Thursday,At intersection,Within intersection,Rear end,Daylight,Regional municipality,Stop sign,Functioning,0,0,0,False,False,False,Clear,1
2016,11,10,15,Thursday,At intersection,Within intersection,Angle,Daylight,Regional municipality,Stop sign,Functioning,0,0,0,False,False,False,Clear,0
2016,11,8,15,Tuesday,Non intersection,Thru lane,Rear end,Daylight,Regional municipality,No control,unknown,0,0,0,False,False,False,Rain,0
2016,11,11,3,Friday,Non intersection,Thru lane,Approaching,"Dark, artificial",Municipal (excl. Twp. Rd.),No control,unknown,0,0,0,False,False,False,Clear,1
2016,11,10,17,Thursday,At/near private drive,Thru lane,Turning movement,Daylight,Regional municipality,No control,unknown,0,0,0,False,False,False,Clear,0
2016,11,11,9,Friday,Intersection related,Thru lane,SMV other,Daylight,Regional municipality,Other,Functioning,0,0,0,False,False,False,Clear,0
2016,11,11,21,Friday,At/near private drive,Thru lane,Turning movement,Dark,Municipal (excl. Twp. Rd.),No control,unknown,0,0,0,False,False,False,Clear,0
2016,11,12,1,Saturday,At intersection,Within intersection,SMV other,"Dark, artificial",Municipal (excl. Twp. Rd.),Traffic signal,Functioning,0,0,0,True,False,False,Clear,1
2016,11,12,10,Saturday,At/near private drive,Thru lane,SMV other,Daylight,Municipal (excl. Twp. Rd.),No control,unknown,0,0,0,True,False,False,Clear,1
2016,11,12,11,Saturday,Non intersection,Thru lane,SMV unattended vehicle,Daylight,Municipal (excl. Twp. Rd.),No control,unknown,0,0,0,False,False,False,Clear,0
2016,11,12,13,Saturday,At intersection,Within intersection,Angle,Daylight,Municipal (excl. Twp. Rd.),Traffic signal,Functioning,0,0,1,False,False,False,Clear,1
2016,11,12,16,Saturday,Intersection related,Thru lane,Rear end,"Dark, artificial",Regional municipality,Traffic signal,Functioning,0,0,0,False,False,False,Clear,0
2016,11,12,18,Saturday,At intersection,Within intersection,Turning movement,Dark,Regional municipality,Traffic signal,Functioning,0,0,0,False,False,False,Clear,0
2016,11,13,18,Sunday,Non intersection,Thru lane,SMV unattended vehicle,"Dark, artificial",Regional municipality,Stop sign,Functioning,0,0,0,False,False,False,Clear,0
2016,11,14,7,Monday,Intersection related,Thru lane,Rear end,Daylight,Regional municipality,Traffic signal,Functioning,0,0,0,False,False,False,Clear,1
2016,11,14,7,Monday,At/near private drive,Thru lane,Other,Daylight,Municipal (excl. Twp. Rd.),No control,unknown,0,0,0,False,False,False,Clear,0
2016,11,14,17,Monday,Non intersection,Thru lane,SMV unattended vehicle,Dawn,Regional municipality,No control,unknown,0,0,0,False,False,False,Clear,1
2016,11,14,17,Monday,Non intersection,Thru lane,Turning movement,"Dark, artificial",Municipal (excl. Twp. Rd.),No control,unknown,0,0,0,False,False,False,Clear,0
2016,11,15,8,Tuesday,At intersection,Left turn lane,Angle,Daylight,Municipal (excl. Twp. Rd.),Stop sign,Functioning,0,0,0,False,False,False,Clear,0
2016,11,15,11,Tuesday,At/near private drive,Off highway,SMV unattended vehicle,Daylight,Private property,No control,unknown,0,0,0,False,False,False,Clear,0
2016,11,15,12,Tuesday,Non intersection,Not on roadway - left side,SMV other,Daylight,Municipal (excl. Twp. Rd.),No control,unknown,0,0,0,False,False,False,Clear,0
2016,11,14,16,Monday,At intersection,Within intersection,Turning movement,Daylight,Regional municipality,Stop sign,Functioning,0,0,0,False,False,False,Clear,0
2016,11,16,22,Wednesday,At/near private drive,Thru lane,SMV unattended vehicle,Dark,Regional municipality,No control,unknown,0,0,0,False,False,False,Clear,0
2016,11,17,8,Thursday,Non intersection,Right shoulder,SMV unattended vehicle,"Dark, artificial",Municipal (excl. Twp. Rd.),No control,unknown,0,0,0,False,False,False,Clear,0
2016,11,17,8,Thursday,Non intersection,Right shoulder,SMV unattended vehicle,Daylight,Municipal (excl. Twp. Rd.),No control,unknown,0,0,0,False,False,False,Clear,0
2016,11,17,14,Thursday,Non intersection,Thru lane,Other,Daylight,Municipal (excl. Twp. Rd.),No control,unknown,0,0,0,False,False,False,Clear,0
2016,11,17,13,Thursday,At intersection,Within intersection,Turning movement,Daylight,Municipal (excl. Twp. Rd.),No control,unknown,0,0,0,False,False,False,Clear,0
2016,11,17,15,Thursday,Non intersection,Thru lane,SMV other,Daylight,Municipal (excl. Twp. Rd.),No control,unknown,0,0,0,False,False,True,Clear,0
2016,11,18,16,Friday,Non intersection,Thru lane,Rear end,Daylight,Municipal (excl. Twp. Rd.),No control,unknown,0,0,0,False,False,False,Clear,1
2016,11,19,11,Saturday,Non intersection,Thru lane,SMV unattended vehicle,Daylight,Municipal (excl. Twp. Rd.),No control,unknown,0,0,0,False,False,False,Snow,0
2016,11,19,17,Saturday,Non intersection,Thru lane,SMV unattended vehicle,Dark,Regional municipality,No control,unknown,0,0,0,False,False,False,Rain,0
2016,11,19,18,Saturday,At/near private drive,Thru lane,Turning movement,"Dark, artificial",Regional municipality,No control,unknown,0,0,0,False,False,False,Clear,0
2016,11,19,19,Saturday,At intersection,Within intersection,SMV other,"Dark, artificial",Municipal (excl. Twp. Rd.),Stop sign,Functioning,0,0,0,False,False,False,Rain,0
2016,11,20,9,Sunday,At/near private drive,Not on roadway - left side,SMV other,Daylight,Municipal (excl. Twp. Rd.),No control,unknown,0,0,0,False,False,False,Clear,0
2016,11,20,11,Sunday,Non intersection,Thru lane,Rear end,Daylight,Regional municipality,No control,unknown,0,0,0,False,False,False,Clear,1
2016,11,21,9,Monday,Non intersection,Right shoulder,SMV unattended vehicle,Daylight,Municipal (excl. Twp. Rd.),No control,unknown,0,0,0,False,False,False,Clear,0
2016,11,21,10,Monday,At intersection,Within intersection,Turning movement,Daylight,Regional municipality,Stop sign,Functioning,0,0,0,False,False,False,Clear,0
2016,11,21,1,Monday,At/near private drive,Thru lane,SMV unattended vehicle,"Dark, artificial",Municipal (excl. Twp. Rd.),No control,unknown,0,0,0,False,False,False,Clear,0
2016,11,21,12,Monday,At/near private drive,Thru lane,Turning movement,Daylight,Municipal (excl. Twp. Rd.),No control,unknown,0,0,0,False,False,False,Clear,0
2016,11,21,14,Monday,At/near private drive,Thru lane,Other,Daylight,Municipal (excl. Twp. Rd.),No control,unknown,0,0,0,False,False,False,Clear,1
2016,11,22,11,Tuesday,At/near private drive,Thru lane,Turning movement,Daylight,Regional municipality,No control,unknown,0,0,0,False,False,False,Clear,0
2016,11,22,17,Tuesday,Intersection related,Thru lane,Sideswipe,Dark,Regional municipality,Traffic signal,Functioning,0,0,0,False,False,False,Clear,0
2016,11,23,0,Wednesday,Other,Not on roadway - right side,SMV other,Dark,Municipal (excl. Twp. Rd.),Stop sign,Functioning,0,0,0,False,False,False,Clear,1
2016,11,23,8,Wednesday,Non intersection,Right shoulder,SMV unattended vehicle,Daylight,Regional municipality,No control,unknown,0,0,0,False,False,False,Clear,0
2016,11,24,0,Thursday,At/near private drive,Thru lane,SMV unattended vehicle,Dark,Municipal (excl. Twp. Rd.),No control,unknown,0,0,0,False,False,False,Snow,0
2016,11,24,7,Thursday,Non intersection,Thru lane,SMV unattended vehicle,Daylight,Municipal (excl. Twp. Rd.),No control,unknown,0,0,0,False,False,False,Clear,0
2016,11,23,22,Wednesday,Intersection related,Thru lane,Turning movement,"Dark, artificial",Municipal (excl. Twp. Rd.),Traffic signal,Functioning,0,0,0,False,False,False,Rain,0
2016,11,23,21,Wednesday,At/near private drive,Thru lane,Other,"Dark, artificial",Regional municipality,No control,unknown,0,0,0,False,False,False,Rain,0
2016,11,24,12,Thursday,Intersection related,Thru lane,Rear end,Daylight,Municipal (excl. Twp. Rd.),Stop sign,Functioning,0,0,0,False,False,False,Clear,0
2016,11,19,14,Saturday,At/near private drive,Right shoulder,Other,Daylight,Municipal (excl. Twp. Rd.),No control,unknown,0,0,0,False,False,False,Clear,0
2016,11,24,17,Thursday,At intersection,Within intersection,Turning movement,Dark,Regional municipality,Stop sign,Functioning,0,0,0,False,False,False,Rain,0
2016,11,24,20,Thursday,Other,Thru lane,Rear end,"Dark, artificial",Regional municipality,Other,Functioning,0,0,0,False,False,False,"Fog, mist, smoke, dust",0
2016,11,24,17,Thursday,Non intersection,Thru lane,Sideswipe,"Dark, artificial",Municipal (excl. Twp. Rd.),No control,unknown,0,0,0,False,False,False,Rain,0
2016,11,25,17,Friday,Intersection related,Thru lane,Rear end,Daylight,Regional municipality,Traffic signal,Functioning,0,0,0,False,False,False,Rain,0
2016,11,25,21,Friday,Intersection related,Not on roadway - right side,SMV other,Dark,Municipal (excl. Twp. Rd.),Stop sign,Functioning,0,0,0,False,False,False,Rain,0
2016,11,26,11,Saturday,At/near private drive,Thru lane,SMV unattended vehicle,Other,Municipal (excl. Twp. Rd.),No control,unknown,0,0,0,False,False,False,Clear,0
2016,11,27,10,Sunday,At/near private drive,Thru lane,SMV unattended vehicle,Daylight,Municipal (excl. Twp. Rd.),No control,unknown,0,0,0,False,False,False,Clear,0
2016,11,27,18,Sunday,Intersection related,Thru lane,Sideswipe,Dark,Municipal (excl. Twp. Rd.),Traffic signal,Functioning,0,0,0,False,False,False,Clear,0
2016,11,28,7,Monday,At/near private drive,Thru lane,Other,Daylight,Municipal (excl. Twp. Rd.),No control,unknown,0,0,0,False,False,False,Clear,0
2016,11,29,6,Tuesday,Non intersection,Right shoulder,SMV unattended vehicle,"Daylight, artificial",Municipal (excl. Twp. Rd.),No control,unknown,0,0,0,False,False,False,Clear,0
2016,11,27,18,Sunday,Non intersection,Thru lane,SMV unattended vehicle,"Dark, artificial",Municipal (excl. Twp. Rd.),No control,unknown,0,0,0,False,False,False,Rain,0
2016,11,29,18,Tuesday,At/near private drive,Thru lane,Turning movement,"Dark, artificial",Municipal (excl. Twp. Rd.),No control,unknown,0,0,0,False,False,False,Clear,1
2016,11,30,7,Wednesday,Intersection related,Thru lane,Sideswipe,Daylight,Municipal (excl. Twp. Rd.),Traffic signal,Functioning,0,0,0,False,False,False,Rain,0
2016,11,30,9,Wednesday,At intersection,Within intersection,Angle,Daylight,Municipal (excl. Twp. Rd.),Traffic signal,Functioning,0,0,0,False,False,False,Clear,0
2016,11,30,14,Wednesday,At intersection,Within intersection,Angle,Daylight,Regional municipality,Stop sign,Functioning,0,0,0,False,False,False,Rain,0
2016,11,30,15,Wednesday,At intersection,Within intersection,Turning movement,Dusk,Regional municipality,Stop sign,Functioning,0,0,0,False,False,False,Clear,0
2016,12,1,5,Thursday,Non intersection,Not on roadway - left side,SMV other,"Dawn, artificial",Municipal (excl. Twp. Rd.),No control,unknown,0,0,0,False,False,False,Clear,0
2016,12,1,10,Thursday,Intersection related,Thru lane,Rear end,Daylight,Municipal (excl. Twp. Rd.),Traffic signal,Functioning,0,0,0,False,False,False,Rain,1
2016,12,1,17,Thursday,At/near private drive,Thru lane,Turning movement,"Dusk, artificial",Municipal (excl. Twp. Rd.),No control,unknown,0,0,0,False,False,False,Clear,0
2016,12,2,8,Friday,At intersection,Within intersection,Rear end,Daylight,Municipal (excl. Twp. Rd.),Stop sign,Functioning,0,1,0,False,False,False,Clear,1
2016,11,28,15,Monday,At intersection,Within intersection,Turning movement,Daylight,Municipal (excl. Twp. Rd.),Stop sign,Functioning,0,0,0,False,False,False,Clear,0
2016,12,1,15,Thursday,Non intersection,Thru lane,SMV unattended vehicle,Daylight,Municipal (excl. Twp. Rd.),No control,unknown,0,0,0,False,False,False,Clear,0
2016,11,29,9,Tuesday,At/near private drive,Thru lane,SMV unattended vehicle,Daylight,Municipal (excl. Twp. Rd.),No control,unknown,0,0,0,False,False,False,Clear,0
2016,12,2,14,Friday,At/near private drive,Thru lane,Other,Daylight,Municipal (excl. Twp. Rd.),No control,unknown,0,0,0,False,False,False,Clear,0
2016,12,2,19,Friday,Non intersection,Thru lane,Rear end,"Dark, artificial",Municipal (excl. Twp. Rd.),No control,Functioning,0,0,0,False,False,False,Rain,0
2016,12,4,6,Sunday,Non intersection,Not on roadway - right side,SMV other,"Dark, artificial",Municipal (excl. Twp. Rd.),No control,unknown,0,0,0,False,False,False,Clear,1
2016,12,4,8,Sunday,Non intersection,Off highway,SMV other,Daylight,Regional municipality,No control,unknown,0,0,0,False,False,False,Clear,0
2016,12,5,0,Monday,Non intersection,Thru lane,SMV other,Dark,Regional municipality,No control,unknown,0,0,0,False,False,False,Snow,0
2016,12,3,3,Saturday,At/near private drive,Thru lane,SMV unattended vehicle,Dark,Regional municipality,No control,unknown,0,0,0,False,False,False,Rain,0
2016,12,5,17,Monday,At intersection,Within intersection,Angle,Dark,Municipal (excl. Twp. Rd.),Stop sign,Functioning,0,0,0,False,False,False,Clear,1
2016,12,1,19,Thursday,At/near private drive,Thru lane,SMV unattended vehicle,"Dark, artificial",Municipal (excl. Twp. Rd.),No control,unknown,0,0,0,False,False,False,Clear,0
2016,11,29,10,Tuesday,Non intersection,Thru lane,SMV unattended vehicle,Daylight,Municipal (excl. Twp. Rd.),No control,unknown,0,0,0,False,False,False,Clear,0