ACCIDENT_YEAR,ACCIDENT_MONTH,ACCIDENT_DAY,ACCIDENT_HOUR,ACCIDENT_WEEKDAY,ACCIDENTLOCATION,IMPACTLOCATION,INITIALIMPACTTYPE,LIGHT,ROADJURISDICTION,TRAFFICCONTROL,TRAFFICCONTROLCONDITION,THRULANENO,NORTHBOUNDDISOBEYCOUNT,SOUTHBOUNDDISOBEYCOUNT,PEDESTRIANINVOLVED,CYCLISTINVOLVED,MOTORCYCLISTINVOLVED,ENVIRONMENTCONDITION1,injury
2017,2,17,9,Friday,Non intersection,Thru lane,SMV unattended vehicle,Daylight,Municipal (excl. Twp. Rd.),No control,unknown,0,0,0,False,False,False,Clear,0
2017,2,17,18,Friday,At/near private drive,Right shoulder,SMV unattended vehicle,Dusk,Municipal (excl. Twp. Rd.),No control,unknown,0,0,0,False,False,False,Clear,0
2017,2,20,9,Monday,At/near private drive,Thru lane,Other,Daylight,Municipal (excl. Twp. Rd.),No control,unknown,0,0,0,False,False,False,Clear,0
2017,2,18,20,Saturday,Non intersection,Thru lane,SMV unattended vehicle,Dark,Municipal (excl. Twp. Rd.),No control,unknown,0,0,0,False,False,False,Clear,0
2017,2,20,11,Monday,Intersection related,Thru lane,Rear end,Daylight,Municipal (excl. Twp. Rd.),Traffic signal,Functioning,0,0,0,False,False,False,Clear,0
2017,2,20,13,Monday,Non intersection,Thru lane,SMV unattended vehicle,Daylight,Municipal (excl. Twp. Rd.),No control,unknown,0,0,0,False,False,False,Clear,0
2017,2,18,19,Saturday,At/near private drive,Thru lane,SMV unattended vehicle,Dusk,Municipal (excl. Twp. Rd.),No control,unknown,0,0,0,False,False,False,Clear,0
2017,2,19,23,Sunday,Other,Off highway,SMV unattended vehicle,Dark,Private property,No control,unknown,0,0,0,False,False,False,Clear,0
2017,2,22,8,Wednesday,At/near private drive,Right shoulder,SMV unattended vehicle,Daylight,Municipal (excl. Twp. Rd.),No control,unknown,0,0,0,False,False,False,Clear,0
2017,2,22,22,Wednesday,At intersection,Within intersection,SMV other,Dark,Municipal (excl. Twp. Rd.),Stop sign,Functioning,0,0,0,True,False,False,Clear,1
2017,2,23,8,Thursday,At intersection,Within intersection,Angle,Daylight,Municipal (excl. Twp. Rd.),Stop sign,Functioning,0,0,0,False,False,False,Clear,0
2017,2,22,18,Wednesday,At/near private drive,Thru lane,SMV unattended vehicle,"Dark, artificial",Municipal (excl. Twp. Rd.),No control,unknown,0,0,0,False,False,False,Clear,0
2017,2,23,8,Thursday,At/near private drive,Not on roadway - right side,Other,Daylight,Municipal (excl. Twp. Rd.),No control,unknown,0,0,0,False,False,False,Clear,0
2017,2,22,14,Wednesday,At/near private drive,Thru lane,Rear end,Daylight,Regional municipality,No control,unknown,0,0,0,False,False,False,Clear,0
2017,2,23,12,Thursday,At/near private drive,Thru lane,Other,Daylight,Municipal (excl. Twp. Rd.),No control,unknown,0,0,0,False,False,False,Clear,0
2017,2,23,15,Thursday,Intersection related,Thru lane,Rear end,Daylight,Municipal (excl. Twp. Rd.),Yield sign,Functioning,0,0,0,False,False,False,Clear,0
2017,2,23,16,Thursday,At intersection,Within intersection,SMV other,Daylight,Municipal (excl. Twp. Rd.),Stop sign,Functioning,0,0,0,True,False,False,Clear,1
2017,2,24,3,Friday,Non intersection,Off highway,SMV other,"Dark, artificial",Municipal (excl. Twp. Rd.),No control,unknown,0,0,0,False,False,False,Clear,1
2017,2,24,4,Friday,At intersection,Within intersection,SMV other,Dark,Municipal (excl. Twp. Rd.),Traffic signal,Functioning,0,0,0,True,False,False,Clear,1
2017,2,24,11,Friday,Non intersection,Thru lane,Rear end,Daylight,Municipal (excl. Twp. Rd.),No control,unknown,0,0,0,False,False,False,"Fog, mist, smoke, dust",0
2017,2,24,11,Friday,Non intersection,Right shoulder,SMV unattended vehicle,Daylight,Municipal (excl. Twp. Rd.),No control,unknown,0,0,0,False,False,False,Clear,0
2017,2,23,23,Thursday,Non intersection,Right shoulder,SMV unattended vehicle,"Dark, artificial",Municipal (excl. Twp. Rd.),No control,unknown,0,0,0,False,False,False,Clear,0
2017,2,24,19,Friday,At intersection,Within intersection,Angle,Dark,Regional municipality,Stop sign,Functioning,0,1,0,False,False,False,Rain,0
2017,2,25,15,Saturday,Non intersection,Thru lane,SMV unattended vehicle,Daylight,Regional municipality,No control,unknown,0,0,0,False,False,False,Clear,0
2017,2,25,15,Saturday,Other,Off highway,SMV other,Daylight,Private property,No control,unknown,0,0,0,False,False,False,Clear,0
2017,2,25,18,Saturday,At intersection,Within intersection,SMV other,Dark,Municipal (excl. Twp. Rd.),Stop sign,Functioning,0,0,0,True,False,False,Clear,1
2017,2,25,20,Saturday,At intersection,Within intersection,Turning movement,Dark,Regional municipality,Traffic signal,Functioning,0,0,0,False,False,False,Snow,0
2017,2,26,0,Sunday,At intersection,Within intersection,SMV other,Dark,Regional municipality,Yield sign,Functioning,0,0,0,False,False,False,Clear,0
2017,2,26,3,Sunday,At intersection,Within intersection,SMV other,Dark,Regional municipality,Yield sign,Functioning,0,0,0,False,False,False,Snow,0
2017,2,26,18,Sunday,At/near private drive,Right shoulder,SMV unattended vehicle,Daylight,Municipal (excl. Twp. Rd.),No control,unknown,0,0,0,False,False,False,Clear,0
2017,2,27,15,Monday,Non intersection,Thru lane,SMV unattended vehicle,Daylight,Regional municipality,No control,unknown,0,0,0,False,False,False,Clear,0
2017,2,28,6,Tuesday,Non intersection,Thru lane,Sideswipe,Dawn,Regional municipality,No control,unknown,0,0,0,False,False,False,Clear,0
2017,2,28,8,Tuesday,Non intersection,Thru lane,Rear end,Daylight,Municipal (excl. Twp. Rd.),No control,unknown,0,0,0,False,False,False,Clear,0
2017,2,20,13,Monday,At/near private drive,Thru lane,SMV unattended vehicle,Daylight,Municipal (excl. Twp. Rd.),No control,unknown,0,0,0,False,False,False,Clear,0
2017,2,28,17,Tuesday,Intersection related,Thru lane,Rear end,Daylight,Municipal (excl. Twp. Rd.),No control,unknown,0,0,0,False,True,False,Clear,1
2017,2,28,16,Tuesday,Non intersection,Right shoulder,SMV unattended vehicle,Daylight,Municipal (excl. Twp. Rd.),No control,unknown,0,0,0,False,False,False,Clear,0
2017,3,1,13,Wednesday,Non intersection,Thru lane,Turning movement,Daylight,Municipal (excl. Twp. Rd.),No control,unknown,0,0,0,False,False,False,Rain,0
2017,3,1,16,Wednesday,Other,Right shoulder,SMV other,Daylight,Municipal (excl. Twp. Rd.),No control,unknown,0,0,0,False,False,False,Clear,0
2017,3,2,10,Thursday,Non intersection,Thru lane,Sideswipe,Daylight,Regional municipality,No control,unknown,0,0,0,False,False,False,Clear,0
2017,3,1,14,Wednesday,Intersection related,Thru lane,Rear end,Daylight,Municipal (excl. Twp. Rd.),Traffic signal,Functioning,0,0,0,False,False,False,Rain,0
2017,2,18,20,Saturday,Non intersection,Thru lane,SMV unattended vehicle,"Dark, artificial",Municipal (excl. Twp. Rd.),No control,unknown,0,0,0,False,False,False,Clear,0
2017,3,3,9,Friday,Non intersection,Thru lane,SMV unattended vehicle,Daylight,Municipal (excl. Twp. Rd.),No control,unknown,0,0,0,False,False,False,Snow,1
2017,3,3,11,Friday,At/near private drive,Thru lane,Other,Daylight,Municipal (excl. Twp. Rd.),Stop sign,Functioning,0,0,0,False,False,False,Clear,0
2017,3,3,11,Friday,At/near private drive,Thru lane,Turning movement,Daylight,Municipal (excl. Twp. Rd.),No control,unknown,0,0,0,False,False,False,Snow,0
2017,3,3,12,Friday,Non intersection,Thru lane,SMV unattended vehicle,Daylight,Municipal (excl. Twp. Rd.),No control,unknown,0,0,0,False,False,False,Clear,0
2017,3,3,14,Friday,Intersection related,Thru lane,Turning movement,Daylight,Municipal (excl. Twp. Rd.),Stop sign,Functioning,0,0,0,False,False,False,Clear,0
2017,3,3,16,Friday,At intersection,Within intersection,Sideswipe,Daylight,Municipal (excl. Twp. Rd.),Stop sign,Functioning,0,0,0,False,False,False,Clear,0
2017,3,3,15,Friday,Non intersection,Not on roadway - right side,Sideswipe,Daylight,Municipal (excl. Twp. Rd.),No control,unknown,0,0,0,False,False,False,Clear,0
2017,3,3,15,Friday,At/near private drive,Thru lane,Other,Daylight,Municipal (excl. Twp. Rd.),No control,unknown,0,0,0,False,False,False,Clear,0
2017,3,3,17,Friday,At intersection,Within intersection,Angle,Daylight,Municipal (excl. Twp. Rd.),Stop sign,Functioning,0,0,0,False,False,False,Clear,0
2017,3,3,18,Friday,Intersection related,Thru lane,Rear end,Daylight,Municipal (excl. Twp. Rd.),Traffic signal,Functioning,0,0,0,False,False,False,Clear,0
2017,3,3,10,Friday,At/near private drive,Right shoulder,SMV unattended vehicle,Daylight,Municipal (excl. Twp. Rd.),No control,unknown,0,0,0,False,False,False,Clear,0
2017,3,4,17,Saturday,Non intersection,Thru lane,SMV unattended vehicle,Daylight,Municipal (excl. Twp. Rd.),No control,unknown,0,0,0,False,False,False,Clear,0
2017,3,4,20,Saturday,Non intersection,Right shoulder,SMV unattended vehicle,"Dark, artificial",Municipal (excl. Twp. Rd.),No control,unknown,0,0,0,False,False,False,Clear,0
2017,3,6,8,Monday,At intersection,Within intersection,Angle,Daylight,Municipal (excl. Twp. Rd.),Stop sign,Functioning,0,0,0,False,False,False,Clear,0
2017,3,5,12,Sunday,Non intersection,Thru lane,Sideswipe,Daylight,Municipal (excl. Twp. Rd.),Stop sign,Functioning,0,0,0,False,False,False,Clear,0
2017,3,6,15,Monday,Non intersection,Thru lane,Sideswipe,Daylight,Municipal (excl. Twp. Rd.),No control,unknown,0,0,0,False,False,False,Clear,0
2017,3,6,21,Monday,Intersection related,Thru lane,Rear end,Dark,Municipal (excl. Twp. Rd.),Stop sign,Functioning,0,0,0,False,False,False,Rain,0
2017,3,7,19,Tuesday,At intersection,Within intersection,SMV other,Dark,Municipal (excl. Twp. Rd.),No control,unknown,0,0,0,True,False,False,Clear,1
2017,3,8,8,Wednesday,At intersection,Within intersection,Other,Daylight,Municipal (excl. Twp. Rd.),Stop sign,Functioning,0,0,0,False,False,False,Clear,0
2017,3,8,9,Wednesday,At/near private drive,Thru lane,Other,Daylight,Municipal (excl. Twp. Rd.),No control,unknown,0,0,0,False,False,False,Clear,0
2017,3,8,19,Wednesday,At intersection,Within intersection,SMV other,"Dark, artificial",Municipal (excl. Twp. Rd.),Stop sign,Functioning,0,0,0,True,False,False,Clear,1
2017,3,8,19,Wednesday,Intersection related,Thru lane,Rear end,Daylight,Municipal (excl. Twp. Rd.),Stop sign,Functioning,0,0,0,False,False,False,Clear,0
2017,3,9,9,Thursday,Non intersection,Not on roadway - right side,SMV other,Daylight,Municipal (excl. Twp. Rd.),No control,unknown,0,0,0,False,False,False,Clear,0
2017,3,9,10,Thursday,Non intersection,Thru lane,Rear end,Daylight,Regional municipality,No control,unknown,0,0,0,False,False,False,Clear,0
2017,3,9,13,Thursday,Non intersection,Not on roadway - right side,SMV other,Daylight,Municipal (excl. Twp. Rd.),No control,unknown,0,0,0,False,False,False,Clear,0
2017,3,10,11,Friday,Intersection related,Off highway,SMV other,Daylight,Municipal (excl. Twp. Rd.),No control,unknown,0,0,0,False,False,False,Clear,1
2017,3,10,16,Friday,Intersection related,Thru lane,Angle,Daylight,Municipal (excl. Twp. Rd.),Stop sign,Functioning,0,0,0,False,False,False,Snow,0
2017,3,10,15,Friday,Non intersection,Thru lane,Rear end,Daylight,Municipal (excl. Twp. Rd.),No control,unknown,0,0,0,False,False,False,Clear,0
2017,3,10,21,Friday,Non intersection,Thru lane,Approaching,"Dark, artificial",Regional municipality,No control,unknown,0,0,0,False,False,False,Drifting Snow,0
2017,3,10,22,Friday,At intersection,Within intersection,Angle,"Dark, artificial",Regional municipality,Traffic signal,Functioning,0,0,1,False,False,False,Drifting Snow,0
2017,3,10,20,Friday,Non intersection,Not on roadway - left side,SMV other,Dark,Municipal (excl. Twp. Rd.),No control,unknown,0,0,0,False,False,False,Snow,0
2017,3,11,7,Saturday,Non intersection,Not on roadway - right side,SMV other,Daylight,Municipal (excl. Twp. Rd.),No control,unknown,0,0,0,False,False,False,Snow,0
2017,3,10,17,Friday,Non intersection,Thru lane,Sideswipe,Daylight,Regional municipality,No control,unknown,0,0,0,False,False,False,Snow,0
2017,3,11,15,Saturday,Intersection related,Thru lane,Rear end,Daylight,Municipal (excl. Twp. Rd.),Traffic signal,Functioning,0,0,0,False,False,False,Clear,0
2017,3,11,12,Saturday,At/near private drive,Thru lane,Other,Daylight,Regional municipality,No control,unknown,0,0,0,False,False,False,Clear,0
2017,3,12,14,Sunday,At/near private drive,Thru lane,SMV unattended vehicle,Daylight,Municipal (excl. Twp. Rd.),No control,unknown,0,0,0,False,False,False,Clear,0
2017,3,12,22,Sunday,Intersection related,Not on roadway - right side,SMV other,"Dark, artificial",Municipal (excl. Twp. Rd.),Traffic signal,Functioning,0,0,0,False,False,False,Clear,0
2017,3,13,9,Monday,At intersection,Within intersection,Angle,Daylight,Regional municipality,Traffic signal,Functioning,0,0,0,False,False,False,Clear,0
2017,3,13,11,Monday,Non intersection,Thru lane,SMV other,Daylight,Regional municipality,No control,unknown,0,0,0,False,False,False,Snow,0
2017,3,13,13,Monday,Non intersection,Not on roadway - right side,SMV other,Daylight,Municipal (excl. Twp. Rd.),No control,unknown,0,0,0,False,False,False,Snow,0
2017,3,13,11,Monday,At intersection,Within intersection,Other,Daylight,Municipal (excl. Twp. Rd.),Stop sign,Functioning,0,0,0,False,False,False,Snow,0
2017,3,12,13,Sunday,At/near private drive,Thru lane,SMV unattended vehicle,Daylight,Municipal (excl. Twp. Rd.),No control,unknown,0,0,0,False,False,False,Clear,0
2017,3,10,17,Friday,Non intersection,Thru lane,SMV other,Daylight,Municipal (excl. Twp. Rd.),No control,unknown,0,0,0,False,False,False,Snow,0
2017,3,13,15,Monday,Non intersection,Thru lane,Rear end,Daylight,Regional municipality,No control,unknown,0,0,0,False,False,False,Snow,0
2017,3,13,16,Monday,Non intersection,Not on roadway - right side,SMV other,Daylight,Municipal (excl. Twp. Rd.),Stop sign,Functioning,0,0,0,False,False,False,Snow,0
2017,3,13,16,Monday,Non intersection,Right shoulder,SMV other,Daylight,Regional municipality,No control,unknown,0,0,0,False,False,False,Snow,0
2017,3,13,16,Monday,Non intersection,Not on roadway - right side,SMV other,Daylight,Municipal (excl. Twp. Rd.),No control,unknown,0,0,0,False,False,False,Snow,0
2017,3,13,18,Monday,At intersection,Thru lane,SMV other,Dusk,Regional municipality,No control,unknown,0,0,0,False,False,False,Snow,0
2017,3,13,18,Monday,Non intersection,Thru lane,Sideswipe,Daylight,Municipal (excl. Twp. Rd.),No control,unknown,0,0,0,False,False,False,Snow,0
2017,3,12,15,Sunday,Non intersection,Thru lane,SMV unattended vehicle,Daylight,Municipal (excl. Twp. Rd.),No control,unknown,0,0,0,False,False,False,Clear,0
2017,3,13,19,Monday,Non intersection,Not on roadway - right side,SMV other,Daylight,Municipal (excl. Twp. Rd.),No control,unknown,0,0,0,False,False,False,Clear,0
2017,3,13,22,Monday,Non intersection,Thru lane,SMV unattended vehicle,Dark,Municipal (excl. Twp. Rd.),No control,unknown,0,0,0,False,False,False,Snow,0
2017,3,14,9,Tuesday,At/near private drive,Thru lane,Other,Daylight,Municipal (excl. Twp. Rd.),No control,unknown,0,0,0,False,False,False,Snow,0
2017,3,14,12,Tuesday,Intersection related,Not on roadway - right side,SMV other,Daylight,Municipal (excl. Twp. Rd.),Stop sign,Functioning,0,0,0,False,False,False,Clear,0
2017,3,14,14,Tuesday,Non intersection,Not on roadway - right side,SMV other,Daylight,Municipal (excl. Twp. Rd.),No control,unknown,0,0,0,False,False,False,Snow,0
2017,3,14,14,Tuesday,Non intersection,Thru lane,Turning movement,Daylight,Municipal (excl. Twp. Rd.),No control,unknown,0,0,0,False,False,False,Clear,0
2017,3,14,15,Tuesday,Non intersection,Thru lane,Angle,Daylight,Municipal (excl. Twp. Rd.),No control,unknown,0,0,0,False,False,False,Clear,0
2017,3,14,17,Tuesday,Non intersection,Not on roadway - right side,SMV other,Daylight,Municipal (excl. Twp. Rd.),No control,unknown,0,0,0,False,False,False,Drifting Snow,1
2017,3,15,7,Wednesday,Non intersection,Thru lane,Other,Daylight,Municipal (excl. Twp. Rd.),Traffic signal,Functioning,0,0,0,False,False,False,Clear,0
2017,3,15,14,Wednesday,At/near private drive,Not on roadway - left side,SMV other,Daylight,Regional municipality,No control,unknown,0,0,0,False,False,False,Clear,0
2017,3,15,17,Wednesday,Intersection related,Thru lane,Rear end,Daylight,Regional municipality,Yield sign,Functioning,0,0,0,False,False,False,Clear,0
2017,3,15,20,Wednesday,At intersection,Within intersection,Angle,"Daylight, artificial",Regional municipality,Traffic signal,Functioning,0,0,0,False,False,False,Clear,0
2017,3,16,11,Thursday,Non intersection,Thru lane,SMV unattended vehicle,Daylight,Regional municipality,No control,unknown,0,0,0,False,False,False,Clear,0
2017,3,15,13,Wednesday,At/near private drive,Thru lane,Other,Daylight,Regional municipality,No control,unknown,0,0,0,False,False,False,Clear,0
2017,3,16,23,Thursday,At intersection,Within intersection,SMV other,Dark,Municipal (excl. Twp. Rd.),Stop sign,Functioning,0,0,0,False,False,False,Clear,0
2017,3,17,9,Friday,Other,Off highway,Turning movement,Daylight,Private property,Stop sign,Functioning,0,0,0,False,False,False,Clear,0
2017,3,17,14,Friday,At/near private drive,Thru lane,Sideswipe,Daylight,Regional municipality,No control,unknown,0,0,0,False,False,False,Clear,1
2017,3,17,8,Friday,At/near private drive,Thru lane,Other,Daylight,Municipal (excl. Twp. Rd.),No control,unknown,0,0,0,False,False,False,Clear,0
2017,3,16,16,Thursday,Intersection related,Thru lane,Sideswipe,Daylight,Municipal (excl. Twp. Rd.),No control,unknown,0,0,0,False,False,False,Clear,0
2017,3,17,20,Friday,At/near private drive,Thru lane,Turning movement,"Dark, artificial",Municipal (excl. Twp. Rd.),No control,unknown,0,0,0,False,False,False,Clear,1
2017,3,18,9,Saturday,Non intersection,Thru lane,Turning movement,Daylight,Municipal (excl. Twp. Rd.),No control,unknown,0,0,0,False,False,False,Snow,0
2017,3,18,10,Saturday,At intersection,Within intersection,Angle,Daylight,Regional municipality,Traffic signal,Functioning,0,1,0,False,False,False,Clear,0
2017,3,18,8,Saturday,At/near private drive,Thru lane,Turning movement,Daylight,Municipal (excl. Twp. Rd.),No control,unknown,0,0,0,False,False,False,Snow,0
2017,3,19,1,Sunday,At intersection,Within intersection,SMV other,Dark,Municipal (excl. Twp. Rd.),Stop sign,Functioning,0,0,0,False,False,False,Clear,0
2017,3,19,15,Sunday,At intersection,Within intersection,Turning movement,Daylight,Municipal (excl. Twp. Rd.),No control,unknown,0,0,0,False,False,False,Clear,0
2017,3,20,8,Monday,At intersection,Within intersection,Turning movement,Daylight,Regional municipality,Stop sign,Functioning,0,0,0,False,False,False,Clear,0
2017,3,20,17,Monday,Intersection related,Thru lane,Rear end,Daylight,Municipal (excl. Twp. Rd.),Traffic signal,Functioning,0,0,0,False,False,False,Clear,0
2017,3,21,8,Tuesday,At/near private drive,Left turn lane,Turning movement,Daylight,Municipal (excl. Twp. Rd.),No control,unknown,0,0,0,False,False,False,Clear,0
2017,3,21,16,Tuesday,At/near private drive,Thru lane,Turning movement,Daylight,Municipal (excl. Twp. Rd.),No control,unknown,0,0,0,False,False,False,Clear,0
2017,3,21,16,Tuesday,At/near private drive,Right shoulder,SMV unattended vehicle,Daylight,Municipal (excl. Twp. Rd.),No control,unknown,0,0,0,False,False,False,Clear,0
2017,3,22,16,Wednesday,At intersection,Within intersection,Angle,Daylight,Regional municipality,Traffic signal,Functioning,0,0,0,False,False,False,Clear,0
2017,3,23,13,Thursday,Non intersection,Thru lane,SMV other,Daylight,Municipal (excl. Twp. Rd.),No control,unknown,0,0,0,False,False,False,Clear,1
2017,3,23,15,Thursday,Intersection related,Thru lane,Rear end,Daylight,Municipal (excl. Twp. Rd.),Traffic signal,Functioning,0,0,0,False,False,False,Clear,0
2017,3,23,17,Thursday,At/near private drive,Thru lane,Other,Daylight,Municipal (excl. Twp. Rd.),No control,unknown,0,0,0,False,False,False,Clear,0
2017,3,23,17,Thursday,At intersection,Within intersection,Angle,Daylight,Municipal (excl. Twp. Rd.),Stop sign,Functioning,0,0,0,False,False,False,Clear,1
2017,3,23,16,Thursday,Intersection related,Thru lane,Rear end,Daylight,Municipal (excl. Twp. Rd.),No control,unknown,0,0,0,False,False,False,Clear,0
2017,3,23,16,Thursday,At/near private drive,Thru lane,SMV unattended vehicle,Daylight,Municipal (excl. Twp. Rd.),No control,unknown,0,0,0,False,False,False,Clear,0
2017,3,25,18,Saturday,At/near private drive,Thru lane,SMV unattended vehicle,Daylight,Municipal (excl. Twp. Rd.),No control,unknown,0,0,0,False,False,False,Clear,0
2017,3,26,13,Sunday,At intersection,Within intersection,Turning movement,Daylight,Municipal (excl. Twp. Rd.),Stop sign,Functioning,0,0,0,False,False,False,Clear,0
2017,3,26,15,Sunday,Other,Off highway,SMV other,Daylight,Private property,No control,unknown,0,0,0,False,False,False,Clear,0
2017,3,28,16,Tuesday,At/near private drive,Thru lane,Other,Daylight,Municipal (excl. Twp. Rd.),No control,unknown,0,0,0,False,False,False,Clear,0
2017,3,29,3,Wednesday,Non intersection,Not on roadway - left side,SMV other,"Dark, artificial",Municipal (excl. Twp. Rd.),No control,unknown,0,0,0,False,False,False,Clear,0
2017,3,29,17,Wednesday,Intersection related,Thru lane,Rear end,Daylight,Municipal (excl. Twp. Rd.),Traffic signal,Functioning,0,0,0,False,False,False,Clear,0
2017,3,30,6,Thursday,At intersection,Within intersection,Turning movement,Dawn,Municipal (excl. Twp. Rd.),Traffic signal,Functioning,0,0,0,False,False,False,Clear,1
2017,3,29,21,Wednesday,Intersection related,Thru lane,Rear end,"Dark, artificial",Regional municipality,Traffic signal,Functioning,0,0,0,False,False,False,Clear,0
2017,3,30,11,Thursday,Non intersection,Thru lane,SMV other,Daylight,Regional municipality,No control,unknown,0,0,0,False,False,False,Clear,0
2017,3,30,13,Thursday,At intersection,Within intersection,Angle,Daylight,Municipal (excl. Twp. Rd.),Stop sign,Functioning,0,1,0,False,False,False,Clear,1
2017,3,30,15,Thursday,Intersection related,Thru lane,Rear end,Daylight,Municipal (excl. Twp. Rd.),Traffic signal,Functioning,0,0,0,False,False,False,Snow,0
2017,3,30,23,Thursday,At/near private drive,Off highway,SMV other,"Daylight, artificial",Regional municipality,No control,unknown,0,0,0,False,False,False,Rain,0
2017,3,30,15,Thursday,At intersection,Within intersection,Turning movement,Daylight,Municipal (excl. Twp. Rd.),Stop sign,Functioning,0,0,0,False,False,False,Snow,0
2017,3,31,14,Friday,At/near private drive,Thru lane,Turning movement,Daylight,Municipal (excl. Twp. Rd.),No control,unknown,0,0,0,False,False,False,Rain,1
2017,3,31,8,Friday,At/near private drive,Thru lane,Sideswipe,Daylight,Municipal (excl. Twp. Rd.),No control,unknown,0,0,0,False,False,False,"Fog, mist, smoke, dust",0
2017,4,1,0,Saturday,Non intersection,Thru lane,SMV unattended vehicle,Dark,Municipal (excl. Twp. Rd.),No control,unknown,0,0,0,False,False,False,Clear,0
2017,4,1,11,Saturday,Intersection related,Right turn channel,SMV other,Daylight,Municipal (excl. Twp. Rd.),Stop sign,Functioning,0,0,0,False,False,False,Clear,0
2017,4,1,20,Saturday,Non intersection,Thru lane,SMV unattended vehicle,Dark,Municipal (excl. Twp. Rd.),No control,unknown,0,0,0,False,False,False,Clear,0
2017,4,1,20,Saturday,At/near private drive,Thru lane,SMV unattended vehicle,Daylight,Municipal (excl. Twp. Rd.),No control,unknown,0,0,0,False,False,False,Clear,0
2017,4,1,10,Saturday,At/near private drive,Thru lane,Turning movement,Daylight,Municipal (excl. Twp. Rd.),No control,unknown,0,0,0,False,False,False,Clear,0
2017,4,3,23,Monday,Intersection related,Thru lane,Turning movement,"Daylight, artificial",Regional municipality,Stop sign,Functioning,0,0,0,False,False,False,Rain,0
2017,4,4,12,Tuesday,Non intersection,Thru lane,SMV unattended vehicle,Daylight,Municipal (excl. Twp. Rd.),No control,unknown,0,0,0,False,False,False,Rain,0
2017,4,4,12,Tuesday,Non intersection,Thru lane,SMV unattended vehicle,Daylight,Municipal (excl. Twp. Rd.),No control,unknown,0,0,0,False,False,False,Clear,0
2017,4,5,11,Wednesday,At intersection,Within intersection,Angle,Daylight,Municipal (excl. Twp. Rd.),Stop sign,Functioning,0,0,0,False,False,False,Clear,0
2017,3,30,15,Thursday,Non intersection,Thru lane,SMV unattended vehicle,Daylight,Regional municipality,No control,unknown,0,0,0,False,False,False,Clear,0
2017,4,5,23,Wednesday,Non intersection,Thru lane,Sideswipe,Dark,Regional municipality,No control,unknown,0,0,0,False,False,False,Rain,1
2017,4,6,8,Thursday,Intersection related,Right turn channel,Rear end,Daylight,Regional municipality,Yield sign,Functioning,0,0,0,False,False,False,Rain,0
2017,4,6,9,Thursday,Non intersection,Thru lane,Sideswipe,Daylight,Municipal (excl. Twp. Rd.),No control,unknown,0,0,0,False,False,False,Rain,0
2017,4,6,11,Thursday,At/near private drive,Thru lane,Angle,Daylight,Regional municipality,No control,unknown,0,0,0,False,False,False,Rain,1
2017,4,6,22,Thursday,At intersection,Within intersection,SMV other,"Dark, artificial",Regional municipality,Stop sign,Functioning,0,0,0,True,False,False,Snow,1
2017,4,7,9,Friday,Non intersection,Not on roadway - left side,SMV other,Daylight,Municipal (excl. Twp. Rd.),No control,unknown,0,0,0,False,False,False,Drifting Snow,0
2017,4,7,11,Friday,Non intersection,Thru lane,Approaching,Daylight,Regional municipality,No control,unknown,0,0,0,False,False,False,Drifting Snow,0
2017,4,6,8,Thursday,Non intersection,Thru lane,Rear end,Daylight,Regional municipality,No control,unknown,0,0,0,False,False,False,Rain,0
2017,3,31,12,Friday,Non intersection,Thru lane,Rear end,Daylight,Regional municipality,No control,unknown,0,0,0,False,False,False,Clear,0
2017,4,7,22,Friday,At intersection,Within intersection,Turning movement,Daylight,Municipal (excl. Twp. Rd.),Stop sign,Functioning,0,0,0,False,False,False,Clear,0
2017,4,7,22,Friday,Non intersection,Left shoulder,SMV other,Dark,Municipal (excl. Twp. Rd.),No control,unknown,0,0,0,False,False,False,Clear,0
2017,4,8,7,Saturday,At intersection,Within intersection,Angle,Daylight,Municipal (excl. Twp. Rd.),Traffic signal,Functioning,0,1,0,False,False,False,Clear,1
2017,4,7,11,Friday,At/near private drive,Thru lane,Turning movement,Daylight,Regional municipality,No control,unknown,0,0,0,False,False,False,Clear,0
2017,4,8,17,Saturday,Non intersection,Thru lane,Sideswipe,Daylight,Municipal (excl. Twp. Rd.),Traffic signal,Functioning,0,0,0,False,False,False,Clear,0
2017,4,10,8,Monday,At/near private drive,Thru lane,Turning movement,Daylight,Municipal (excl. Twp. Rd.),No control,unknown,0,0,0,False,False,False,Clear,0
2017,4,10,16,Monday,Non intersection,Thru lane,Sideswipe,Daylight,Municipal (excl. Twp. Rd.),No control,unknown,0,0,0,False,False,False,Clear,0
2017,4,11,12,Tuesday,Non intersection,Thru lane,SMV unattended vehicle,Daylight,Municipal (excl. Twp. Rd.),No control,unknown,0,0,0,False,False,False,Clear,0
2017,4,12,13,Wednesday,Non intersection,Thru lane,SMV unattended vehicle,Daylight,Municipal (excl. Twp. Rd.),No control,unknown,0,0,0,False,False,False,Clear,0
2017,4,12,11,Wednesday,Non intersection,Thru lane,Sideswipe,Daylight,Regional municipality,No control,unknown,0,0,0,False,False,False,Clear,0
2017,4,12,16,Wednesday,At/near private drive,Thru lane,Turning movement,Daylight,Regional municipality,Stop sign,Functioning,0,0,0,False,False,False,Clear,0