ACCIDENT_YEAR,ACCIDENT_MONTH,ACCIDENT_DAY,ACCIDENT_HOUR,ACCIDENT_WEEKDAY,ACCIDENTLOCATION,IMPACTLOCATION,INITIALIMPACTTYPE,LIGHT,ROADJURISDICTION,TRAFFICCONTROL,TRAFFICCONTROLCONDITION,THRULANENO,NORTHBOUNDDISOBEYCOUNT,SOUTHBOUNDDISOBEYCOUNT,PEDESTRIANINVOLVED,CYCLISTINVOLVED,MOTORCYCLISTINVOLVED,ENVIRONMENTCONDITION1,injury
2017,4,13,9,Thursday,At intersection,Within intersection,Angle,Daylight,Municipal (excl. Twp. Rd.),Stop sign,Functioning,0,0,0,False,False,False,Clear,1
2017,4,13,10,Thursday,Other,Off highway,SMV other,Daylight,Private property,No control,unknown,0,0,0,True,False,False,Clear,1
2017,4,10,22,Monday,Non intersection,Thru lane,SMV other,Dark,Municipal (excl. Twp. Rd.),No control,unknown,0,0,0,False,False,False,Rain,0
2017,4,13,13,Thursday,At intersection,Within intersection,SMV other,Daylight,Municipal (excl. Twp. Rd.),Traffic signal,Functioning,0,0,0,True,False,False,Clear,1
2017,4,13,16,Thursday,Non intersection,Off highway,SMV other,Daylight,Regional municipality,No control,unknown,0,0,0,False,False,False,Clear,0
2017,4,14,0,Friday,Intersection related,Off highway,SMV other,Dark,Regional municipality,Other,Functioning,0,0,0,False,False,False,Clear,0
2017,3,31,19,Friday,Non intersection,Thru lane,SMV unattended vehicle,Dark,Municipal (excl. Twp. Rd.),No control,unknown,0,0,0,False,False,False,Snow,0
2017,4,14,15,Friday,Non intersection,Thru lane,SMV other,Daylight,Municipal (excl. Twp. Rd.),No control,unknown,0,0,0,True,False,False,Clear,1
2017,4,15,14,Saturday,Intersection related,Not on roadway - right side,SMV other,Daylight,Municipal (excl. Twp. Rd.),Stop sign,Functioning,0,0,0,False,False,False,Clear,1
2017,4,15,16,Saturday,At/near private drive,Thru lane,SMV unattended vehicle,Daylight,Municipal (excl. Twp. Rd.),No control,unknown,0,0,0,False,False,False,Clear,0
2017,4,15,17,Saturday,Non intersection,Thru lane,SMV other,Daylight,Regional municipality,No control,unknown,0,0,0,True,False,False,Clear,1
2017,4,15,12,Saturday,Non intersection,Thru lane,Sideswipe,Daylight,Municipal (excl. Twp. Rd.),No control,unknown,0,0,0,False,False,False,Clear,0
2017,4,18,13,Tuesday,Non intersection,Thru lane,Rear end,Daylight,Municipal (excl. Twp. Rd.),No control,unknown,0,0,0,False,False,False,Clear,0
2017,4,18,17,Tuesday,At/near private drive,Thru lane,Turning movement,Daylight,Municipal (excl. Twp. Rd.),Stop sign,Functioning,0,0,0,False,False,False,Clear,1
2017,2,18,14,Saturday,At/near private drive,Thru lane,Other,Daylight,Municipal (excl. Twp. Rd.),No control,unknown,0,0,0,False,False,False,Clear,0
2017,4,19,10,Wednesday,At/near private drive,Thru lane,Other,Daylight,Regional municipality,No control,unknown,0,0,0,False,False,False,Clear,0
2017,4,20,6,Thursday,At/near private drive,Thru lane,SMV unattended vehicle,"Dark, artificial",Municipal (excl. Twp. Rd.),No control,unknown,0,0,0,False,False,False,Clear,0
2017,4,21,1,Friday,Intersection related,Right shoulder,SMV other,"Dark, artificial",Municipal (excl. Twp. Rd.),No control,unknown,0,0,0,False,False,False,Rain,0
2017,4,21,12,Friday,Non intersection,Thru lane,SMV unattended vehicle,Daylight,Municipal (excl. Twp. Rd.),No control,unknown,0,0,0,False,False,False,Clear,0
2017,4,21,11,Friday,At intersection,Within intersection,Turning movement,Daylight,Municipal (excl. Twp. Rd.),Stop sign,Functioning,0,0,0,False,False,False,Rain,0
2017,4,21,15,Friday,Non intersection,Thru lane,Rear end,Daylight,Regional municipality,Traffic signal,Functioning,0,0,0,False,False,False,Clear,0
2017,4,21,17,Friday,At intersection,Within intersection,Turning movement,Daylight,Regional municipality,Traffic signal,Functioning,0,0,0,False,False,False,Clear,0
2017,4,21,22,Friday,Non intersection,Thru lane,SMV unattended vehicle,Dark,Municipal (excl. Twp. Rd.),No control,unknown,0,0,0,False,False,False,Clear,0
2017,4,23,2,Sunday,Non intersection,Right shoulder,SMV other,Dark,Municipal (excl. Twp. Rd.),Traffic controller,unknown,0,0,0,False,False,False,Clear,0
2017,4,21,23,Friday,At/near private drive,Thru lane,SMV unattended vehicle,Dark,Municipal (excl. Twp. Rd.),No control,unknown,0,0,0,False,False,False,Clear,0
2017,4,23,12,Sunday,Non intersection,Thru lane,SMV unattended vehicle,Daylight,Municipal (excl. Twp. Rd.),No control,unknown,0,0,0,False,False,False,Clear,0
2017,4,24,2,Monday,Non intersection,Thru lane,SMV unattended vehicle,Dark,Municipal (excl. Twp. Rd.),No control,unknown,0,0,0,False,False,False,Clear,0
2017,4,23,20,Sunday,Non intersection,Thru lane,SMV unattended vehicle,"Dark, artificial",Municipal (excl. Twp. Rd.),No control,unknown,0,0,0,False,False,False,Clear,0
2017,4,21,19,Friday,Non intersection,Right shoulder,SMV unattended vehicle,Daylight,Municipal (excl. Twp. Rd.),No control,unknown,0,0,0,False,False,False,Clear,1
2017,4,25,7,Tuesday,At intersection,Within intersection,Turning movement,Daylight,Municipal (excl. Twp. Rd.),Stop sign,Functioning,0,0,0,False,True,False,Rain,1
2017,4,25,11,Tuesday,At intersection,Within intersection,Angle,Daylight,Municipal (excl. Twp. Rd.),Stop sign,Functioning,0,0,0,False,False,False,Rain,0
2017,4,25,14,Tuesday,At intersection,Within intersection,Turning movement,Daylight,Municipal (excl. Twp. Rd.),Traffic signal,Functioning,0,0,0,False,False,False,Clear,0
2017,4,26,11,Wednesday,At/near private drive,Thru lane,Rear end,Daylight,Regional municipality,No control,unknown,0,0,0,False,False,False,Clear,1
2017,4,26,11,Wednesday,Non intersection,Thru lane,Turning movement,Daylight,Regional municipality,No control,unknown,0,0,0,False,False,False,Clear,0
2017,4,22,15,Saturday,Non intersection,Right shoulder,SMV unattended vehicle,Daylight,Municipal (excl. Twp. Rd.),No control,unknown,0,0,0,False,False,False,Clear,0
2017,4,26,15,Wednesday,At/near private drive,Thru lane,Other,Daylight,Municipal (excl. Twp. Rd.),No control,unknown,0,0,0,False,False,False,Clear,0
2017,4,27,15,Thursday,At intersection,Within intersection,Angle,Daylight,Regional municipality,Stop sign,Functioning,0,0,0,False,False,False,Clear,1
2017,4,27,15,Thursday,At/near private drive,Left turn lane,Turning movement,Daylight,Regional municipality,No control,unknown,0,0,0,False,False,False,Clear,0
2017,4,27,15,Thursday,At/near private drive,Left turn lane,Turning movement,Daylight,Municipal (excl. Twp. Rd.),No control,unknown,0,0,0,False,False,False,Clear,0
2017,4,27,22,Thursday,Intersection related,Thru lane,Rear end,Dark,Municipal (excl. Twp. Rd.),Traffic signal,Functioning,0,0,0,False,False,False,Clear,0
2017,4,27,13,Thursday,Non intersection,Thru lane,SMV unattended vehicle,Daylight,Municipal (excl. Twp. Rd.),No control,unknown,0,0,0,False,False,False,Clear,0
2017,4,29,8,Saturday,At/near private drive,Other,SMV unattended vehicle,Daylight,Municipal (excl. Twp. Rd.),No control,unknown,0,0,0,False,False,False,Clear,0
2017,4,29,9,Saturday,Non intersection,Off highway,SMV other,Daylight,Municipal (excl. Twp. Rd.),No control,unknown,0,0,0,False,False,False,Clear,0
2017,4,29,18,Saturday,At/near private drive,Thru lane,Angle,Daylight,Regional municipality,No control,unknown,0,0,0,False,False,False,Clear,0
2017,4,30,21,Sunday,At/near private drive,Thru lane,Turning movement,"Dark, artificial",Municipal (excl. Twp. Rd.),No control,unknown,0,0,0,False,False,False,Rain,0
2017,3,28,7,Tuesday,Non intersection,Thru lane,SMV unattended vehicle,"Dark, artificial",Municipal (excl. Twp. Rd.),No control,unknown,0,0,0,False,False,False,Clear,0
2016,4,28,6,Thursday,Non intersection,Thru lane,SMV unattended vehicle,Daylight,Municipal (excl. Twp. Rd.),No control,unknown,0,0,0,False,False,False,Clear,0
2017,5,1,14,Monday,At intersection,Within intersection,Angle,Daylight,Municipal (excl. Twp. Rd.),Stop sign,Functioning,0,0,0,False,False,False,Rain,0
2017,4,27,9,Thursday,At/near private drive,Thru lane,SMV unattended vehicle,Daylight,Municipal (excl. Twp. Rd.),No control,unknown,0,0,0,False,False,False,Clear,0
2017,5,2,11,Tuesday,At intersection,Within intersection,Turning movement,Daylight,Municipal (excl. Twp. Rd.),Traffic signal,Functioning,0,0,0,False,False,False,Rain,1
2017,5,2,11,Tuesday,Non intersection,Thru lane,SMV unattended vehicle,Daylight,Municipal (excl. Twp. Rd.),Stop sign,Functioning,0,0,0,False,False,False,Rain,0
2017,5,2,12,Tuesday,At intersection,Within intersection,Turning movement,Daylight,Municipal (excl. Twp. Rd.),Traffic signal,Functioning,0,0,0,False,False,False,Rain,1
2017,4,29,23,Saturday,Non intersection,Thru lane,SMV unattended vehicle,"Dark, artificial",Municipal (excl. Twp. Rd.),No control,unknown,0,0,0,False,False,False,Rain,0
2017,5,2,14,Tuesday,At/near private drive,Thru lane,Rear end,Daylight,Municipal (excl. Twp. Rd.),No control,unknown,0,0,0,False,False,False,Rain,0
2017,5,2,10,Tuesday,At/near private drive,Thru lane,SMV unattended vehicle,Daylight,Municipal (excl. Twp. Rd.),No control,unknown,0,0,0,False,False,False,Rain,0
2017,5,1,14,Monday,Intersection related,Thru lane,Rear end,Daylight,Municipal (excl. Twp. Rd.),Traffic signal,Functioning,0,0,0,False,False,False,Rain,0
2017,5,2,19,Tuesday,At intersection,Within intersection,Angle,Dusk,Municipal (excl. Twp. Rd.),Stop sign,Functioning,0,0,1,False,False,False,Rain,0
2017,5,2,23,Tuesday,At intersection,Within intersection,Turning movement,Dark,Municipal (excl. Twp. Rd.),Stop sign,Functioning,0,0,0,False,False,False,Rain,0
2017,5,3,7,Wednesday,Non intersection,Thru lane,SMV unattended vehicle,Daylight,Municipal (excl. Twp. Rd.),No control,unknown,0,0,0,False,False,False,Clear,0
2017,5,2,13,Tuesday,At/near private drive,Right shoulder,SMV unattended vehicle,Daylight,Municipal (excl. Twp. Rd.),No control,unknown,0,0,0,False,False,False,Rain,0
2017,5,3,13,Wednesday,At intersection,Within intersection,Angle,Daylight,Regional municipality,Traffic signal,Functioning,0,0,0,False,False,False,Clear,0
2017,5,3,16,Wednesday,At/near private drive,Right turn lane,Turning movement,Daylight,Municipal (excl. Twp. Rd.),Stop sign,Functioning,0,0,0,False,False,False,Clear,1
2017,5,3,14,Wednesday,At/near private drive,Thru lane,Turning movement,Daylight,Municipal (excl. Twp. Rd.),No control,unknown,0,0,0,False,False,False,Clear,0
2017,5,4,8,Thursday,At intersection,Within intersection,Rear end,Daylight,Municipal (excl. Twp. Rd.),Stop sign,Functioning,0,0,0,False,False,False,Clear,0
2017,5,4,12,Thursday,At intersection,Within intersection,Angle,Daylight,Municipal (excl. Twp. Rd.),Stop sign,Functioning,0,0,0,False,False,False,Rain,0
2017,5,3,16,Wednesday,Non intersection,Thru lane,Sideswipe,Daylight,Municipal (excl. Twp. Rd.),No control,unknown,0,0,0,False,False,False,Clear,0
2017,5,4,13,Thursday,At intersection,Within intersection,Angle,Daylight,Municipal (excl. Twp. Rd.),No control,unknown,0,0,0,False,False,False,Rain,1
2017,5,3,15,Wednesday,At/near private drive,Thru lane,SMV unattended vehicle,Daylight,Municipal (excl. Twp. Rd.),No control,unknown,0,0,0,False,False,False,Clear,0
2017,5,4,16,Thursday,Intersection related,Thru lane,Turning movement,Daylight,Regional municipality,Stop sign,Functioning,0,0,0,False,False,False,Rain,1
2017,5,4,18,Thursday,At/near private drive,Thru lane,Other,Dusk,Regional municipality,No control,unknown,0,0,0,False,False,False,Rain,0
2017,5,5,2,Friday,Non intersection,Thru lane,SMV unattended vehicle,"Dark, artificial",Municipal (excl. Twp. Rd.),No control,unknown,0,0,0,False,False,False,Rain,0
2017,5,5,6,Friday,Non intersection,Not on roadway - right side,SMV other,Dawn,Municipal (excl. Twp. Rd.),No control,unknown,0,0,0,False,False,False,Rain,1
2017,5,5,7,Friday,At intersection,Within intersection,Angle,Daylight,Municipal (excl. Twp. Rd.),Stop sign,Functioning,0,0,0,False,False,False,Rain,0
2017,5,5,8,Friday,At intersection,Within intersection,Turning movement,Daylight,Municipal (excl. Twp. Rd.),Traffic signal,Functioning,0,0,0,False,False,False,Rain,1
2017,5,5,9,Friday,Non intersection,Thru lane,Sideswipe,Daylight,Municipal (excl. Twp. Rd.),No control,unknown,0,0,0,False,False,False,Rain,0
2017,5,4,20,Thursday,At intersection,Within intersection,Angle,Dusk,Municipal (excl. Twp. Rd.),Stop sign,Functioning,0,0,0,False,False,False,Rain,0
2017,5,1,7,Monday,Non intersection,Right shoulder,SMV unattended vehicle,"Dark, artificial",Municipal (excl. Twp. Rd.),No control,unknown,0,0,0,False,False,False,Clear,0
2017,5,5,10,Friday,At/near private drive,Thru lane,Other,Daylight,Municipal (excl. Twp. Rd.),No control,unknown,0,0,0,False,False,False,Rain,0
2017,5,5,15,Friday,Non intersection,Thru lane,Rear end,Daylight,Municipal (excl. Twp. Rd.),No control,unknown,0,0,0,False,False,False,Rain,0
2017,5,5,22,Friday,Non intersection,Left shoulder,SMV unattended vehicle,Dark,Municipal (excl. Twp. Rd.),No control,unknown,0,0,0,False,False,False,Clear,0
2017,5,7,2,Sunday,Non intersection,Thru lane,SMV unattended vehicle,"Daylight, artificial",Municipal (excl. Twp. Rd.),No control,unknown,0,0,0,False,False,False,Clear,1
2017,5,7,17,Sunday,At intersection,Within intersection,Turning movement,Daylight,Regional municipality,Yield sign,Functioning,0,0,0,False,False,False,Clear,0
2017,5,8,10,Monday,At/near private drive,Thru lane,Other,Daylight,Municipal (excl. Twp. Rd.),No control,unknown,0,0,0,False,False,False,Clear,0
2017,5,8,21,Monday,Non intersection,Thru lane,SMV unattended vehicle,"Dark, artificial",Municipal (excl. Twp. Rd.),No control,unknown,0,0,0,False,False,False,Clear,0
2017,5,9,11,Tuesday,At intersection,Within intersection,Angle,Daylight,Municipal (excl. Twp. Rd.),Stop sign,Functioning,0,1,0,False,False,False,Clear,1
2017,5,5,21,Friday,At/near private drive,Right shoulder,SMV unattended vehicle,"Dark, artificial",Municipal (excl. Twp. Rd.),No control,unknown,0,0,0,False,False,False,"Fog, mist, smoke, dust",0
2017,5,9,17,Tuesday,Non intersection,Off highway,SMV other,Daylight,Municipal (excl. Twp. Rd.),Traffic controller,unknown,0,0,0,False,False,False,Clear,0
2017,5,10,7,Wednesday,At/near private drive,Thru lane,SMV unattended vehicle,Daylight,Municipal (excl. Twp. Rd.),No control,unknown,0,0,0,False,False,False,Clear,0
2017,5,10,15,Wednesday,Non intersection,Thru lane,Rear end,Daylight,Municipal (excl. Twp. Rd.),No control,unknown,0,0,0,False,False,False,Clear,0
2017,5,10,21,Wednesday,At intersection,Within intersection,Turning movement,"Dark, artificial",Municipal (excl. Twp. Rd.),Traffic signal,Functioning,0,0,0,False,False,False,Clear,0
2017,5,10,22,Wednesday,At intersection,Within intersection,Angle,Dark,Regional municipality,Traffic signal,Functioning,0,0,0,False,False,False,Clear,1
2017,5,11,10,Thursday,Other,Not on roadway - right side,SMV other,Daylight,Regional municipality,No control,unknown,0,0,0,False,False,False,Clear,0
2017,5,11,11,Thursday,At intersection,Within intersection,Sideswipe,Daylight,Municipal (excl. Twp. Rd.),Stop sign,Functioning,0,0,0,False,False,False,Clear,0
2017,5,11,11,Thursday,Non intersection,Thru lane,SMV other,Daylight,Regional municipality,No control,unknown,0,0,0,True,False,False,Clear,1
2017,5,10,21,Wednesday,At/near private drive,Thru lane,SMV unattended vehicle,Dark,Municipal (excl. Twp. Rd.),No control,unknown,0,0,0,False,False,False,Clear,0
2017,5,10,12,Wednesday,At/near private drive,Thru lane,SMV unattended vehicle,Daylight,Municipal (excl. Twp. Rd.),No control,unknown,0,0,0,False,False,False,Clear,0
2017,5,11,17,Thursday,At intersection,Within intersection,SMV other,Daylight,Municipal (excl. Twp. Rd.),Stop sign,Functioning,0,0,0,True,False,False,Clear,1
2017,5,11,14,Thursday,At/near private drive,Right shoulder,SMV unattended vehicle,Daylight,Municipal (excl. Twp. Rd.),No control,unknown,0,0,0,False,False,False,Clear,0
2017,5,11,17,Thursday,At/near private drive,Right shoulder,SMV unattended vehicle,Daylight,Regional municipality,No control,unknown,0,0,0,False,False,False,Clear,0
2017,5,12,10,Friday,At intersection,Within intersection,Other,Daylight,Municipal (excl. Twp. Rd.),Stop sign,Functioning,0,0,0,False,False,False,Clear,0
2017,5,12,13,Friday,Non intersection,Right shoulder,SMV other,Daylight,Municipal (excl. Twp. Rd.),No control,unknown,0,0,0,False,False,False,Clear,1
2017,5,12,21,Friday,At/near private drive,Not on roadway - left side,SMV other,Dark,Regional municipality,No control,unknown,0,0,0,False,False,False,Clear,0
2017,5,13,10,Saturday,Non intersection,Thru lane,SMV unattended vehicle,Daylight,Regional municipality,No control,unknown,0,0,0,False,False,False,Clear,1
2017,5,13,13,Saturday,Intersection related,Thru lane,Sideswipe,Daylight,Municipal (excl. Twp. Rd.),Stop sign,Functioning,0,0,0,False,False,False,Clear,0
2017,5,14,11,Sunday,At/near private drive,Other,Turning movement,Daylight,Private property,No control,unknown,0,0,0,False,False,False,Clear,0
2017,5,13,10,Saturday,At intersection,Within intersection,SMV other,Daylight,Regional municipality,Stop sign,Functioning,0,0,0,False,False,False,Clear,0
2017,5,14,17,Sunday,Non intersection,Thru lane,SMV other,Daylight,Regional municipality,No control,unknown,0,0,0,True,False,False,Clear,1
2017,5,15,9,Monday,At/near private drive,Thru lane,Rear end,Daylight,Municipal (excl. Twp. Rd.),No control,unknown,0,0,0,False,False,False,Clear,0
2017,5,15,11,Monday,At/near private drive,Thru lane,Turning movement,Daylight,Municipal (excl. Twp. Rd.),No control,unknown,0,0,0,False,False,False,Clear,0
2017,5,14,8,Sunday,At/near private drive,Thru lane,SMV unattended vehicle,Daylight,Municipal (excl. Twp. Rd.),No control,unknown,0,0,0,False,False,False,Clear,0
2017,5,15,14,Monday,At intersection,Within intersection,Turning movement,Daylight,Municipal (excl. Twp. Rd.),Traffic signal,Functioning,0,0,0,False,False,False,Clear,0
2017,5,15,7,Monday,Intersection related,Thru lane,Rear end,Daylight,Regional municipality,Stop sign,Functioning,0,0,0,False,False,False,Clear,1
2017,5,16,8,Tuesday,Non intersection,Thru lane,Other,Daylight,Municipal (excl. Twp. Rd.),No control,unknown,0,0,0,False,False,False,Clear,0
2017,5,17,12,Wednesday,At/near private drive,Thru lane,Rear end,Daylight,Municipal (excl. Twp. Rd.),No control,unknown,0,0,0,False,False,False,Clear,0
2017,5,17,11,Wednesday,At/near private drive,Thru lane,Turning movement,Daylight,Municipal (excl. Twp. Rd.),No control,unknown,0,0,0,False,True,False,Clear,1
2017,5,15,12,Monday,At/near private drive,Thru lane,SMV unattended vehicle,Daylight,Municipal (excl. Twp. Rd.),No control,unknown,0,0,0,False,False,False,Clear,0
2017,5,16,16,Tuesday,Intersection related,Thru lane,Rear end,Daylight,Municipal (excl. Twp. Rd.),Stop sign,Functioning,0,0,0,False,False,False,Clear,0
2017,5,17,19,Wednesday,At/near private drive,Thru lane,SMV unattended vehicle,Daylight,Municipal (excl. Twp. Rd.),No control,unknown,0,0,0,False,False,False,Clear,0
2017,5,10,18,Wednesday,At/near private drive,Right shoulder,SMV unattended vehicle,Daylight,Municipal (excl. Twp. Rd.),No control,unknown,0,0,0,False,False,False,Clear,0
2017,5,18,16,Thursday,At intersection,Within intersection,Turning movement,Daylight,Municipal (excl. Twp. Rd.),Traffic signal,Functioning,0,0,0,False,False,False,Clear,0
2017,5,12,23,Friday,At/near private drive,Right shoulder,SMV unattended vehicle,"Dark, artificial",Municipal (excl. Twp. Rd.),No control,unknown,0,0,0,False,False,False,Clear,0
2017,5,18,16,Thursday,Intersection related,Right turn lane,Rear end,Daylight,Regional municipality,Yield sign,Functioning,0,0,0,False,False,False,Clear,0
2017,5,14,17,Sunday,Non intersection,Right shoulder,Other,Daylight,Municipal (excl. Twp. Rd.),No control,unknown,0,0,0,False,False,False,Clear,0
2017,5,20,21,Saturday,At/near private drive,Not on roadway - right side,SMV unattended vehicle,"Daylight, artificial",Regional municipality,No control,unknown,0,0,0,False,False,False,Clear,0
2017,5,21,9,Sunday,Non intersection,Thru lane,SMV unattended vehicle,Daylight,Municipal (excl. Twp. Rd.),No control,unknown,0,0,0,False,False,False,Rain,0
2017,5,22,11,Monday,At/near private drive,Right shoulder,SMV unattended vehicle,"Dark, artificial",Municipal (excl. Twp. Rd.),No control,unknown,0,0,0,False,False,False,Clear,0
2017,5,23,8,Tuesday,Non intersection,Thru lane,Turning movement,Daylight,Municipal (excl. Twp. Rd.),No control,unknown,0,0,0,False,False,False,Clear,0
2017,5,23,17,Tuesday,At/near private drive,Thru lane,Turning movement,Daylight,Municipal (excl. Twp. Rd.),Stop sign,Functioning,0,0,0,False,False,False,Clear,0
2017,5,23,17,Tuesday,At intersection,Right turn lane,SMV other,Daylight,Regional municipality,Traffic signal,Functioning,0,0,0,False,False,False,Clear,0
2017,5,23,18,Tuesday,Intersection related,Left turn lane,Sideswipe,Daylight,Regional municipality,Traffic signal,Functioning,0,0,0,False,False,False,Clear,0
2017,5,24,15,Wednesday,At intersection,Within intersection,Angle,Daylight,Municipal (excl. Twp. Rd.),Stop sign,Functioning,0,0,0,False,False,False,Clear,1
2017,5,24,8,Wednesday,At/near private drive,Thru lane,Other,Daylight,Municipal (excl. Twp. Rd.),No control,unknown,0,0,0,False,False,False,Clear,0
2017,5,25,12,Thursday,Non intersection,Thru lane,Sideswipe,Daylight,Regional municipality,No control,unknown,0,0,0,False,False,False,Rain,0
2017,5,26,1,Friday,Non intersection,Thru lane,Approaching,Dark,Municipal (excl. Twp. Rd.),No control,unknown,0,0,0,False,False,False,Clear,0
2017,5,26,2,Friday,Non intersection,Thru lane,SMV other,Dark,Municipal (excl. Twp. Rd.),No control,unknown,0,0,0,False,False,False,Rain,0
2017,5,26,13,Friday,At/near private drive,Thru lane,SMV unattended vehicle,Daylight,Municipal (excl. Twp. Rd.),No control,unknown,0,0,0,False,False,False,Clear,0
2017,5,24,15,Wednesday,Non intersection,Right shoulder,Sideswipe,Daylight,Municipal (excl. Twp. Rd.),No control,unknown,0,0,0,False,False,False,Clear,0
2017,5,26,14,Friday,At intersection,Within intersection,Angle,Daylight,Municipal (excl. Twp. Rd.),Traffic signal,Functioning,0,0,1,False,False,False,Clear,1
2017,5,22,20,Monday,Non intersection,Thru lane,SMV unattended vehicle,Dusk,Municipal (excl. Twp. Rd.),No control,unknown,0,0,0,False,False,False,Clear,0
2017,5,28,11,Sunday,Non intersection,Thru lane,SMV unattended vehicle,Daylight,Municipal (excl. Twp. Rd.),No control,unknown,0,0,0,False,False,False,Clear,0
2017,5,29,12,Monday,Non intersection,Right shoulder,SMV unattended vehicle,Daylight,Municipal (excl. Twp. Rd.),No control,unknown,0,0,0,False,False,False,Clear,1
2017,5,24,11,Wednesday,At/near private drive,Thru lane,SMV unattended vehicle,Daylight,Municipal (excl. Twp. Rd.),No control,unknown,0,0,0,False,False,False,Clear,0
2017,5,29,16,Monday,At/near private drive,Thru lane,SMV unattended vehicle,Daylight,Municipal (excl. Twp. Rd.),No control,unknown,0,0,0,False,False,False,Clear,0
2017,5,29,17,Monday,Intersection related,Thru lane,Turning movement,Daylight,Municipal (excl. Twp. Rd.),No control,unknown,0,0,0,False,False,False,Clear,0
2017,5,29,17,Monday,At/near private drive,Right shoulder,SMV unattended vehicle,Daylight,Municipal (excl. Twp. Rd.),No control,unknown,0,0,0,False,False,False,Clear,0
2017,5,22,8,Monday,Non intersection,Right shoulder,SMV unattended vehicle,Daylight,Municipal (excl. Twp. Rd.),No control,unknown,0,0,0,False,False,False,Clear,0
2017,5,30,0,Tuesday,At/near private drive,Thru lane,SMV unattended vehicle,Dark,Municipal (excl. Twp. Rd.),No control,unknown,0,0,0,False,False,False,Rain,0
2017,5,28,15,Sunday,Intersection related,Thru lane,Rear end,Daylight,Municipal (excl. Twp. Rd.),Stop sign,Functioning,0,0,0,False,False,False,Clear,0
2017,5,30,16,Tuesday,At intersection,Within intersection,Turning movement,Daylight,Regional municipality,Stop sign,Functioning,0,0,0,False,False,False,Clear,0
2017,5,30,16,Tuesday,Non intersection,Thru lane,Rear end,Daylight,Municipal (excl. Twp. Rd.),Ped. crossover,Functioning,0,0,0,False,False,False,Clear,0
2017,5,31,12,Wednesday,Non intersection,Thru lane,Turning movement,Daylight,Regional municipality,No control,unknown,0,0,0,False,False,True,Clear,1
2017,5,31,12,Wednesday,At intersection,Within intersection,Turning movement,Daylight,Municipal (excl. Twp. Rd.),Stop sign,Functioning,0,0,0,False,False,False,Clear,0
2017,5,31,13,Wednesday,At intersection,Within intersection,Turning movement,Daylight,Regional municipality,Traffic signal,Functioning,0,0,0,False,False,False,Clear,1
2017,5,31,15,Wednesday,At/near private drive,Thru lane,Angle,Daylight,Regional municipality,No control,unknown,0,0,0,False,True,False,Clear,1
2017,5,31,21,Wednesday,At intersection,Within intersection,SMV other,"Daylight, artificial",Municipal (excl. Twp. Rd.),Yield sign,Functioning,0,0,0,False,False,True,Clear,1
2017,6,1,6,Thursday,Non intersection,Off highway,SMV other,Daylight,Municipal (excl. Twp. Rd.),No control,unknown,0,0,0,False,False,False,Clear,0
2017,6,1,16,Thursday,Non intersection,Not on roadway - right side,SMV other,Daylight,Municipal (excl. Twp. Rd.),No control,unknown,0,0,0,False,False,False,Clear,0
2017,6,1,16,Thursday,Non intersection,Right turn lane,Sideswipe,Daylight,Municipal (excl. Twp. Rd.),No control,unknown,0,0,0,False,False,False,Clear,0
2017,6,2,7,Friday,At/near private drive,Thru lane,Angle,Daylight,Municipal (excl. Twp. Rd.),No control,unknown,0,0,0,False,False,False,Clear,0
2017,6,2,8,Friday,Intersection related,Thru lane,SMV unattended vehicle,Daylight,Municipal (excl. Twp. Rd.),No control,unknown,0,0,0,False,False,False,Clear,0
2017,6,2,14,Friday,At/near private drive,Off highway,SMV other,Daylight,Municipal (excl. Twp. Rd.),No control,unknown,0,0,0,False,False,False,Clear,0
2017,6,1,18,Thursday,At/near private drive,Thru lane,Other,Daylight,Regional municipality,No control,unknown,0,0,0,False,False,False,Clear,0
2017,6,2,18,Friday,Intersection related,Thru lane,SMV unattended vehicle,Daylight,Municipal (excl. Twp. Rd.),No control,unknown,0,0,0,False,False,False,Clear,0
2017,6,2,21,Friday,Non intersection,Thru lane,SMV unattended vehicle,"Dark, artificial",Municipal (excl. Twp. Rd.),No control,unknown,0,0,0,False,False,False,Clear,0
2017,6,3,10,Saturday,Intersection related,Right turn lane,Rear end,Daylight,Municipal (excl. Twp. Rd.),Traffic signal,Functioning,0,0,0,False,False,False,Clear,0
2017,6,3,16,Saturday,Non intersection,Left shoulder,SMV other,Daylight,Municipal (excl. Twp. Rd.),No control,unknown,0,0,0,False,False,False,Clear,1
2017,6,3,18,Saturday,At/near private drive,Thru lane,Turning movement,Daylight,Municipal (excl. Twp. Rd.),No control,unknown,0,0,0,False,False,False,Clear,1
2017,6,3,21,Saturday,Non intersection,Not on roadway - right side,SMV other,"Dark, artificial",Municipal (excl. Twp. Rd.),No control,unknown,0,0,0,False,False,False,Clear,0
2017,6,3,23,Saturday,Non intersection,Off highway,SMV other,"Dark, artificial",Municipal (excl. Twp. Rd.),No control,unknown,0,0,0,True,False,False,Clear,1
2017,6,3,19,Saturday,Non intersection,Thru lane,Rear end,Daylight,Municipal (excl. Twp. Rd.),No control,unknown,0,0,0,False,False,False,Clear,0
2017,6,4,10,Sunday,Non intersection,Thru lane,Rear end,Daylight,Municipal (excl. Twp. Rd.),No control,unknown,0,0,0,False,False,False,Clear,0
2017,6,4,17,Sunday,Intersection related,Thru lane,Turning movement,Daylight,Municipal (excl. Twp. Rd.),No control,unknown,0,0,0,False,False,False,Clear,0