ACCIDENT_YEAR,ACCIDENT_MONTH,ACCIDENT_DAY,ACCIDENT_HOUR,ACCIDENT_WEEKDAY,ACCIDENTLOCATION,IMPACTLOCATION,INITIALIMPACTTYPE,LIGHT,ROADJURISDICTION,TRAFFICCONTROL,TRAFFICCONTROLCONDITION,THRULANENO,NORTHBOUNDDISOBEYCOUNT,SOUTHBOUNDDISOBEYCOUNT,PEDESTRIANINVOLVED,CYCLISTINVOLVED,MOTORCYCLISTINVOLVED,ENVIRONMENTCONDITION1,injury
2017,6,4,19,Sunday,At/near private drive,Right shoulder,SMV unattended vehicle,Daylight,Municipal (excl. Twp. Rd.),No control,unknown,0,0,0,False,False,False,Clear,0
2017,6,5,8,Monday,Intersection related,Thru lane,Rear end,Daylight,Regional municipality,Traffic signal,Functioning,0,0,0,False,False,False,Clear,0
2017,6,4,22,Sunday,At/near private drive,Right shoulder,SMV unattended vehicle,"Dark, artificial",Municipal (excl. Twp. Rd.),No control,unknown,0,0,0,False,False,False,Clear,0
2017,6,5,14,Monday,Non intersection,Thru lane,Other,Daylight,Municipal (excl. Twp. Rd.),No control,unknown,0,0,0,False,False,False,Rain,0
2017,6,4,14,Sunday,Non intersection,Thru lane,SMV unattended vehicle,Daylight,Municipal (excl. Twp. Rd.),No control,unknown,0,0,0,False,False,False,Clear,0
2017,6,5,22,Monday,At/near private drive,Left shoulder,SMV other,"Dark, artificial",Regional municipality,No control,unknown,0,0,0,False,False,False,Clear,0
2017,6,2,15,Friday,At/near private drive,Thru lane,Other,Daylight,Municipal (excl. Twp. Rd.),No control,unknown,0,0,0,False,False,False,Clear,0
2017,6,6,11,Tuesday,At intersection,Within intersection,Angle,Daylight,Municipal (excl. Twp. Rd.),Stop sign,Functioning,0,0,0,False,False,False,Clear,1
2017,5,28,21,Sunday,At/near private drive,Thru lane,SMV unattended vehicle,Daylight,Municipal (excl. Twp. Rd.),No control,unknown,0,0,0,False,False,False,Clear,0
2017,6,6,16,Tuesday,Non intersection,Not on roadway - right side,SMV other,Daylight,Municipal (excl. Twp. Rd.),No control,unknown,0,0,0,False,False,False,Clear,0
2017,6,7,13,Wednesday,At intersection,Within intersection,Angle,Daylight,Municipal (excl. Twp. Rd.),Stop sign,Functioning,0,0,0,False,False,False,Clear,1
2017,6,7,17,Wednesday,Non intersection,Thru lane,Sideswipe,Daylight,Municipal (excl. Twp. Rd.),No control,unknown,0,0,0,False,False,False,Clear,1
2017,6,8,8,Thursday,At intersection,Within intersection,Angle,Daylight,Municipal (excl. Twp. Rd.),Stop sign,Functioning,0,0,0,False,False,False,Clear,1
2017,6,8,8,Thursday,Non intersection,Off highway,SMV other,Daylight,Municipal (excl. Twp. Rd.),No control,unknown,0,0,0,False,False,False,Clear,1
2017,6,7,18,Wednesday,At/near private drive,Not on roadway - right side,Angle,Daylight,Municipal (excl. Twp. Rd.),No control,unknown,0,0,0,False,True,False,Clear,1
2017,6,7,14,Wednesday,Intersection related,Thru lane,Rear end,Daylight,Regional municipality,Traffic signal,Functioning,0,0,0,False,False,False,Clear,1
2017,6,8,18,Thursday,At/near private drive,Thru lane,Other,Daylight,Municipal (excl. Twp. Rd.),No control,unknown,0,0,0,False,False,False,Clear,0
2017,6,9,10,Friday,At intersection,Within intersection,Turning movement,Daylight,Municipal (excl. Twp. Rd.),Traffic signal,Functioning,0,0,0,False,False,False,Clear,0
2017,6,10,13,Saturday,At/near private drive,Thru lane,SMV unattended vehicle,Daylight,Municipal (excl. Twp. Rd.),No control,unknown,0,0,0,False,False,False,Clear,0
2017,6,10,17,Saturday,Non intersection,Thru lane,SMV unattended vehicle,Daylight,Municipal (excl. Twp. Rd.),No control,unknown,0,0,0,False,False,False,Clear,0
2017,6,11,15,Sunday,Non intersection,Not on roadway - right side,SMV other,Daylight,Municipal (excl. Twp. Rd.),No control,unknown,0,0,0,False,False,False,Clear,0
2017,6,11,18,Sunday,Non intersection,Right shoulder,SMV unattended vehicle,Daylight,Municipal (excl. Twp. Rd.),No control,unknown,0,0,0,False,False,False,Clear,0
2017,6,12,9,Monday,At intersection,Within intersection,SMV other,Daylight,Municipal (excl. Twp. Rd.),Stop sign,Functioning,0,0,0,True,False,False,Clear,1
2017,6,11,16,Sunday,At/near private drive,Thru lane,SMV unattended vehicle,Daylight,Municipal (excl. Twp. Rd.),No control,unknown,0,0,0,False,False,False,Clear,0
2017,5,28,17,Sunday,Other,Off highway,SMV other,Daylight,Private property,No control,unknown,0,0,0,False,False,False,Clear,0
2017,6,5,15,Monday,Intersection related,Right turn lane,Rear end,Daylight,Municipal (excl. Twp. Rd.),Stop sign,Functioning,0,0,0,False,False,False,Clear,0
2017,6,13,15,Tuesday,At intersection,Within intersection,SMV other,Daylight,Municipal (excl. Twp. Rd.),Traffic signal,Functioning,0,0,0,True,False,False,Clear,1
2017,6,13,15,Tuesday,At/near private drive,Left turn lane,Turning movement,Daylight,Regional municipality,Stop sign,Functioning,0,0,0,False,False,False,Clear,0
2017,6,13,16,Tuesday,Non intersection,Thru lane,Rear end,Daylight,Municipal (excl. Twp. Rd.),No control,unknown,0,0,0,False,False,False,Clear,0
2017,6,12,11,Monday,Non intersection,Thru lane,Sideswipe,Daylight,Regional municipality,Traffic signal,Functioning,0,0,0,False,False,False,Clear,0
2017,6,14,6,Wednesday,Non intersection,Thru lane,Rear end,Daylight,Municipal (excl. Twp. Rd.),No control,unknown,0,0,0,False,False,False,Clear,0
2017,6,14,7,Wednesday,Non intersection,Right shoulder,SMV unattended vehicle,Daylight,Municipal (excl. Twp. Rd.),No control,unknown,0,0,0,False,False,False,Clear,0
2017,6,14,14,Wednesday,Intersection related,Thru lane,Turning movement,Daylight,Municipal (excl. Twp. Rd.),Stop sign,Functioning,0,0,0,False,False,False,Clear,0
2017,6,14,15,Wednesday,At intersection,Within intersection,Turning movement,Daylight,Regional municipality,Stop sign,Functioning,0,0,0,False,False,False,Clear,0
2017,6,14,8,Wednesday,At intersection,Within intersection,Turning movement,Daylight,Municipal (excl. Twp. Rd.),Stop sign,Functioning,0,0,0,False,True,False,Clear,0
2017,6,14,17,Wednesday,Non intersection,Thru lane,Rear end,Daylight,Regional municipality,No control,unknown,0,0,0,False,False,False,Clear,1
2017,6,15,8,Thursday,At/near private drive,Thru lane,Rear end,Daylight,Regional municipality,No control,unknown,0,0,0,False,False,False,Clear,0
2017,6,15,11,Thursday,At/near private drive,Right shoulder,SMV unattended vehicle,Daylight,Municipal (excl. Twp. Rd.),No control,unknown,0,0,0,False,False,False,Clear,0
2017,6,15,17,Thursday,At intersection,Within intersection,Turning movement,Daylight,Municipal (excl. Twp. Rd.),Stop sign,Functioning,0,0,0,False,False,False,Clear,1
2017,6,15,16,Thursday,Intersection related,Thru lane,Rear end,Daylight,Regional municipality,Traffic signal,Functioning,0,0,0,False,False,False,Clear,0
2017,6,16,16,Friday,Non intersection,Thru lane,SMV unattended vehicle,Daylight,Municipal (excl. Twp. Rd.),No control,unknown,0,0,0,False,False,False,Clear,0
2017,6,16,18,Friday,Intersection related,Thru lane,Rear end,Daylight,Regional municipality,Stop sign,Functioning,0,0,0,False,False,False,Clear,0
2017,6,17,19,Saturday,At intersection,Within intersection,Angle,Daylight,Municipal (excl. Twp. Rd.),Stop sign,Functioning,0,0,0,False,False,False,Clear,1
2017,6,18,16,Sunday,Non intersection,Thru lane,Sideswipe,Daylight,Municipal (excl. Twp. Rd.),No control,unknown,0,0,0,False,False,False,Clear,0
2017,6,18,20,Sunday,At/near private drive,Right shoulder,SMV unattended vehicle,Dark,Municipal (excl. Twp. Rd.),No control,unknown,0,0,0,False,False,False,Clear,0
2017,6,19,9,Monday,Non intersection,Not on roadway - right side,SMV other,Daylight,Municipal (excl. Twp. Rd.),No control,unknown,0,0,0,False,False,False,Clear,1
2017,6,19,13,Monday,Intersection related,Not on roadway - right side,SMV other,Daylight,Municipal (excl. Twp. Rd.),No control,unknown,0,0,0,False,False,False,Clear,0
2017,6,20,20,Tuesday,At intersection,Within intersection,Turning movement,Daylight,Municipal (excl. Twp. Rd.),Stop sign,Functioning,0,0,0,False,False,False,Clear,0
2017,6,21,16,Wednesday,Non intersection,Thru lane,SMV other,Daylight,Municipal (excl. Twp. Rd.),No control,unknown,0,0,0,False,False,False,Clear,0
2017,6,21,16,Wednesday,At/near private drive,Thru lane,Turning movement,Daylight,Municipal (excl. Twp. Rd.),Stop sign,Functioning,0,0,0,False,False,False,Clear,0
2017,6,21,15,Wednesday,At intersection,Within intersection,Turning movement,Daylight,Municipal (excl. Twp. Rd.),Traffic signal,Functioning,0,0,0,False,False,False,Clear,0
2017,6,21,16,Wednesday,At intersection,Within intersection,Turning movement,Daylight,Regional municipality,Stop sign,Functioning,0,0,0,False,False,False,Clear,0
2017,6,22,8,Thursday,Other,Off highway,SMV other,Daylight,Private property,No control,unknown,0,0,0,False,False,False,Clear,0
2017,6,22,8,Thursday,At/near private drive,Thru lane,Turning movement,Daylight,Regional municipality,No control,unknown,0,0,0,False,False,False,Clear,0
2017,6,22,8,Thursday,Intersection related,Thru lane,Angle,Daylight,Municipal (excl. Twp. Rd.),Stop sign,Functioning,0,0,0,False,True,False,Clear,1
2017,6,22,16,Thursday,At/near private drive,Thru lane,Other,Daylight,Municipal (excl. Twp. Rd.),No control,unknown,0,0,0,False,False,False,Clear,0
2017,6,22,22,Thursday,At intersection,Within intersection,Turning movement,Dark,Regional municipality,Traffic signal,Functioning,0,0,0,False,True,False,Clear,1
2017,6,23,7,Friday,Intersection related,Thru lane,Other,Daylight,Municipal (excl. Twp. Rd.),Stop sign,Functioning,0,0,0,False,False,False,Rain,0
2017,6,23,11,Friday,At/near private drive,Thru lane,Rear end,Daylight,Regional municipality,No control,unknown,0,0,0,False,False,False,Clear,0
2017,6,23,23,Friday,Non intersection,Off highway,SMV other,"Dark, artificial",Regional municipality,No control,unknown,0,0,0,False,False,False,Clear,1
2017,6,26,10,Monday,Non intersection,Thru lane,Sideswipe,Daylight,Municipal (excl. Twp. Rd.),No control,unknown,0,0,0,False,False,False,Clear,0
2017,6,26,12,Monday,Intersection related,Thru lane,Turning movement,Daylight,Municipal (excl. Twp. Rd.),Stop sign,Functioning,0,0,0,False,False,False,Clear,0
2017,6,26,15,Monday,At/near private drive,Off highway,SMV other,Daylight,Municipal (excl. Twp. Rd.),No control,unknown,0,0,0,False,False,False,Clear,0
2017,6,26,14,Monday,Intersection related,Thru lane,Turning movement,Daylight,Municipal (excl. Twp. Rd.),Stop sign,Functioning,0,0,0,False,False,False,Clear,0
2017,6,27,10,Tuesday,At intersection,Within intersection,Rear end,Daylight,Municipal (excl. Twp. Rd.),Yield sign,Functioning,0,0,0,False,False,False,Rain,0
2017,6,27,14,Tuesday,At intersection,Within intersection,Angle,Daylight,Municipal (excl. Twp. Rd.),Stop sign,Functioning,0,0,0,False,True,False,Clear,1
2017,6,26,17,Monday,Intersection related,Thru lane,Rear end,Daylight,Municipal (excl. Twp. Rd.),Traffic signal,Functioning,0,0,0,False,False,False,Clear,0
2017,6,27,18,Tuesday,Non intersection,Thru lane,SMV other,Daylight,Municipal (excl. Twp. Rd.),No control,unknown,0,0,0,False,False,False,Clear,0
2017,6,28,7,Wednesday,At intersection,Within intersection,SMV other,Daylight,Regional municipality,Stop sign,Functioning,0,0,0,False,False,False,Clear,0
2017,6,28,9,Wednesday,At/near private drive,Thru lane,Other,Daylight,Municipal (excl. Twp. Rd.),No control,unknown,0,0,0,False,False,False,Clear,0
2017,6,28,17,Wednesday,At intersection,Within intersection,Sideswipe,Daylight,Municipal (excl. Twp. Rd.),Traffic signal,Functioning,0,0,0,False,False,False,Clear,0
2017,6,29,13,Thursday,Intersection related,Thru lane,Rear end,Daylight,Municipal (excl. Twp. Rd.),Stop sign,Functioning,0,0,0,False,False,False,Rain,0
2017,6,30,13,Friday,Non intersection,Thru lane,Other,Daylight,Municipal (excl. Twp. Rd.),No control,unknown,0,0,0,False,False,False,Clear,0
2017,6,30,15,Friday,Non intersection,Thru lane,Rear end,Daylight,Municipal (excl. Twp. Rd.),No control,unknown,0,0,0,False,False,False,Clear,0
2017,6,30,18,Friday,At/near private drive,Not on roadway - right side,SMV other,Daylight,Municipal (excl. Twp. Rd.),Stop sign,Functioning,0,0,0,False,False,False,Clear,0
2017,7,1,3,Saturday,At/near private drive,Right shoulder,SMV other,"Dawn, artificial",Municipal (excl. Twp. Rd.),No control,unknown,0,0,0,False,False,False,Clear,0
2017,7,1,23,Saturday,Non intersection,Thru lane,SMV unattended vehicle,Dark,Municipal (excl. Twp. Rd.),No control,unknown,0,0,0,False,False,False,Clear,0
2017,7,2,6,Sunday,Intersection related,Not on roadway - right side,SMV other,Daylight,Municipal (excl. Twp. Rd.),Stop sign,Functioning,0,0,0,False,False,False,Clear,0
2017,7,1,18,Saturday,Other,Off highway,SMV unattended vehicle,Daylight,Private property,No control,unknown,0,0,0,False,False,False,Clear,0
2017,7,2,13,Sunday,Other,Off highway,SMV other,Daylight,Municipal (excl. Twp. Rd.),No control,unknown,0,0,0,False,False,False,Clear,1
2017,7,3,11,Monday,At/near private drive,Thru lane,Other,Daylight,Municipal (excl. Twp. Rd.),No control,unknown,0,0,0,False,False,False,Clear,0
2017,7,4,10,Tuesday,Non intersection,Right shoulder,SMV other,Daylight,Municipal (excl. Twp. Rd.),No control,unknown,0,0,0,False,False,False,Clear,0
2017,7,4,11,Tuesday,Intersection related,Thru lane,Rear end,Daylight,Regional municipality,Traffic signal,Functioning,0,0,0,False,False,False,Clear,0
2017,7,3,8,Monday,Non intersection,Thru lane,SMV unattended vehicle,Daylight,Municipal (excl. Twp. Rd.),No control,unknown,0,0,0,False,False,False,Clear,0
2017,6,30,22,Friday,Intersection related,Thru lane,SMV unattended vehicle,Dark,Municipal (excl. Twp. Rd.),Stop sign,Functioning,0,0,0,False,False,False,Clear,0
2017,7,4,19,Tuesday,Non intersection,Thru lane,SMV other,Daylight,Municipal (excl. Twp. Rd.),No control,unknown,0,0,0,False,False,True,Clear,1
2017,7,4,17,Tuesday,Non intersection,Thru lane,Sideswipe,Daylight,Municipal (excl. Twp. Rd.),No control,unknown,0,0,0,False,False,False,Clear,0
2017,7,4,14,Tuesday,At/near private drive,Right shoulder,SMV unattended vehicle,Daylight,Municipal (excl. Twp. Rd.),No control,unknown,0,0,0,False,False,False,Clear,0
2017,7,4,12,Tuesday,At/near private drive,Not on roadway - right side,SMV unattended vehicle,Daylight,Municipal (excl. Twp. Rd.),No control,unknown,0,0,0,False,False,False,Clear,0
2017,7,5,12,Wednesday,At intersection,Within intersection,Turning movement,Daylight,Municipal (excl. Twp. Rd.),Stop sign,Functioning,0,0,0,False,False,False,Clear,1
2017,7,4,19,Tuesday,Non intersection,Thru lane,SMV unattended vehicle,Daylight,Municipal (excl. Twp. Rd.),No control,unknown,0,0,0,False,False,False,Clear,0
2017,7,5,11,Wednesday,Non intersection,Thru lane,Rear end,Daylight,Municipal (excl. Twp. Rd.),No control,unknown,0,0,0,False,False,False,Clear,0
2017,7,6,12,Thursday,Non intersection,Thru lane,SMV other,Daylight,Municipal (excl. Twp. Rd.),No control,unknown,0,0,0,False,False,True,Clear,1
2017,7,6,12,Thursday,Intersection related,Left turn lane,Rear end,Daylight,Regional municipality,Traffic signal,Functioning,0,0,0,False,False,False,Clear,0
2017,7,6,16,Thursday,At intersection,Within intersection,Turning movement,Daylight,Municipal (excl. Twp. Rd.),Stop sign,Functioning,0,0,0,False,False,False,Clear,0
2017,7,7,7,Friday,At/near private drive,Thru lane,Turning movement,Daylight,Municipal (excl. Twp. Rd.),No control,unknown,0,0,0,False,False,False,Clear,0
2017,7,7,3,Friday,At/near private drive,Right shoulder,SMV unattended vehicle,Dark,Municipal (excl. Twp. Rd.),No control,unknown,0,0,0,False,False,False,Clear,0
2017,7,7,10,Friday,At/near private drive,Thru lane,SMV unattended vehicle,Daylight,Municipal (excl. Twp. Rd.),No control,unknown,0,0,0,False,False,False,Clear,0
2017,7,8,13,Saturday,At/near private drive,Thru lane,SMV unattended vehicle,Daylight,Municipal (excl. Twp. Rd.),No control,unknown,0,0,0,False,False,False,Clear,0
2017,7,8,13,Saturday,Intersection related,Thru lane,Turning movement,Daylight,Regional municipality,Traffic signal,Functioning,0,0,0,False,False,False,Clear,0
2017,7,8,15,Saturday,At/near private drive,Right shoulder,SMV unattended vehicle,Daylight,Municipal (excl. Twp. Rd.),No control,unknown,0,0,0,False,False,False,Clear,0
2017,7,8,16,Saturday,At intersection,Within intersection,SMV other,Daylight,Regional municipality,Stop sign,Functioning,0,0,0,True,False,False,Clear,1
2017,7,8,17,Saturday,Non intersection,Right shoulder,SMV unattended vehicle,Daylight,Municipal (excl. Twp. Rd.),No control,unknown,0,0,0,False,False,False,Clear,0
2017,7,10,12,Monday,At intersection,Within intersection,Angle,Daylight,Municipal (excl. Twp. Rd.),Stop sign,Functioning,0,0,0,False,False,False,Clear,1
2017,7,10,16,Monday,Non intersection,Thru lane,Rear end,Daylight,Municipal (excl. Twp. Rd.),No control,unknown,0,0,0,False,False,False,Rain,0
2017,7,11,15,Tuesday,Intersection related,Thru lane,Rear end,Daylight,Regional municipality,Traffic signal,Functioning,0,0,0,False,False,False,Clear,0
2017,7,12,8,Wednesday,At/near private drive,Thru lane,Other,Daylight,Municipal (excl. Twp. Rd.),No control,unknown,0,0,0,False,False,False,Clear,0
2017,6,29,17,Thursday,Intersection related,Right turn lane,Rear end,Daylight,Municipal (excl. Twp. Rd.),Stop sign,Functioning,0,0,0,False,False,False,Clear,0
2017,7,12,18,Wednesday,Intersection related,Thru lane,Rear end,Daylight,Municipal (excl. Twp. Rd.),Traffic signal,Functioning,0,0,0,False,False,False,Clear,1
2017,7,12,23,Wednesday,At intersection,Within intersection,Angle,Dark,Regional municipality,Stop sign,Functioning,0,1,0,False,False,False,Clear,0
2017,7,12,16,Wednesday,Intersection related,Thru lane,Rear end,Daylight,Regional municipality,Stop sign,Functioning,0,0,0,False,False,False,Clear,0
2017,7,13,8,Thursday,Non intersection,Thru lane,Angle,Daylight,Regional municipality,No control,unknown,0,0,0,False,False,False,Clear,0
2017,7,13,16,Thursday,Intersection related,Thru lane,Rear end,Daylight,Municipal (excl. Twp. Rd.),Traffic signal,Functioning,0,0,0,False,False,False,Rain,0
2017,7,12,19,Wednesday,At/near private drive,Thru lane,SMV unattended vehicle,Daylight,Municipal (excl. Twp. Rd.),No control,unknown,0,0,0,False,False,False,Clear,0
2017,7,10,21,Monday,Non intersection,Thru lane,SMV unattended vehicle,"Dark, artificial",Municipal (excl. Twp. Rd.),No control,unknown,0,0,0,False,False,False,Clear,0
2017,7,14,16,Friday,Intersection related,Thru lane,Rear end,Daylight,Regional municipality,Traffic signal,Functioning,0,0,0,False,False,False,Clear,0
2017,7,14,22,Friday,At/near private drive,Thru lane,SMV unattended vehicle,"Dark, artificial",Municipal (excl. Twp. Rd.),No control,unknown,0,0,0,False,False,False,Clear,0
2017,7,15,12,Saturday,At/near private drive,Not on roadway - right side,SMV unattended vehicle,Daylight,Private property,No control,unknown,0,0,0,False,False,False,Clear,0
2017,7,15,11,Saturday,Non intersection,Thru lane,SMV unattended vehicle,Daylight,Municipal (excl. Twp. Rd.),No control,unknown,0,0,0,False,False,False,Clear,0
2017,7,15,15,Saturday,At/near private drive,Right shoulder,SMV unattended vehicle,Daylight,Municipal (excl. Twp. Rd.),No control,unknown,0,0,0,False,False,False,Clear,0
2017,7,15,14,Saturday,At/near private drive,Thru lane,Other,Daylight,Municipal (excl. Twp. Rd.),Stop sign,Functioning,0,0,0,False,False,False,Clear,0
2017,7,14,17,Friday,At intersection,Within intersection,Turning movement,Daylight,Municipal (excl. Twp. Rd.),Stop sign,Functioning,0,0,0,False,False,False,Clear,0
2017,7,16,13,Sunday,Non intersection,Thru lane,Other,Daylight,Municipal (excl. Twp. Rd.),No control,unknown,0,0,0,False,False,False,Clear,0
2017,7,17,9,Monday,Non intersection,Thru lane,Rear end,Daylight,Municipal (excl. Twp. Rd.),No control,unknown,0,0,0,False,False,False,Clear,0
2017,7,17,20,Monday,At/near private drive,Thru lane,SMV other,Dusk,Regional municipality,No control,unknown,0,0,0,False,False,False,Clear,1
2017,7,17,21,Monday,At intersection,Within intersection,Turning movement,"Dark, artificial",Municipal (excl. Twp. Rd.),Traffic signal,Functioning,0,0,0,False,False,False,Clear,1
2017,7,18,11,Tuesday,Non intersection,Thru lane,Sideswipe,Daylight,Municipal (excl. Twp. Rd.),No control,unknown,0,0,0,False,False,False,Clear,0
2017,7,18,15,Tuesday,Non intersection,Thru lane,SMV unattended vehicle,Daylight,Municipal (excl. Twp. Rd.),No control,unknown,0,0,0,False,False,False,Clear,0
2017,7,6,6,Thursday,At intersection,Within intersection,Angle,Daylight,Regional municipality,Yield sign,Functioning,0,0,0,False,False,False,Clear,0
2017,7,19,13,Wednesday,At/near private drive,Thru lane,SMV unattended vehicle,Daylight,Regional municipality,No control,unknown,0,0,0,False,False,False,Clear,0
2017,7,20,9,Thursday,At/near private drive,Thru lane,Turning movement,Daylight,Municipal (excl. Twp. Rd.),No control,unknown,0,0,0,False,False,False,Clear,0
2017,7,20,5,Thursday,Non intersection,Thru lane,SMV unattended vehicle,"Dark, artificial",Municipal (excl. Twp. Rd.),No control,unknown,0,0,0,False,False,False,Clear,0
2017,7,20,13,Thursday,At/near private drive,Thru lane,Other,Daylight,Municipal (excl. Twp. Rd.),No control,unknown,0,0,0,False,False,False,Clear,0
2017,7,20,14,Thursday,At/near private drive,Thru lane,Turning movement,Daylight,Regional municipality,No control,unknown,0,0,0,False,False,False,Clear,0
2017,7,19,14,Wednesday,At/near private drive,Thru lane,SMV unattended vehicle,Daylight,Municipal (excl. Twp. Rd.),No control,unknown,0,0,0,False,False,False,Clear,0
2017,7,21,13,Friday,Non intersection,Thru lane,Turning movement,Daylight,Municipal (excl. Twp. Rd.),No control,unknown,0,0,0,False,False,False,Clear,0
2017,7,21,18,Friday,Non intersection,Not on roadway - right side,SMV other,Daylight,Municipal (excl. Twp. Rd.),No control,unknown,0,0,0,False,False,False,Clear,1
2017,7,22,18,Saturday,At intersection,Within intersection,Rear end,Daylight,Regional municipality,Traffic signal,Functioning,0,0,0,False,False,False,Clear,0
2017,7,22,20,Saturday,Intersection related,Thru lane,Rear end,Dusk,Municipal (excl. Twp. Rd.),Stop sign,Functioning,0,1,0,False,False,False,Rain,0
2017,7,22,13,Saturday,Non intersection,Right shoulder,SMV unattended vehicle,Daylight,Municipal (excl. Twp. Rd.),No control,unknown,0,0,0,False,False,False,Clear,0
2017,7,24,18,Monday,At intersection,Within intersection,Angle,Daylight,Municipal (excl. Twp. Rd.),Stop sign,Functioning,0,0,0,False,False,False,Clear,0
2017,7,25,13,Tuesday,At/near private drive,Thru lane,SMV unattended vehicle,Daylight,Municipal (excl. Twp. Rd.),No control,unknown,0,0,0,False,False,False,Clear,0
2017,7,25,19,Tuesday,At/near private drive,Thru lane,Sideswipe,Daylight,Municipal (excl. Twp. Rd.),No control,unknown,0,0,0,False,False,False,Clear,0
2017,7,25,14,Tuesday,Non intersection,Thru lane,SMV unattended vehicle,Daylight,Regional municipality,No control,unknown,0,0,0,False,False,False,Clear,0
2017,7,25,17,Tuesday,At intersection,Within intersection,Turning movement,Daylight,Municipal (excl. Twp. Rd.),Stop sign,Functioning,0,0,0,False,False,False,Clear,0
2017,7,26,19,Wednesday,Non intersection,Thru lane,Rear end,Dusk,Municipal (excl. Twp. Rd.),No control,unknown,0,0,0,False,False,False,Rain,0
2017,7,27,18,Thursday,Non intersection,Right shoulder,SMV unattended vehicle,Daylight,Municipal (excl. Twp. Rd.),No control,unknown,0,0,0,False,False,False,Clear,0
2017,7,28,12,Friday,At/near private drive,Thru lane,Other,Daylight,Municipal (excl. Twp. Rd.),Traffic signal,Functioning,0,0,0,False,False,False,Clear,0
2017,7,28,13,Friday,At/near private drive,Thru lane,Rear end,Daylight,Municipal (excl. Twp. Rd.),No control,unknown,0,0,0,False,False,False,Clear,0
2017,7,28,19,Friday,At intersection,Within intersection,Turning movement,Daylight,Municipal (excl. Twp. Rd.),Traffic signal,Functioning,0,0,0,False,False,False,Clear,1
2017,7,28,19,Friday,At intersection,Within intersection,Angle,Daylight,Municipal (excl. Twp. Rd.),Traffic signal,Functioning,0,0,1,False,False,False,Clear,0
2017,7,31,8,Monday,Intersection related,Thru lane,Rear end,Daylight,Municipal (excl. Twp. Rd.),Stop sign,Functioning,0,0,0,False,False,False,Clear,0
2017,7,31,12,Monday,At intersection,Within intersection,SMV other,Daylight,Regional municipality,Yield sign,Functioning,0,0,0,False,False,False,Clear,0
2017,7,31,13,Monday,Intersection related,Thru lane,Rear end,Daylight,Regional municipality,Traffic signal,Functioning,0,0,0,False,False,False,Clear,0
2017,7,31,15,Monday,At/near private drive,Thru lane,Turning movement,Daylight,Municipal (excl. Twp. Rd.),No control,unknown,0,0,0,False,False,False,Clear,1
2017,7,31,16,Monday,At/near private drive,Not on roadway - right side,SMV other,Daylight,Municipal (excl. Twp. Rd.),No control,unknown,0,0,0,False,False,False,Clear,0
2017,7,31,15,Monday,Non intersection,Thru lane,Sideswipe,Daylight,Municipal (excl. Twp. Rd.),No control,unknown,0,0,0,False,False,False,Clear,0
2017,8,1,17,Tuesday,Non intersection,Thru lane,SMV unattended vehicle,Daylight,Municipal (excl. Twp. Rd.),No control,unknown,0,0,0,False,False,True,Clear,0
2017,8,1,19,Tuesday,Non intersection,Not on roadway - right side,SMV other,Daylight,Municipal (excl. Twp. Rd.),No control,unknown,0,0,0,False,False,False,Clear,0
2017,8,2,14,Wednesday,Non intersection,Thru lane,SMV unattended vehicle,Daylight,Municipal (excl. Twp. Rd.),No control,unknown,0,0,0,False,False,False,Clear,0
2017,8,3,15,Thursday,At intersection,Within intersection,Turning movement,Daylight,Regional municipality,Traffic signal,Functioning,0,0,0,False,False,False,Clear,0
2017,8,3,16,Thursday,Non intersection,Thru lane,Rear end,Daylight,Municipal (excl. Twp. Rd.),No control,unknown,0,0,0,False,False,False,Rain,0
2017,8,2,15,Wednesday,Non intersection,Thru lane,SMV unattended vehicle,Daylight,Regional municipality,No control,unknown,0,0,0,False,False,False,Clear,0
2017,8,4,7,Friday,Non intersection,Thru lane,Sideswipe,Daylight,Regional municipality,No control,unknown,0,0,0,False,False,False,Clear,0
2017,8,4,11,Friday,Non intersection,Thru lane,Rear end,Daylight,Regional municipality,No control,unknown,0,0,0,False,False,False,Clear,0
2017,8,4,17,Friday,Intersection related,Right shoulder,SMV unattended vehicle,Daylight,Municipal (excl. Twp. Rd.),No control,unknown,0,0,0,False,False,False,Clear,1
2017,8,1,6,Tuesday,Non intersection,Not on roadway - right side,SMV unattended vehicle,Daylight,Regional municipality,No control,unknown,0,0,0,False,False,False,Clear,0
2017,8,5,18,Saturday,At/near private drive,Right shoulder,SMV unattended vehicle,Daylight,Municipal (excl. Twp. Rd.),No control,unknown,0,0,0,False,False,False,Clear,1
2017,8,6,12,Sunday,At intersection,Within intersection,Angle,Daylight,Regional municipality,Yield sign,Functioning,0,0,0,False,False,False,Clear,0
2017,8,7,3,Monday,At/near private drive,Not on roadway - right side,SMV other,"Daylight, artificial",Private property,No control,unknown,0,0,0,False,False,False,Clear,1
2017,8,8,0,Tuesday,Intersection related,Right shoulder,SMV other,Dark,Municipal (excl. Twp. Rd.),Stop sign,Functioning,0,0,0,False,False,False,Clear,0
2017,8,8,9,Tuesday,Other,Off highway,SMV other,Daylight,Private property,No control,unknown,0,0,0,False,False,False,Clear,0
2017,8,8,17,Tuesday,Intersection related,Thru lane,Sideswipe,Daylight,Regional municipality,Traffic signal,Functioning,0,0,0,False,False,False,Clear,0