ACCIDENT_YEAR,ACCIDENT_MONTH,ACCIDENT_DAY,ACCIDENT_HOUR,ACCIDENT_WEEKDAY,ACCIDENTLOCATION,IMPACTLOCATION,INITIALIMPACTTYPE,LIGHT,ROADJURISDICTION,TRAFFICCONTROL,TRAFFICCONTROLCONDITION,THRULANENO,NORTHBOUNDDISOBEYCOUNT,SOUTHBOUNDDISOBEYCOUNT,PEDESTRIANINVOLVED,CYCLISTINVOLVED,MOTORCYCLISTINVOLVED,ENVIRONMENTCONDITION1,injury
2018,9,10,17,Monday,At/near private drive,Thru lane,SMV unattended vehicle,Daylight,Municipal (excl. Twp. Rd.),No control,unknown,0,0,0,False,False,False,Clear,0
2018,9,10,20,Monday,At/near private drive,Off highway,SMV other,"Daylight, artificial",Private property,No control,unknown,0,0,0,False,False,False,Rain,0
2018,9,10,10,Monday,At/near private drive,Thru lane,SMV unattended vehicle,Daylight,Municipal (excl. Twp. Rd.),No control,unknown,0,0,0,False,False,False,Rain,0
2018,9,11,16,Tuesday,At/near private drive,Thru lane,Turning movement,Daylight,Municipal (excl. Twp. Rd.),Stop sign,Functioning,0,0,0,False,False,False,Clear,0
2018,9,12,7,Wednesday,Non intersection,Right shoulder,SMV unattended vehicle,Daylight,Municipal (excl. Twp. Rd.),No control,unknown,0,0,0,False,False,False,Clear,1
2018,9,11,20,Tuesday,Non intersection,Thru lane,SMV unattended vehicle,Dark,Municipal (excl. Twp. Rd.),No control,unknown,0,0,0,False,False,False,Clear,0
2018,9,11,21,Tuesday,At/near private drive,Thru lane,SMV unattended vehicle,"Dark, artificial",Municipal (excl. Twp. Rd.),No control,unknown,0,0,0,False,False,False,Clear,0
2018,9,13,8,Thursday,At intersection,Within intersection,Angle,Daylight,unknown,Stop sign,Functioning,0,0,1,False,False,False,Clear,0
2018,9,12,18,Wednesday,Intersection related,Thru lane,SMV other,Daylight,Municipal (excl. Twp. Rd.),Stop sign,Functioning,0,0,0,False,False,False,Clear,0
2018,9,14,9,Friday,Intersection related,Right turn lane,Sideswipe,Daylight,Regional municipality,Yield sign,Functioning,0,0,0,False,False,False,Clear,1
2018,9,13,18,Thursday,At/near private drive,Thru lane,SMV unattended vehicle,Daylight,Municipal (excl. Twp. Rd.),No control,unknown,0,0,0,False,False,False,Clear,0
2018,9,13,20,Thursday,Non intersection,Thru lane,SMV unattended vehicle,Dark,Municipal (excl. Twp. Rd.),No control,unknown,0,0,0,False,False,False,Clear,0
2018,9,7,17,Friday,Non intersection,Thru lane,Rear end,Daylight,unknown,No control,unknown,0,0,0,False,False,False,Clear,1
2018,9,15,14,Saturday,At/near private drive,Thru lane,SMV unattended vehicle,Daylight,Municipal (excl. Twp. Rd.),No control,unknown,0,0,0,False,False,False,Clear,0
2018,9,16,3,Sunday,Non intersection,Thru lane,SMV unattended vehicle,"Dark, artificial",Municipal (excl. Twp. Rd.),No control,unknown,0,0,0,False,False,False,Clear,0
2018,9,16,7,Sunday,At/near private drive,Thru lane,SMV unattended vehicle,Daylight,Municipal (excl. Twp. Rd.),No control,unknown,0,0,0,False,False,False,Clear,0
2018,9,16,11,Sunday,At intersection,Within intersection,Angle,Daylight,Municipal (excl. Twp. Rd.),Stop sign,Functioning,0,1,0,False,False,False,Clear,1
2018,9,17,8,Monday,At/near private drive,Thru lane,Turning movement,Daylight,unknown,Stop sign,Functioning,0,0,0,False,False,False,Clear,0
2018,9,17,11,Monday,At intersection,Within intersection,Angle,Daylight,Municipal (excl. Twp. Rd.),Yield sign,Functioning,0,0,0,False,False,False,Clear,0
2018,9,16,21,Sunday,Non intersection,Thru lane,SMV unattended vehicle,"Dark, artificial",Municipal (excl. Twp. Rd.),No control,unknown,0,0,0,False,False,False,Clear,0
2018,9,17,21,Monday,Non intersection,Thru lane,SMV unattended vehicle,"Dark, artificial",Regional municipality,No control,unknown,0,0,0,False,False,False,Clear,0
2018,9,18,8,Tuesday,At/near private drive,Left turn lane,Turning movement,Daylight,Regional municipality,No control,unknown,0,0,0,False,False,False,Clear,0
2018,9,18,14,Tuesday,Non intersection,Thru lane,SMV unattended vehicle,Daylight,unknown,No control,unknown,0,0,0,False,False,False,Clear,1
2018,9,18,15,Tuesday,At/near private drive,Right turn lane,Other,Daylight,Regional municipality,No control,unknown,0,0,0,False,False,False,Clear,0
2018,9,19,10,Wednesday,Non intersection,Thru lane,SMV unattended vehicle,Daylight,Municipal (excl. Twp. Rd.),No control,unknown,0,0,0,False,False,False,Clear,0
2018,9,17,9,Monday,Non intersection,Thru lane,Rear end,Daylight,Regional municipality,No control,unknown,0,0,0,False,False,False,Clear,0
2018,9,20,8,Thursday,Intersection related,Right turn channel,Rear end,Daylight,Regional municipality,Yield sign,Functioning,0,0,0,False,False,False,Clear,1
2018,9,20,22,Thursday,Non intersection,Not on roadway - left side,SMV other,Dark,Municipal (excl. Twp. Rd.),No control,unknown,0,0,0,False,False,False,Clear,0
2018,9,14,15,Friday,At/near private drive,Right shoulder,SMV unattended vehicle,Daylight,Regional municipality,No control,unknown,0,0,0,False,False,False,Clear,0
2018,9,21,8,Friday,At intersection,Within intersection,Turning movement,Daylight,Municipal (excl. Twp. Rd.),Stop sign,Functioning,0,0,0,False,False,False,Clear,0
2018,9,21,9,Friday,At/near private drive,Thru lane,Turning movement,Daylight,unknown,No control,unknown,0,0,0,False,False,False,Clear,0
2018,9,21,3,Friday,Non intersection,Thru lane,SMV unattended vehicle,Dark,Municipal (excl. Twp. Rd.),No control,unknown,0,0,0,False,False,False,Clear,0
2018,9,21,18,Friday,Intersection related,Not on roadway - right side,SMV other,"Dusk, artificial",Municipal (excl. Twp. Rd.),Stop sign,Functioning,0,0,0,False,False,False,Clear,0
2018,9,22,14,Saturday,At/near private drive,Thru lane,SMV unattended vehicle,Daylight,Municipal (excl. Twp. Rd.),No control,unknown,0,0,0,False,False,False,Clear,0
2018,9,23,10,Sunday,At intersection,Within intersection,Angle,Daylight,Municipal (excl. Twp. Rd.),Stop sign,Functioning,0,0,0,False,False,False,Clear,1
2018,9,20,14,Thursday,At intersection,Within intersection,Turning movement,Daylight,Municipal (excl. Twp. Rd.),Stop sign,Functioning,0,0,0,False,False,False,Clear,0
2018,9,23,15,Sunday,Intersection related,Thru lane,Sideswipe,Daylight,unknown,Stop sign,Functioning,0,0,0,False,False,False,Clear,0
2018,9,24,9,Monday,Non intersection,Thru lane,SMV unattended vehicle,Daylight,Municipal (excl. Twp. Rd.),No control,unknown,0,0,0,False,False,False,Clear,0
2018,9,15,14,Saturday,At/near private drive,Thru lane,Other,Daylight,Municipal (excl. Twp. Rd.),No control,unknown,0,0,0,False,False,False,Clear,0
2018,9,24,16,Monday,At/near private drive,Thru lane,Turning movement,Daylight,Municipal (excl. Twp. Rd.),Stop sign,Functioning,0,0,0,False,False,False,Clear,0
2018,9,24,12,Monday,At intersection,Within intersection,Turning movement,Daylight,Municipal (excl. Twp. Rd.),Stop sign,Functioning,0,0,0,False,False,False,Clear,0
2018,9,24,15,Monday,At intersection,Within intersection,Angle,Daylight,Municipal (excl. Twp. Rd.),Stop sign,Functioning,0,0,0,False,False,False,Clear,0
2018,9,24,7,Monday,At/near private drive,Right shoulder,Other,Daylight,Municipal (excl. Twp. Rd.),No control,unknown,0,0,0,False,False,False,Clear,0
2018,9,25,11,Tuesday,At/near private drive,Right shoulder,SMV unattended vehicle,Daylight,Municipal (excl. Twp. Rd.),No control,unknown,0,0,0,False,False,False,Rain,0
2018,9,25,22,Tuesday,At intersection,Within intersection,Turning movement,"Dark, artificial",unknown,Stop sign,Functioning,0,0,0,False,True,False,Rain,0
2018,9,21,21,Friday,At/near private drive,Thru lane,SMV unattended vehicle,Dark,Municipal (excl. Twp. Rd.),No control,unknown,0,0,0,False,False,False,Rain,0
2018,9,26,14,Wednesday,At/near private drive,Thru lane,Turning movement,Daylight,Municipal (excl. Twp. Rd.),No control,unknown,0,0,0,False,False,False,Clear,0
2018,9,27,7,Thursday,Non intersection,Thru lane,Sideswipe,Daylight,unknown,No control,unknown,0,0,0,False,False,False,Clear,0
2018,9,27,9,Thursday,Non intersection,Thru lane,Turning movement,Daylight,Municipal (excl. Twp. Rd.),No control,unknown,0,0,0,False,False,False,Clear,0
2018,9,27,11,Thursday,At intersection,Within intersection,Angle,Daylight,Municipal (excl. Twp. Rd.),Stop sign,Functioning,0,0,0,False,False,False,Clear,0
2018,9,27,7,Thursday,At/near private drive,Thru lane,Other,Daylight,Municipal (excl. Twp. Rd.),No control,unknown,0,0,0,False,False,False,Clear,0
2018,9,28,6,Friday,Non intersection,Thru lane,SMV unattended vehicle,"Daylight, artificial",Regional municipality,Stop sign,Functioning,0,0,0,False,False,False,Clear,0
2018,9,28,7,Friday,At intersection,Within intersection,Angle,Dawn,unknown,Traffic signal,Functioning,0,0,0,False,False,False,Clear,1
2018,9,26,22,Wednesday,At/near private drive,Thru lane,SMV unattended vehicle,Dark,Municipal (excl. Twp. Rd.),No control,unknown,0,0,0,False,False,False,Clear,0
2018,9,27,22,Thursday,Non intersection,Thru lane,SMV other,"Dark, artificial",Regional municipality,No control,unknown,0,0,0,False,False,False,Clear,0
2018,9,28,12,Friday,At/near private drive,Right shoulder,SMV other,Daylight,Municipal (excl. Twp. Rd.),No control,unknown,0,0,0,False,False,False,Clear,0
2018,9,28,13,Friday,Intersection related,Thru lane,Rear end,Daylight,unknown,Stop sign,Functioning,0,0,0,False,False,False,Clear,0
2018,9,28,15,Friday,Non intersection,Thru lane,Rear end,Daylight,unknown,School bus,Functioning,0,0,0,False,False,False,Clear,0
2018,9,28,18,Friday,Non intersection,Thru lane,SMV unattended vehicle,Dusk,unknown,No control,unknown,0,0,0,False,False,False,Rain,0
2018,9,28,19,Friday,At intersection,Within intersection,Angle,"Dusk, artificial",unknown,Stop sign,Functioning,0,0,0,False,False,False,Rain,1
2018,9,29,20,Saturday,At intersection,Within intersection,Turning movement,Dark,Regional municipality,Stop sign,Functioning,0,0,0,False,False,False,Clear,0
2018,9,30,15,Sunday,At/near private drive,Right turn lane,Other,Daylight,Regional municipality,Traffic signal,Functioning,0,0,0,False,False,False,Clear,0
2018,9,30,15,Sunday,Other,Off highway,SMV unattended vehicle,Daylight,unknown,No control,unknown,0,0,0,False,True,False,Clear,1
2018,9,30,16,Sunday,At/near private drive,Thru lane,Other,Daylight,unknown,Traffic signal,Functioning,0,0,0,False,False,False,Clear,0
2018,10,1,11,Monday,Non intersection,Not on roadway - right side,SMV other,Daylight,Municipal (excl. Twp. Rd.),No control,unknown,0,0,0,False,False,False,Rain,1
2018,10,1,16,Monday,At intersection,Within intersection,Turning movement,Daylight,Municipal (excl. Twp. Rd.),Traffic signal,Functioning,0,0,0,False,False,False,Rain,0
2018,10,2,11,Tuesday,Intersection related,Thru lane,Sideswipe,Daylight,unknown,Stop sign,Functioning,0,0,0,False,False,False,Rain,0
2018,10,3,8,Wednesday,At/near private drive,Thru lane,Other,Daylight,Municipal (excl. Twp. Rd.),No control,unknown,0,0,0,False,False,False,Clear,1
2018,10,3,11,Wednesday,Non intersection,Thru lane,Sideswipe,Daylight,Regional municipality,No control,unknown,0,0,0,False,False,False,Clear,0
2018,10,3,11,Wednesday,Intersection related,Thru lane,Other,Daylight,unknown,Traffic signal,Functioning,0,0,0,False,False,False,Clear,0
2018,10,3,8,Wednesday,At/near private drive,Right shoulder,SMV unattended vehicle,Dawn,unknown,No control,unknown,0,0,0,False,False,False,Clear,0
2018,10,3,18,Wednesday,At intersection,Within intersection,Turning movement,"Daylight, artificial",unknown,Traffic signal,Functioning,0,0,0,False,False,False,Clear,1
2018,10,3,7,Wednesday,At intersection,Within intersection,SMV other,Dawn,unknown,Stop sign,Functioning,0,0,0,True,False,False,Clear,1
2018,10,3,17,Wednesday,Intersection related,Thru lane,Rear end,Daylight,Municipal (excl. Twp. Rd.),Stop sign,Functioning,0,0,0,False,False,False,Clear,0
2018,10,5,8,Friday,At/near private drive,Thru lane,Other,Daylight,Municipal (excl. Twp. Rd.),No control,unknown,0,0,0,False,False,False,Clear,0
2018,10,1,10,Monday,At intersection,Within intersection,SMV other,Daylight,unknown,Stop sign,Functioning,0,0,0,True,False,False,Clear,1
2018,10,6,17,Saturday,At/near private drive,Thru lane,Angle,Daylight,unknown,Traffic signal,Functioning,0,0,0,False,False,False,Rain,1
2018,10,6,19,Saturday,Intersection related,Thru lane,SMV other,Dark,Municipal (excl. Twp. Rd.),Stop sign,Functioning,0,0,0,False,False,False,Rain,0
2018,10,6,20,Saturday,At intersection,Within intersection,Angle,Dark,unknown,Traffic signal,Functioning,0,1,0,False,False,False,Rain,0
2018,10,7,4,Sunday,Non intersection,Not on roadway - right side,SMV other,Dark,Municipal (excl. Twp. Rd.),No control,unknown,0,0,0,False,False,False,Rain,0
2018,10,7,16,Sunday,Non intersection,Thru lane,SMV unattended vehicle,Daylight,Municipal (excl. Twp. Rd.),No control,unknown,0,0,0,False,False,False,Other,0
2018,10,7,6,Sunday,Intersection related,Right shoulder,SMV other,Dark,unknown,Stop sign,Functioning,0,0,0,True,False,False,Clear,1
2018,10,8,14,Monday,At/near private drive,Thru lane,SMV other,Daylight,Municipal (excl. Twp. Rd.),No control,unknown,0,0,0,False,False,True,Clear,1
2018,10,9,12,Tuesday,At/near private drive,Thru lane,SMV unattended vehicle,Daylight,unknown,No control,unknown,0,0,0,False,False,False,Clear,0
2018,10,9,18,Tuesday,At/near private drive,Two-way left turn lane,Turning movement,Dawn,Regional municipality,No control,unknown,0,0,0,False,False,False,Clear,0
2018,10,10,7,Wednesday,Intersection related,Thru lane,Sideswipe,Daylight,unknown,Stop sign,Functioning,0,0,0,False,False,False,Clear,0
2018,10,10,8,Wednesday,At intersection,Within intersection,Turning movement,Daylight,unknown,Stop sign,Functioning,0,0,0,False,False,False,Clear,0
2018,10,10,15,Wednesday,Non intersection,Off highway,SMV other,Daylight,unknown,No control,unknown,0,0,0,False,False,False,Clear,1
2018,10,10,19,Wednesday,At/near private drive,Thru lane,Turning movement,"Dark, artificial",unknown,No control,unknown,0,0,0,False,False,False,Clear,0
2018,10,11,11,Thursday,At/near private drive,Thru lane,Other,Daylight,Municipal (excl. Twp. Rd.),No control,unknown,0,0,0,False,False,False,Clear,0
2018,10,11,18,Thursday,Non intersection,Right shoulder,SMV unattended vehicle,Dusk,unknown,No control,unknown,0,0,0,False,False,False,Clear,0
2018,10,11,18,Thursday,Other,Off highway,SMV other,Dusk,unknown,No control,unknown,0,0,0,False,False,False,Clear,0
2018,10,13,16,Saturday,Intersection related,Right shoulder,SMV other,Daylight,unknown,Traffic signal,Functioning,0,0,0,False,False,False,Clear,0
2018,10,13,17,Saturday,Non intersection,Thru lane,SMV unattended vehicle,Dark,Municipal (excl. Twp. Rd.),No control,unknown,0,0,0,False,False,False,Clear,0
2018,10,14,14,Sunday,At/near private drive,Thru lane,Rear end,Daylight,unknown,No control,unknown,0,0,0,False,False,False,Clear,1
2018,10,16,8,Tuesday,Intersection related,Thru lane,Sideswipe,Daylight,unknown,Stop sign,Functioning,0,0,0,False,True,False,Clear,1
2018,10,16,12,Tuesday,At intersection,Within intersection,Angle,Daylight,unknown,Stop sign,Functioning,0,0,1,False,False,False,Clear,0
2018,10,13,12,Saturday,Non intersection,Thru lane,Rear end,Daylight,Regional municipality,No control,unknown,0,0,0,False,False,False,Clear,0
2018,10,16,16,Tuesday,Intersection related,Thru lane,SMV unattended vehicle,Daylight,unknown,Stop sign,Functioning,0,0,0,False,False,False,Clear,0
2018,10,15,15,Monday,At/near private drive,Thru lane,SMV unattended vehicle,Daylight,Municipal (excl. Twp. Rd.),No control,unknown,0,0,0,False,False,False,Clear,0
2018,10,17,11,Wednesday,At/near private drive,Thru lane,Angle,Daylight,Municipal (excl. Twp. Rd.),No control,unknown,0,0,0,False,False,False,Clear,0
2018,10,16,18,Tuesday,At/near private drive,Thru lane,Turning movement,Daylight,Municipal (excl. Twp. Rd.),Traffic signal,Functioning,0,0,0,False,False,False,Clear,0
2018,10,17,16,Wednesday,Non intersection,Thru lane,Rear end,Daylight,unknown,No control,unknown,0,0,0,False,False,False,Clear,0
2018,10,17,17,Wednesday,At/near private drive,Not on roadway - right side,SMV other,Daylight,unknown,Stop sign,Functioning,0,0,0,False,False,False,Rain,0
2018,10,17,19,Wednesday,Non intersection,Not on roadway - left side,SMV other,Daylight,Municipal (excl. Twp. Rd.),No control,unknown,0,0,0,False,False,False,Clear,0
2018,10,19,9,Friday,Non intersection,Thru lane,SMV other,Daylight,unknown,No control,unknown,0,0,0,False,False,False,Clear,0
2018,10,18,10,Thursday,At/near private drive,Thru lane,Other,Daylight,Municipal (excl. Twp. Rd.),No control,unknown,0,0,0,False,False,False,Clear,0
2018,10,17,19,Wednesday,Non intersection,Thru lane,SMV unattended vehicle,"Dark, artificial",Municipal (excl. Twp. Rd.),No control,unknown,0,0,0,False,False,False,Clear,0
2018,10,19,11,Friday,At/near private drive,Thru lane,Rear end,Daylight,Municipal (excl. Twp. Rd.),No control,unknown,0,0,0,False,False,False,Clear,0
2018,10,19,8,Friday,At/near private drive,Off highway,SMV other,Daylight,unknown,No control,unknown,0,0,0,True,False,False,Clear,1
2018,10,19,15,Friday,At/near private drive,Thru lane,SMV other,Daylight,unknown,No control,unknown,0,0,0,True,False,False,Clear,1
2018,10,19,17,Friday,Non intersection,Thru lane,SMV unattended vehicle,Daylight,Municipal (excl. Twp. Rd.),No control,unknown,0,0,0,False,False,False,Clear,0
2018,10,19,19,Friday,Intersection related,Thru lane,Turning movement,Dark,unknown,Stop sign,Functioning,0,0,0,False,True,False,Rain,1
2018,10,19,21,Friday,Non intersection,Thru lane,SMV unattended vehicle,"Dark, artificial",Municipal (excl. Twp. Rd.),No control,unknown,0,0,0,False,False,False,Rain,0
2018,10,20,15,Saturday,Intersection related,Thru lane,Sideswipe,Daylight,unknown,Stop sign,Functioning,0,0,0,False,True,False,Clear,1
2018,10,20,15,Saturday,At intersection,Within intersection,Angle,Daylight,Municipal (excl. Twp. Rd.),Stop sign,Functioning,0,0,0,False,False,False,Clear,0
2018,10,21,1,Sunday,Non intersection,Not on roadway - left side,SMV other,Dark,unknown,No control,unknown,0,0,0,False,False,False,Clear,0
2018,10,21,8,Sunday,Non intersection,Thru lane,SMV unattended vehicle,Daylight,Municipal (excl. Twp. Rd.),No control,unknown,0,0,0,False,False,False,Clear,0
2018,10,22,10,Monday,Non intersection,Not on roadway - right side,SMV other,Daylight,Municipal (excl. Twp. Rd.),No control,unknown,0,0,0,False,False,False,Clear,0
2018,10,22,15,Monday,Non intersection,Thru lane,Sideswipe,Daylight,unknown,No control,unknown,0,0,0,False,False,False,Clear,0
2018,10,23,6,Tuesday,Non intersection,Not on roadway - right side,SMV other,Dark,unknown,No control,unknown,0,0,0,False,False,False,Clear,0
2018,10,23,14,Tuesday,Intersection related,Thru lane,Turning movement,Daylight,unknown,Stop sign,Functioning,0,0,0,False,False,True,Clear,1
2018,10,23,15,Tuesday,Intersection related,Thru lane,Rear end,Daylight,Regional municipality,Stop sign,Functioning,0,0,0,False,False,False,Clear,0
2018,10,24,9,Wednesday,At/near private drive,Thru lane,Rear end,Daylight,unknown,No control,unknown,0,0,0,False,False,False,Clear,0
2018,10,23,8,Tuesday,Intersection related,Thru lane,Rear end,Daylight,Regional municipality,Yield sign,Functioning,0,0,0,False,False,False,Rain,0
2018,10,13,12,Saturday,Non intersection,Thru lane,SMV unattended vehicle,Daylight,Municipal (excl. Twp. Rd.),No control,unknown,0,0,0,False,False,False,Clear,0
2018,10,24,22,Wednesday,Intersection related,Thru lane,SMV unattended vehicle,"Dark, artificial",Municipal (excl. Twp. Rd.),Stop sign,Functioning,0,0,0,False,False,False,Clear,0
2018,10,25,0,Thursday,Non intersection,Thru lane,SMV unattended vehicle,"Dark, artificial",Municipal (excl. Twp. Rd.),No control,unknown,0,0,0,False,False,False,Clear,0
2018,10,25,16,Thursday,At intersection,Within intersection,Angle,Daylight,unknown,Yield sign,Functioning,0,0,0,False,False,False,Clear,1
2018,10,25,16,Thursday,At/near private drive,Thru lane,Turning movement,Daylight,Regional municipality,No control,unknown,0,0,0,False,False,False,Clear,0
2018,10,25,20,Thursday,Non intersection,Thru lane,SMV unattended vehicle,"Dark, artificial",Municipal (excl. Twp. Rd.),No control,unknown,0,0,0,False,False,False,Clear,0
2018,10,26,16,Friday,At intersection,Within intersection,Turning movement,Daylight,unknown,Stop sign,Functioning,0,0,0,False,False,False,Clear,0
2018,10,26,16,Friday,Intersection related,Left turn lane,Rear end,Dusk,unknown,Traffic signal,Functioning,0,0,0,False,False,False,Strong wind,0
2018,10,27,15,Saturday,Non intersection,Thru lane,SMV unattended vehicle,Daylight,unknown,No control,unknown,0,0,0,False,False,False,Rain,1
2018,10,28,4,Sunday,Non intersection,Not on roadway - right side,SMV other,"Dark, artificial",unknown,No control,unknown,0,0,0,False,False,False,Rain,0
2018,10,26,16,Friday,Non intersection,Thru lane,SMV unattended vehicle,Daylight,Municipal (excl. Twp. Rd.),No control,unknown,0,0,0,False,False,False,Clear,0
2018,10,29,14,Monday,At/near private drive,Thru lane,Sideswipe,Daylight,Municipal (excl. Twp. Rd.),No control,unknown,0,0,0,False,False,False,Clear,0
2018,10,28,4,Sunday,Non intersection,Thru lane,SMV unattended vehicle,"Dark, artificial",Municipal (excl. Twp. Rd.),No control,unknown,0,0,0,False,False,False,Rain,0
2018,10,23,8,Tuesday,At intersection,Within intersection,Turning movement,Daylight,Municipal (excl. Twp. Rd.),Stop sign,Functioning,0,0,0,False,False,False,Rain,0
2018,10,30,6,Tuesday,Other,Off highway,SMV other,Dark,unknown,No control,unknown,0,0,0,False,False,False,Clear,0
2018,10,30,9,Tuesday,At/near private drive,Right shoulder,Turning movement,Daylight,unknown,No control,unknown,0,0,0,False,True,False,Clear,1
2018,10,30,9,Tuesday,At intersection,Within intersection,SMV other,Daylight,unknown,Traffic signal,Functioning,0,0,0,True,False,False,Clear,1
2018,10,30,10,Tuesday,Non intersection,Thru lane,SMV unattended vehicle,Daylight,unknown,No control,unknown,0,0,0,False,False,False,Clear,0
2018,10,29,14,Monday,Non intersection,Thru lane,SMV unattended vehicle,Daylight,Municipal (excl. Twp. Rd.),No control,unknown,0,0,0,False,False,False,Clear,0
2018,10,30,12,Tuesday,At/near private drive,Thru lane,Turning movement,Daylight,unknown,No control,unknown,0,0,0,False,False,False,Clear,0
2018,10,30,7,Tuesday,At/near private drive,Thru lane,Other,Dawn,unknown,No control,unknown,0,0,0,False,False,False,Clear,0
2018,10,31,18,Wednesday,Non intersection,Thru lane,SMV other,Dark,unknown,No control,unknown,0,0,0,True,False,False,Clear,1
2018,11,1,7,Thursday,At intersection,Within intersection,Turning movement,Daylight,unknown,Traffic signal,Functioning,0,0,0,False,False,False,Rain,0
2018,11,1,8,Thursday,At/near private drive,Thru lane,Other,Daylight,Municipal (excl. Twp. Rd.),No control,unknown,0,0,0,False,False,False,Rain,0
2018,11,1,13,Thursday,Non intersection,Thru lane,Rear end,Daylight,Municipal (excl. Twp. Rd.),Ped. crossover,Functioning,0,0,0,False,False,False,Rain,0
2018,10,31,14,Wednesday,Non intersection,Thru lane,Other,Daylight,Regional municipality,No control,unknown,0,0,0,False,False,False,Clear,0
2018,11,2,7,Friday,At/near private drive,Thru lane,SMV other,"Dawn, artificial",unknown,No control,unknown,0,0,0,False,False,False,Rain,0
2018,11,2,6,Friday,At/near private drive,Thru lane,SMV unattended vehicle,"Dark, artificial",Municipal (excl. Twp. Rd.),No control,unknown,0,0,0,False,False,False,Rain,0
2018,11,1,14,Thursday,At/near private drive,Right shoulder,Other,Daylight,Municipal (excl. Twp. Rd.),No control,unknown,0,0,0,False,False,False,Rain,0
2018,11,2,14,Friday,At intersection,Within intersection,Rear end,Daylight,unknown,Ped. crossover,Functioning,0,0,0,False,False,False,Rain,0
2018,11,2,13,Friday,Non intersection,Thru lane,Sideswipe,Daylight,Municipal (excl. Twp. Rd.),No control,unknown,0,0,0,False,False,False,Rain,0
2018,11,2,15,Friday,Intersection related,Thru lane,Sideswipe,Daylight,unknown,Stop sign,Functioning,0,0,0,False,False,False,Clear,0
2018,11,1,19,Thursday,At railway crossing,Thru lane,Other,Dark,Municipal (excl. Twp. Rd.),Traffic controller,unknown,0,0,0,False,False,False,Rain,0
2018,11,2,17,Friday,At intersection,Within intersection,SMV other,Daylight,Regional municipality,Stop sign,Functioning,0,0,0,True,False,False,Clear,1
2018,11,4,1,Sunday,Non intersection,Right shoulder,SMV unattended vehicle,Dark,unknown,Stop sign,Functioning,0,0,0,False,False,False,Clear,0
2018,11,4,23,Sunday,Non intersection,Thru lane,SMV unattended vehicle,"Dark, artificial",Municipal (excl. Twp. Rd.),No control,unknown,0,0,0,False,False,False,Rain,0
2018,11,5,13,Monday,At intersection,Within intersection,Angle,Daylight,unknown,Stop sign,Functioning,0,0,0,False,False,False,Rain,0
2018,11,5,12,Monday,Non intersection,Thru lane,Other,Daylight,unknown,No control,unknown,0,0,0,False,False,False,Rain,0
2018,11,5,17,Monday,At intersection,Within intersection,Turning movement,Daylight,Municipal (excl. Twp. Rd.),Stop sign,Functioning,0,0,1,False,False,False,Clear,0
2018,11,6,20,Tuesday,Non intersection,Not on roadway - left side,SMV other,Dark,unknown,No control,unknown,0,0,0,False,False,False,Rain,0
2018,11,6,15,Tuesday,Non intersection,Thru lane,SMV unattended vehicle,Daylight,Municipal (excl. Twp. Rd.),No control,unknown,0,0,0,False,False,False,Rain,0
2018,11,7,13,Wednesday,Intersection related,Off highway,SMV other,Daylight,unknown,No control,unknown,0,0,0,False,False,False,Clear,0
2018,11,7,15,Wednesday,At/near private drive,Thru lane,Turning movement,Daylight,Municipal (excl. Twp. Rd.),No control,unknown,0,0,0,False,False,False,Clear,0
2018,11,5,15,Monday,Intersection related,Thru lane,SMV unattended vehicle,Daylight,Municipal (excl. Twp. Rd.),Stop sign,Functioning,0,0,0,False,False,False,Clear,0
2018,11,7,18,Wednesday,At intersection,Within intersection,Turning movement,"Dark, artificial",Municipal (excl. Twp. Rd.),Stop sign,Functioning,0,0,0,False,False,False,Clear,0
2018,11,7,19,Wednesday,Non intersection,Thru lane,SMV unattended vehicle,"Dark, artificial",Regional municipality,No control,unknown,0,0,0,False,False,False,Clear,1
2018,11,8,16,Thursday,At intersection,Within intersection,SMV other,Daylight,unknown,Stop sign,Functioning,0,0,1,True,False,False,Clear,1
2018,11,8,13,Thursday,At/near private drive,Thru lane,SMV unattended vehicle,Daylight,Municipal (excl. Twp. Rd.),No control,unknown,0,0,0,False,False,False,Clear,0
2018,11,9,16,Friday,At intersection,Within intersection,Angle,Daylight,unknown,Stop sign,Functioning,0,0,0,False,False,False,Rain,0
2018,11,10,8,Saturday,At intersection,Within intersection,Angle,Daylight,unknown,Traffic signal,Functioning,0,0,0,False,False,False,Snow,1
2018,11,10,9,Saturday,Non intersection,Not on roadway - right side,SMV other,Daylight,unknown,No control,unknown,0,0,0,False,False,False,Snow,0
2018,11,10,9,Saturday,Intersection related,Thru lane,Rear end,Daylight,unknown,Stop sign,Functioning,0,0,0,False,False,False,Snow,0
2018,11,10,9,Saturday,At intersection,Within intersection,Angle,Daylight,Regional municipality,Traffic signal,Functioning,0,0,0,False,False,False,Clear,0
2018,11,10,9,Saturday,Non intersection,Off highway,SMV other,Daylight,unknown,No control,unknown,0,0,0,False,False,False,Snow,0
2018,11,10,9,Saturday,At intersection,Within intersection,Turning movement,Daylight,unknown,Stop sign,Functioning,0,0,0,False,False,False,Snow,0