ACCIDENT_YEAR,ACCIDENT_MONTH,ACCIDENT_DAY,ACCIDENT_HOUR,ACCIDENT_WEEKDAY,ACCIDENTLOCATION,IMPACTLOCATION,INITIALIMPACTTYPE,LIGHT,ROADJURISDICTION,TRAFFICCONTROL,TRAFFICCONTROLCONDITION,THRULANENO,NORTHBOUNDDISOBEYCOUNT,SOUTHBOUNDDISOBEYCOUNT,PEDESTRIANINVOLVED,CYCLISTINVOLVED,MOTORCYCLISTINVOLVED,ENVIRONMENTCONDITION1,injury
2018,11,10,11,Saturday,Non intersection,Right shoulder,SMV unattended vehicle,Daylight,unknown,No control,unknown,0,0,0,False,False,False,Snow,0
2018,11,10,11,Saturday,Intersection related,Thru lane,Rear end,Daylight,Municipal (excl. Twp. Rd.),Traffic signal,Functioning,0,0,0,False,False,False,Clear,0
2018,11,9,17,Friday,Intersection related,Thru lane,Rear end,Daylight,Regional municipality,Traffic signal,Functioning,0,0,0,False,False,False,Rain,0
2018,11,10,15,Saturday,Intersection related,Thru lane,Rear end,Daylight,Municipal (excl. Twp. Rd.),Stop sign,Functioning,0,0,0,False,False,False,Clear,1
2018,11,10,9,Saturday,Intersection related,Thru lane,Turning movement,Daylight,Municipal (excl. Twp. Rd.),Stop sign,Functioning,0,0,0,False,False,False,Snow,0
2018,11,10,17,Saturday,At intersection,Within intersection,Rear end,"Dusk, artificial",Municipal (excl. Twp. Rd.),Stop sign,Functioning,0,0,0,False,False,False,Clear,0
2018,11,11,16,Sunday,Non intersection,Thru lane,SMV unattended vehicle,Daylight,Municipal (excl. Twp. Rd.),No control,unknown,0,0,0,False,False,False,Clear,0
2018,11,11,16,Sunday,At/near private drive,Thru lane,SMV other,Daylight,Municipal (excl. Twp. Rd.),No control,unknown,0,0,0,False,False,False,Clear,0
2018,11,12,13,Monday,At intersection,Within intersection,Sideswipe,Daylight,Regional municipality,Traffic signal,Functioning,0,0,0,False,False,False,Clear,0
2018,11,10,9,Saturday,At intersection,Within intersection,Rear end,Daylight,Municipal (excl. Twp. Rd.),Stop sign,Functioning,0,0,0,False,False,False,Clear,0
2018,11,12,17,Monday,At intersection,Within intersection,Rear end,"Dark, artificial",Municipal (excl. Twp. Rd.),Yield sign,Functioning,0,0,0,False,False,False,Clear,0
2018,11,13,16,Tuesday,At intersection,Within intersection,Angle,Daylight,Regional municipality,Stop sign,Functioning,0,0,1,False,False,False,Snow,1
2018,11,13,20,Tuesday,Non intersection,Right shoulder,Rear end,Dark,unknown,No control,unknown,0,0,0,False,False,False,Snow,0
2018,11,13,9,Tuesday,Non intersection,Thru lane,Rear end,Daylight,Municipal (excl. Twp. Rd.),Ped. crossover,Functioning,0,0,0,False,False,False,Clear,0
2018,11,13,20,Tuesday,Non intersection,Right shoulder,SMV unattended vehicle,Dark,unknown,No control,unknown,0,0,0,False,False,False,Snow,0
2018,11,13,21,Tuesday,Intersection related,Right turn lane,Rear end,"Dark, artificial",unknown,Traffic signal,Functioning,0,0,0,False,False,False,Clear,0
2018,11,14,0,Wednesday,Non intersection,Thru lane,SMV other,Dark,unknown,No control,unknown,0,0,0,False,False,False,Snow,0
2018,11,14,8,Wednesday,Intersection related,Thru lane,Rear end,Daylight,Municipal (excl. Twp. Rd.),Stop sign,Functioning,0,0,0,False,False,False,Snow,0
2018,11,14,8,Wednesday,Intersection related,Thru lane,Turning movement,Daylight,Municipal (excl. Twp. Rd.),Stop sign,Functioning,0,0,0,False,False,False,Clear,0
2018,11,13,20,Tuesday,Intersection related,Thru lane,SMV other,Daylight,Municipal (excl. Twp. Rd.),Stop sign,Functioning,0,0,0,False,False,False,Clear,0
2018,10,23,23,Tuesday,Non intersection,Thru lane,SMV unattended vehicle,"Dark, artificial",Municipal (excl. Twp. Rd.),No control,unknown,0,0,0,False,False,False,Clear,0
2018,11,14,13,Wednesday,Non intersection,Thru lane,SMV unattended vehicle,Daylight,Municipal (excl. Twp. Rd.),No control,unknown,0,0,0,False,False,False,Clear,0
2018,11,14,2,Wednesday,Non intersection,Thru lane,SMV unattended vehicle,Dark,Municipal (excl. Twp. Rd.),No control,unknown,0,0,0,False,False,False,Snow,0
2018,11,14,21,Wednesday,At/near private drive,Thru lane,SMV unattended vehicle,"Dark, artificial",Municipal (excl. Twp. Rd.),No control,unknown,0,0,0,False,False,False,Clear,0
2018,11,13,7,Tuesday,Non intersection,Thru lane,Approaching,Dawn,Municipal (excl. Twp. Rd.),No control,unknown,0,0,0,False,False,False,Snow,0
2018,11,14,7,Wednesday,At intersection,Within intersection,Angle,Daylight,Municipal (excl. Twp. Rd.),Stop sign,Functioning,0,0,0,False,False,False,Clear,0
2018,11,15,15,Thursday,Intersection related,Thru lane,Rear end,Daylight,Municipal (excl. Twp. Rd.),Stop sign,Functioning,0,0,0,False,False,False,Snow,0
2018,11,15,8,Thursday,Non intersection,Right turn lane,Rear end,Daylight,unknown,Yield sign,Functioning,0,0,0,False,False,False,Clear,0
2018,11,15,12,Thursday,Non intersection,Thru lane,SMV unattended vehicle,Daylight,Regional municipality,No control,unknown,0,0,0,False,False,False,Snow,0
2018,11,15,23,Thursday,At intersection,Right shoulder,SMV other,Dark,unknown,Stop sign,Functioning,0,0,0,False,False,False,Snow,0
2018,11,15,17,Thursday,Intersection related,Thru lane,Turning movement,"Dark, artificial",Municipal (excl. Twp. Rd.),Stop sign,Functioning,0,0,0,False,False,False,Snow,0
2018,11,15,18,Thursday,Intersection related,Thru lane,SMV other,"Dark, artificial",Regional municipality,Traffic signal,Functioning,0,0,0,False,False,False,Snow,0
2018,11,16,8,Friday,Intersection related,Thru lane,Turning movement,Daylight,Municipal (excl. Twp. Rd.),Stop sign,Functioning,0,0,0,False,False,False,Snow,0
2018,11,17,6,Saturday,Non intersection,Not on roadway - right side,SMV other,"Dark, artificial",unknown,No control,unknown,0,0,0,False,False,False,Clear,0
2018,11,17,4,Saturday,Non intersection,Thru lane,SMV unattended vehicle,"Dark, artificial",unknown,No control,unknown,0,0,0,False,False,False,Clear,0
2018,11,15,18,Thursday,At intersection,Within intersection,Turning movement,Dark,Municipal (excl. Twp. Rd.),No control,unknown,0,0,0,False,False,False,Snow,0
2018,11,15,11,Thursday,At/near private drive,Thru lane,Other,Daylight,Municipal (excl. Twp. Rd.),No control,unknown,0,0,0,False,False,False,Clear,0
2018,11,17,20,Saturday,At/near private drive,Thru lane,Turning movement,"Dark, artificial",unknown,No control,unknown,0,0,0,False,False,False,Clear,0
2018,11,17,22,Saturday,Non intersection,Thru lane,SMV other,"Dark, artificial",unknown,No control,unknown,0,0,0,False,False,False,Clear,0
2018,11,18,11,Sunday,Intersection related,Left turn lane,Sideswipe,Daylight,Municipal (excl. Twp. Rd.),Stop sign,Functioning,0,0,0,False,False,False,Clear,0
2018,11,14,8,Wednesday,Non intersection,Thru lane,SMV unattended vehicle,Daylight,Municipal (excl. Twp. Rd.),No control,unknown,0,0,0,False,False,False,Snow,0
2018,11,19,9,Monday,Non intersection,Thru lane,SMV unattended vehicle,Daylight,Municipal (excl. Twp. Rd.),No control,unknown,0,0,0,False,False,False,Clear,0
2018,11,18,18,Sunday,At/near private drive,Thru lane,Rear end,"Dark, artificial",Municipal (excl. Twp. Rd.),No control,unknown,0,0,0,False,False,False,Clear,0
2018,11,20,8,Tuesday,At/near private drive,Thru lane,Turning movement,Daylight,unknown,No control,unknown,0,0,0,False,False,False,Clear,0
2018,11,20,8,Tuesday,At intersection,Within intersection,Turning movement,Daylight,unknown,Traffic signal,Functioning,0,0,0,False,False,False,Snow,0
2018,11,20,9,Tuesday,Intersection related,Thru lane,Approaching,Daylight,unknown,Stop sign,Functioning,0,0,0,False,False,False,Snow,1
2018,11,20,8,Tuesday,Intersection related,Thru lane,Rear end,Daylight,Municipal (excl. Twp. Rd.),Stop sign,Functioning,0,0,0,False,False,False,Snow,0
2018,11,20,7,Tuesday,At intersection,Within intersection,Rear end,Daylight,Regional municipality,Yield sign,Functioning,0,0,0,False,False,False,Snow,0
2018,11,20,9,Tuesday,At intersection,Within intersection,Rear end,Daylight,Municipal (excl. Twp. Rd.),Stop sign,Functioning,0,0,0,False,False,False,Snow,0
2018,11,20,8,Tuesday,Intersection related,Thru lane,Rear end,Daylight,Municipal (excl. Twp. Rd.),Stop sign,Functioning,0,0,0,False,False,False,Clear,0
2018,11,20,9,Tuesday,Non intersection,Thru lane,SMV unattended vehicle,Daylight,Municipal (excl. Twp. Rd.),No control,unknown,0,0,0,False,False,False,Clear,0
2018,11,15,17,Thursday,Intersection related,Thru lane,Rear end,"Dark, artificial",Municipal (excl. Twp. Rd.),Stop sign,Functioning,0,0,0,False,False,False,Snow,0
2018,11,20,13,Tuesday,At/near private drive,Thru lane,Other,Daylight,Private property,No control,unknown,0,0,0,False,False,False,Clear,0
2018,11,19,18,Monday,Non intersection,Thru lane,SMV unattended vehicle,"Dusk, artificial",Municipal (excl. Twp. Rd.),No control,unknown,0,0,0,False,False,False,Clear,0
2018,11,20,8,Tuesday,Intersection related,Thru lane,Rear end,Daylight,Municipal (excl. Twp. Rd.),Stop sign,Functioning,0,0,0,False,False,False,Clear,1
2018,11,20,9,Tuesday,At/near private drive,Thru lane,Other,Daylight,Municipal (excl. Twp. Rd.),No control,unknown,0,0,0,False,False,False,Clear,0
2018,11,13,17,Tuesday,At intersection,Within intersection,Angle,Daylight,Regional municipality,Yield sign,Functioning,0,0,0,False,False,False,Clear,0
2018,11,20,18,Tuesday,Non intersection,Thru lane,Rear end,"Dark, artificial",Municipal (excl. Twp. Rd.),Ped. crossover,Functioning,0,0,0,False,False,False,Clear,0
2018,11,20,8,Tuesday,At intersection,Within intersection,Turning movement,Daylight,Municipal (excl. Twp. Rd.),Stop sign,Functioning,0,0,0,False,False,False,Snow,1
2018,11,21,21,Wednesday,Intersection related,Thru lane,Rear end,Dark,unknown,Stop sign,Functioning,0,0,0,False,False,False,Clear,1
2018,11,22,5,Thursday,Non intersection,Thru lane,Approaching,Daylight,unknown,No control,unknown,0,0,0,False,False,False,Clear,0
2018,11,22,8,Thursday,Intersection related,Thru lane,Rear end,Daylight,Regional municipality,Stop sign,Functioning,0,0,0,False,False,False,Clear,0
2018,11,21,15,Wednesday,Intersection related,Thru lane,Other,Daylight,Municipal (excl. Twp. Rd.),Stop sign,Functioning,0,0,0,False,False,False,Clear,0
2018,11,20,9,Tuesday,At intersection,Within intersection,Rear end,Daylight,Municipal (excl. Twp. Rd.),Stop sign,Functioning,0,0,0,False,False,False,Clear,0
2018,11,22,11,Thursday,At/near private drive,Thru lane,Other,Daylight,Municipal (excl. Twp. Rd.),No control,unknown,0,0,0,False,False,False,Clear,0
2018,11,22,15,Thursday,Intersection related,Thru lane,Sideswipe,Daylight,Municipal (excl. Twp. Rd.),School guard,Functioning,0,0,0,False,False,False,Clear,0
2018,11,23,13,Friday,At/near private drive,Two-way left turn lane,Turning movement,Daylight,unknown,No control,unknown,0,0,0,False,False,False,Clear,0
2018,11,23,15,Friday,At intersection,Within intersection,Angle,"Daylight, artificial",unknown,Stop sign,Functioning,0,0,0,False,False,False,Clear,0
2018,11,22,16,Thursday,Non intersection,Thru lane,SMV unattended vehicle,Daylight,Municipal (excl. Twp. Rd.),No control,unknown,0,0,0,False,False,False,Clear,0
2018,11,23,15,Friday,At/near private drive,Thru lane,Other,Daylight,Municipal (excl. Twp. Rd.),No control,unknown,0,0,0,False,False,False,Clear,0
2018,11,22,17,Thursday,At/near private drive,Thru lane,SMV unattended vehicle,"Dark, artificial",Municipal (excl. Twp. Rd.),No control,unknown,0,0,0,False,False,False,Clear,0
2018,11,23,17,Friday,At/near private drive,Thru lane,SMV unattended vehicle,Daylight,Municipal (excl. Twp. Rd.),No control,unknown,0,0,0,False,False,False,Clear,0
2018,11,24,10,Saturday,At intersection,Within intersection,Turning movement,Daylight,unknown,Traffic signal,Functioning,0,0,0,False,False,False,Rain,0
2018,11,24,10,Saturday,At/near private drive,Thru lane,Sideswipe,Daylight,Municipal (excl. Twp. Rd.),No control,unknown,0,0,0,False,False,False,Rain,0
2018,11,24,17,Saturday,Non intersection,Thru lane,SMV other,Dusk,Municipal (excl. Twp. Rd.),No control,unknown,0,0,0,False,False,False,Rain,0
2018,11,24,19,Saturday,Non intersection,Thru lane,SMV unattended vehicle,"Dark, artificial",unknown,No control,unknown,0,0,0,False,False,False,Rain,0
2018,11,24,14,Saturday,At/near private drive,Thru lane,Other,Daylight,Regional municipality,No control,unknown,0,0,0,False,False,False,Clear,0
2018,11,21,10,Wednesday,Intersection related,Thru lane,Rear end,Daylight,Regional municipality,Traffic signal,Functioning,0,0,0,False,False,False,Clear,1
2018,11,25,2,Sunday,Non intersection,Thru lane,SMV unattended vehicle,Dark,Municipal (excl. Twp. Rd.),No control,unknown,0,0,0,False,False,False,Clear,0
2018,11,23,15,Friday,At intersection,Within intersection,Rear end,Daylight,Regional municipality,Yield sign,Functioning,0,0,0,False,False,False,Clear,0
2018,11,26,17,Monday,Non intersection,Thru lane,Sideswipe,Dark,unknown,No control,unknown,0,0,0,False,False,False,Rain,0
2018,11,27,15,Tuesday,At intersection,Within intersection,Turning movement,Daylight,unknown,Traffic signal,Functioning,0,0,0,False,False,False,Clear,1
2018,11,28,13,Wednesday,Intersection related,Thru lane,Turning movement,Daylight,Municipal (excl. Twp. Rd.),Stop sign,Functioning,0,0,0,False,False,False,Clear,0
2018,11,28,14,Wednesday,Intersection related,Thru lane,SMV unattended vehicle,Daylight,unknown,Stop sign,Functioning,0,0,0,False,False,False,Clear,0
2018,11,28,17,Wednesday,At/near private drive,Thru lane,Turning movement,Daylight,unknown,No control,unknown,0,0,0,False,False,False,Clear,0
2018,11,28,18,Wednesday,At/near private drive,Thru lane,SMV unattended vehicle,Dark,unknown,No control,unknown,0,0,0,False,False,False,Clear,0
2018,11,28,19,Wednesday,Intersection related,Thru lane,Sideswipe,"Dark, artificial",Municipal (excl. Twp. Rd.),Stop sign,Functioning,0,0,0,False,False,False,Clear,0
2018,11,29,8,Thursday,At intersection,Within intersection,Angle,Daylight,unknown,Stop sign,Functioning,0,0,0,False,False,False,Clear,0
2018,11,28,20,Wednesday,At/near private drive,Thru lane,SMV unattended vehicle,"Dark, artificial",Municipal (excl. Twp. Rd.),No control,unknown,0,0,0,False,False,False,Clear,0
2018,11,29,13,Thursday,Intersection related,Thru lane,Turning movement,Daylight,unknown,Stop sign,Functioning,0,0,0,False,False,False,Clear,1
2018,11,28,19,Wednesday,At intersection,Within intersection,Turning movement,"Dark, artificial",Municipal (excl. Twp. Rd.),Stop sign,Functioning,0,0,0,False,False,False,Rain,0
2018,11,29,18,Thursday,At intersection,Within intersection,Turning movement,Dark,Municipal (excl. Twp. Rd.),Stop sign,Functioning,0,0,0,False,False,False,Clear,0
2018,11,30,6,Friday,Non intersection,Thru lane,SMV unattended vehicle,"Dark, artificial",Municipal (excl. Twp. Rd.),No control,unknown,0,0,0,False,False,False,Clear,0
2018,11,29,6,Thursday,Non intersection,Thru lane,SMV unattended vehicle,Daylight,Municipal (excl. Twp. Rd.),No control,unknown,0,0,0,False,False,False,Clear,0
2018,11,30,17,Friday,Non intersection,Thru lane,Turning movement,"Dusk, artificial",Municipal (excl. Twp. Rd.),No control,unknown,0,0,0,False,False,False,Clear,0
2018,12,1,13,Saturday,Non intersection,Thru lane,Rear end,Daylight,Regional municipality,No control,unknown,0,0,0,False,False,False,Clear,0
2018,12,2,9,Sunday,Non intersection,Thru lane,Sideswipe,Daylight,unknown,No control,unknown,0,0,0,False,False,False,Rain,1
2018,12,2,9,Sunday,At intersection,Within intersection,Angle,Daylight,unknown,Stop sign,Functioning,0,0,0,False,False,False,Clear,1
2018,11,23,20,Friday,At/near private drive,Thru lane,SMV unattended vehicle,"Dark, artificial",Municipal (excl. Twp. Rd.),No control,unknown,0,0,0,False,False,False,Clear,0
2018,12,2,17,Sunday,At/near private drive,Thru lane,SMV unattended vehicle,"Dusk, artificial",unknown,No control,unknown,0,0,0,False,False,False,Clear,0
2018,12,3,9,Monday,At intersection,Within intersection,Turning movement,Daylight,unknown,Traffic signal,Functioning,0,0,0,False,False,False,Clear,1
2018,12,3,19,Monday,Non intersection,Thru lane,SMV unattended vehicle,"Dark, artificial",unknown,No control,unknown,0,0,0,False,False,False,Clear,0
2018,12,4,18,Tuesday,Intersection related,Right shoulder,SMV unattended vehicle,Dark,unknown,Stop sign,Functioning,0,0,0,False,False,False,Clear,0
2018,12,3,17,Monday,Non intersection,Right shoulder,SMV unattended vehicle,Daylight,unknown,No control,unknown,0,0,0,False,False,False,Clear,0
2018,12,5,15,Wednesday,Non intersection,Right shoulder,SMV unattended vehicle,Daylight,Regional municipality,No control,unknown,0,0,0,False,False,False,Clear,0
2018,12,5,14,Wednesday,Non intersection,Thru lane,Sideswipe,Daylight,unknown,No control,unknown,0,0,0,False,False,False,Clear,0
2018,12,6,8,Thursday,At intersection,Within intersection,Angle,Daylight,unknown,Stop sign,Functioning,0,0,0,False,False,False,Snow,0
2018,12,6,8,Thursday,Non intersection,Thru lane,Angle,Daylight,unknown,No control,unknown,0,0,0,False,False,False,Snow,0
2018,12,6,11,Thursday,Intersection related,Right shoulder,SMV other,"Daylight, artificial",unknown,Traffic signal,Functioning,0,0,0,False,False,False,Snow,0
2018,12,6,12,Thursday,Intersection related,Thru lane,Other,Daylight,Municipal (excl. Twp. Rd.),Stop sign,Functioning,0,0,0,False,False,False,Snow,0
2018,12,6,9,Thursday,Non intersection,Not on roadway - right side,SMV other,Daylight,unknown,No control,unknown,0,0,0,False,False,False,Snow,0
2018,12,6,16,Thursday,Intersection related,Not on roadway - left side,SMV other,"Dusk, artificial",unknown,Stop sign,Functioning,0,0,0,False,False,False,Snow,0
2018,12,6,18,Thursday,At intersection,Within intersection,Angle,Dark,unknown,Stop sign,Functioning,0,0,0,False,False,False,Snow,1
2018,12,6,17,Thursday,Intersection related,Not on roadway - left side,SMV other,"Dark, artificial",unknown,No control,unknown,0,0,0,False,False,False,Freezing Rain,0
2018,12,6,10,Thursday,Non intersection,Not on roadway - right side,SMV other,Daylight,unknown,Stop sign,Functioning,0,0,0,False,False,False,Snow,0
2018,12,7,11,Friday,At/near private drive,Thru lane,SMV unattended vehicle,Daylight,unknown,No control,unknown,0,0,0,False,False,False,Snow,0
2018,12,7,13,Friday,At intersection,Within intersection,Turning movement,Daylight,unknown,Stop sign,Functioning,0,0,0,False,False,False,Clear,0
2018,12,6,21,Thursday,Non intersection,Thru lane,SMV other,Daylight,unknown,No control,unknown,0,0,0,False,False,False,Clear,0
2018,12,7,18,Friday,Non intersection,Thru lane,SMV other,Dark,unknown,No control,unknown,0,0,0,False,False,False,Clear,0
2018,12,7,18,Friday,Intersection related,Thru lane,SMV other,"Dark, artificial",unknown,Stop sign,Functioning,0,0,0,False,False,False,Clear,0
2018,12,8,10,Saturday,Intersection related,Not on roadway - left side,SMV other,Dark,unknown,Stop sign,Functioning,0,0,0,False,False,False,Clear,1
2018,12,9,12,Sunday,Non intersection,Thru lane,SMV unattended vehicle,Daylight,unknown,No control,unknown,0,0,0,False,False,False,Clear,0
2018,12,10,6,Monday,Overpass or bridge,Right turn lane,Rear end,Dawn,unknown,No control,unknown,0,0,0,False,False,False,Clear,0
2018,12,10,8,Monday,At intersection,Within intersection,Angle,Daylight,unknown,Stop sign,Functioning,0,0,0,False,False,False,Clear,0
2018,12,10,14,Monday,At/near private drive,Thru lane,Angle,Daylight,unknown,No control,unknown,0,0,0,False,False,False,Clear,0
2018,12,6,14,Thursday,Intersection related,Thru lane,Rear end,Daylight,unknown,Traffic signal,Functioning,0,0,0,False,False,False,Clear,0
2018,11,24,16,Saturday,Non intersection,Thru lane,SMV unattended vehicle,Daylight,unknown,No control,unknown,0,0,0,False,False,False,Rain,0
2018,12,12,6,Wednesday,Intersection related,Not on roadway - left side,SMV other,Dark,unknown,Yield sign,Functioning,0,0,0,False,False,False,Clear,0
2018,12,12,9,Wednesday,At/near private drive,Thru lane,Other,Daylight,unknown,No control,unknown,0,0,0,False,False,False,Clear,0
2018,12,12,8,Wednesday,At/near private drive,Left turn lane,Sideswipe,Daylight,unknown,No control,unknown,0,0,0,False,False,False,Clear,0
2018,12,12,17,Wednesday,Non intersection,Right shoulder,SMV unattended vehicle,Daylight,unknown,No control,unknown,0,0,0,False,False,False,Clear,0
2018,12,12,22,Wednesday,At/near private drive,Thru lane,Turning movement,Dark,unknown,Stop sign,Functioning,0,0,0,False,False,False,Snow,0
2018,12,13,13,Thursday,At intersection,Within intersection,Turning movement,Daylight,unknown,Stop sign,Functioning,0,0,0,False,False,False,Clear,0
2018,12,14,9,Friday,Non intersection,Not on roadway - left side,SMV other,Daylight,unknown,No control,unknown,0,0,0,False,False,False,Rain,0
2018,12,15,14,Saturday,At/near private drive,Thru lane,Rear end,Daylight,unknown,No control,unknown,0,0,0,False,False,False,Clear,0
2018,12,14,12,Friday,At/near private drive,Thru lane,Rear end,Daylight,unknown,No control,unknown,0,0,0,False,False,False,Clear,0
2018,12,15,13,Saturday,Non intersection,Left turn lane,Turning movement,Daylight,unknown,No control,unknown,0,0,0,False,False,False,Clear,0
2018,12,17,9,Monday,At intersection,Within intersection,Turning movement,Daylight,unknown,Stop sign,Functioning,0,0,0,False,False,False,Clear,0
2018,12,12,20,Wednesday,Non intersection,Thru lane,Other,Daylight,unknown,No control,unknown,0,0,0,False,False,False,Clear,0
2018,12,17,13,Monday,Non intersection,Right shoulder,SMV unattended vehicle,Daylight,unknown,No control,unknown,0,0,0,False,False,False,Rain,0
2018,12,18,7,Tuesday,Non intersection,Thru lane,SMV unattended vehicle,Dawn,unknown,No control,unknown,0,0,0,False,False,False,Clear,0
2018,12,18,21,Tuesday,At intersection,Within intersection,Approaching,Dark,unknown,Traffic signal,Functioning,0,0,0,False,False,False,Clear,1
2018,12,19,16,Wednesday,Intersection related,Not on roadway - right side,SMV other,Dark,unknown,Stop sign,Functioning,0,0,0,False,False,False,Clear,1
2018,12,19,17,Wednesday,Non intersection,Thru lane,SMV unattended vehicle,"Dark, artificial",unknown,No control,unknown,0,0,0,False,False,False,Clear,0
2018,12,20,12,Thursday,At/near private drive,Thru lane,Other,Daylight,unknown,No control,unknown,0,0,0,False,False,False,Clear,0
2018,12,20,12,Thursday,At/near private drive,Thru lane,SMV unattended vehicle,Daylight,unknown,No control,unknown,0,0,0,False,False,False,Clear,0
2018,12,20,16,Thursday,At railway crossing,Thru lane,Sideswipe,Daylight,unknown,Traffic signal,Functioning,0,0,0,False,False,False,Clear,0
2018,12,21,13,Friday,Non intersection,Thru lane,Rear end,Daylight,unknown,No control,unknown,0,0,0,False,False,False,Clear,0
2018,12,21,14,Friday,Intersection related,Thru lane,Other,Daylight,unknown,Traffic signal,Functioning,0,0,0,False,False,False,Clear,0
2018,12,21,14,Friday,Intersection related,Thru lane,Turning movement,Daylight,unknown,Traffic signal,Functioning,0,0,0,False,False,False,Clear,0
2018,12,21,21,Friday,At/near private drive,Thru lane,SMV unattended vehicle,"Dark, artificial",unknown,No control,unknown,0,0,0,False,False,False,Clear,0
2018,12,22,16,Saturday,At/near private drive,Thru lane,SMV unattended vehicle,Daylight,unknown,No control,unknown,0,0,0,False,False,False,Clear,0
2018,12,23,20,Sunday,Intersection related,Thru lane,SMV other,"Daylight, artificial",unknown,Stop sign,Functioning,0,0,0,False,False,False,Snow,0
2018,12,24,0,Monday,At/near private drive,Not on roadway - right side,SMV other,Dark,unknown,No control,unknown,0,0,0,False,False,False,Snow,0
2018,12,24,1,Monday,Non intersection,Thru lane,SMV unattended vehicle,Dark,unknown,No control,unknown,0,0,0,False,False,False,Rain,0
2018,12,23,18,Sunday,Non intersection,Thru lane,SMV unattended vehicle,Dark,unknown,No control,unknown,0,0,0,False,False,False,Clear,0
2018,12,23,1,Sunday,Non intersection,Thru lane,SMV unattended vehicle,Dark,unknown,No control,unknown,0,0,0,False,False,False,Clear,0
2018,12,23,11,Sunday,Non intersection,Not on roadway - right side,SMV other,Daylight,unknown,No control,unknown,0,0,0,False,False,False,Clear,0
2018,12,27,13,Thursday,At/near private drive,Thru lane,SMV unattended vehicle,Daylight,unknown,No control,unknown,0,0,0,False,False,False,Clear,0
2018,12,27,21,Thursday,Intersection related,Thru lane,Turning movement,"Dark, artificial",unknown,Traffic signal,Functioning,0,0,0,False,False,False,Rain,0
2018,12,28,12,Friday,At intersection,Within intersection,Turning movement,Daylight,unknown,Stop sign,Functioning,0,0,0,False,False,False,Clear,1
2018,12,28,14,Friday,At/near private drive,Not on roadway - left side,SMV other,Daylight,unknown,No control,unknown,0,0,0,False,False,False,Clear,0
2018,12,28,16,Friday,Other,Off highway,Rear end,Dusk,unknown,No control,unknown,0,0,0,False,False,False,Clear,0
2018,12,29,14,Saturday,At/near private drive,Right turn lane,Sideswipe,Daylight,unknown,Traffic signal,Functioning,0,0,0,False,False,False,Clear,0
2018,12,29,17,Saturday,At/near private drive,Thru lane,SMV unattended vehicle,"Dark, artificial",unknown,No control,unknown,0,0,0,False,False,False,Clear,0
2018,12,30,19,Sunday,At intersection,Within intersection,Angle,Dark,unknown,Stop sign,Functioning,0,0,0,False,False,False,Clear,0
2018,12,22,22,Saturday,Non intersection,Thru lane,SMV other,"Dark, artificial",unknown,No control,unknown,0,0,0,False,False,False,Clear,0
2019,1,1,14,Tuesday,Intersection related,Not on roadway - right side,SMV other,Daylight,unknown,Stop sign,Functioning,0,0,0,False,False,False,Clear,0
2019,1,1,15,Tuesday,Non intersection,Not on roadway - left side,SMV other,Daylight,unknown,No control,unknown,0,0,0,False,False,False,Clear,0
2019,1,2,9,Wednesday,Non intersection,Thru lane,SMV unattended vehicle,Daylight,unknown,No control,unknown,0,0,0,False,False,False,Clear,0
2019,1,2,6,Wednesday,At intersection,Within intersection,Angle,Daylight,unknown,Stop sign,Functioning,0,0,0,False,False,False,Clear,0
2019,1,2,14,Wednesday,At/near private drive,Thru lane,Other,Daylight,unknown,No control,unknown,0,0,0,False,False,False,Clear,0
2019,1,2,18,Wednesday,Non intersection,Thru lane,SMV unattended vehicle,"Dark, artificial",unknown,No control,unknown,0,0,0,False,False,False,Snow,0
2019,1,3,14,Thursday,At/near private drive,Thru lane,Turning movement,Daylight,unknown,No control,unknown,0,0,0,False,False,False,Clear,0
2019,1,3,16,Thursday,At/near private drive,Thru lane,Other,Daylight,unknown,No control,unknown,0,0,0,False,False,False,Clear,0
2019,1,3,17,Thursday,At/near private drive,Not on roadway - right side,SMV other,"Daylight, artificial",unknown,No control,unknown,0,0,0,False,False,False,Clear,0
2019,1,4,2,Friday,Non intersection,Thru lane,SMV unattended vehicle,"Dark, artificial",unknown,No control,unknown,0,0,0,False,False,False,Snow,1
2019,1,4,10,Friday,Other,Other,SMV other,Daylight,unknown,No control,unknown,0,0,0,False,False,False,Clear,0
2019,1,4,12,Friday,Non intersection,Not on roadway - right side,SMV other,Daylight,unknown,No control,unknown,0,0,0,False,False,False,Clear,0
2019,1,4,20,Friday,At intersection,Within intersection,Angle,"Daylight, artificial",unknown,Stop sign,Functioning,0,0,0,False,False,False,Clear,0
2019,1,4,19,Friday,At intersection,Within intersection,Turning movement,Dark,unknown,Stop sign,Functioning,0,0,0,False,False,False,Clear,0
2019,1,4,11,Friday,Other,Off highway,SMV unattended vehicle,Daylight,unknown,No control,unknown,0,0,0,False,False,False,Clear,0