ACCIDENT_YEAR,ACCIDENT_MONTH,ACCIDENT_DAY,ACCIDENT_HOUR,ACCIDENT_WEEKDAY,ACCIDENTLOCATION,IMPACTLOCATION,INITIALIMPACTTYPE,LIGHT,ROADJURISDICTION,TRAFFICCONTROL,TRAFFICCONTROLCONDITION,THRULANENO,NORTHBOUNDDISOBEYCOUNT,SOUTHBOUNDDISOBEYCOUNT,PEDESTRIANINVOLVED,CYCLISTINVOLVED,MOTORCYCLISTINVOLVED,ENVIRONMENTCONDITION1,injury
2019,1,5,16,Saturday,At intersection,Within intersection,SMV other,"Daylight, artificial",unknown,Stop sign,Functioning,0,0,0,False,False,False,Clear,0
2019,1,5,18,Saturday,Non intersection,Thru lane,SMV unattended vehicle,Dark,unknown,No control,unknown,0,0,0,False,False,False,Clear,0
2019,1,5,19,Saturday,At intersection,Within intersection,Angle,Dark,unknown,Stop sign,Functioning,0,0,0,False,False,False,Clear,0
2019,1,7,6,Monday,At/near private drive,Thru lane,SMV other,Dark,unknown,No control,unknown,0,0,0,False,False,False,Clear,0
2019,1,6,20,Sunday,Non intersection,Thru lane,SMV other,"Dark, artificial",unknown,No control,unknown,0,0,0,False,False,False,Clear,0
2019,1,7,14,Monday,At intersection,Within intersection,Angle,Daylight,unknown,Stop sign,Functioning,0,0,0,False,False,False,Clear,0
2019,1,7,16,Monday,At/near private drive,Right shoulder,SMV unattended vehicle,Daylight,unknown,No control,unknown,0,0,0,False,False,False,Clear,0
2019,1,7,16,Monday,Non intersection,Other,SMV other,Daylight,unknown,No control,unknown,0,0,0,False,False,False,Clear,0
2019,1,7,13,Monday,At/near private drive,Thru lane,Other,Daylight,unknown,No control,unknown,0,0,0,False,False,False,Snow,0
2019,1,8,16,Tuesday,At/near private drive,Thru lane,Rear end,Daylight,unknown,No control,unknown,0,0,0,False,False,False,Rain,1
2019,1,1,15,Tuesday,At/near private drive,Thru lane,SMV unattended vehicle,Daylight,unknown,No control,unknown,0,0,0,False,False,False,Clear,0
2019,1,9,16,Wednesday,At/near private drive,Thru lane,Turning movement,Dark,unknown,Stop sign,Functioning,0,0,0,False,False,False,Snow,0
2019,1,10,8,Thursday,At intersection,Within intersection,Angle,Daylight,unknown,Traffic signal,Functioning,0,0,1,False,False,False,Snow,0
2019,1,9,9,Wednesday,Intersection related,Thru lane,Rear end,Daylight,unknown,Traffic signal,Functioning,0,0,0,False,False,False,Clear,0
2019,1,10,9,Thursday,At/near private drive,Thru lane,Other,Daylight,unknown,No control,unknown,0,0,0,False,False,False,Clear,0
2019,1,10,9,Thursday,At intersection,Within intersection,Sideswipe,Daylight,unknown,Traffic signal,Functioning,0,0,0,False,False,False,Snow,0
2019,1,10,16,Thursday,At intersection,Within intersection,Turning movement,Daylight,unknown,Stop sign,Functioning,0,0,0,False,False,False,Clear,0
2019,1,11,0,Friday,Non intersection,Thru lane,SMV other,Dark,Municipal (excl. Twp. Rd.),No control,unknown,0,0,0,False,False,True,Clear,0
2019,1,11,7,Friday,At/near private drive,Thru lane,SMV unattended vehicle,Daylight,unknown,No control,unknown,0,0,0,False,False,False,Clear,0
2019,1,11,16,Friday,At intersection,Within intersection,SMV other,Daylight,unknown,Traffic signal,Functioning,0,0,0,True,False,False,Clear,1
2019,1,11,17,Friday,Non intersection,Thru lane,Rear end,"Dark, artificial",unknown,No control,unknown,0,0,0,False,False,False,Clear,0
2019,1,11,18,Friday,At intersection,Within intersection,Angle,Dark,unknown,Stop sign,Functioning,0,0,0,False,False,False,Clear,0
2019,1,12,9,Saturday,Other,Off highway,SMV other,Daylight,unknown,No control,unknown,0,0,0,False,False,False,Clear,0
2019,1,10,15,Thursday,At/near private drive,Thru lane,SMV unattended vehicle,Daylight,unknown,No control,unknown,0,0,0,False,False,False,Clear,0
2019,1,12,10,Saturday,Intersection related,Thru lane,Rear end,Daylight,unknown,No control,unknown,0,0,0,False,False,False,Clear,0
2019,1,11,13,Friday,At/near private drive,Thru lane,Other,Daylight,unknown,No control,unknown,0,0,0,False,False,False,Clear,0
2019,1,13,9,Sunday,Intersection related,Thru lane,Rear end,Daylight,unknown,Traffic signal,Functioning,0,0,0,False,False,False,Clear,1
2019,1,14,14,Monday,Non intersection,Thru lane,Turning movement,Daylight,unknown,No control,unknown,0,0,0,False,False,False,Clear,1
2019,1,13,12,Sunday,At/near private drive,Thru lane,Other,Daylight,unknown,No control,unknown,0,0,0,False,False,False,Clear,0
2019,1,16,4,Wednesday,Non intersection,Right shoulder,SMV other,Dark,unknown,No control,unknown,0,0,0,False,False,False,Freezing Rain,0
2019,1,16,5,Wednesday,Non intersection,Not on roadway - left side,SMV other,Dark,unknown,No control,unknown,0,0,0,False,False,False,Freezing Rain,0
2019,1,16,6,Wednesday,At railway crossing,Thru lane,SMV other,"Dawn, artificial",unknown,Traffic gate,Functioning,0,0,1,False,False,False,Snow,0
2019,1,16,6,Wednesday,At intersection,Within intersection,Angle,"Dark, artificial",unknown,Stop sign,Functioning,0,0,0,False,False,False,Freezing Rain,0
2019,1,16,8,Wednesday,At intersection,Within intersection,Turning movement,Daylight,unknown,Stop sign,Functioning,0,0,0,False,False,False,Snow,0
2019,1,16,13,Wednesday,At intersection,Within intersection,SMV other,Daylight,unknown,Traffic signal,Functioning,0,0,0,True,False,False,Clear,1
2019,1,15,12,Tuesday,Non intersection,Right shoulder,SMV other,Daylight,unknown,No control,unknown,0,0,0,False,False,False,Clear,0
2019,1,16,16,Wednesday,Non intersection,Thru lane,SMV unattended vehicle,Daylight,unknown,No control,unknown,0,0,0,False,False,False,Clear,0
2019,1,16,5,Wednesday,Non intersection,Thru lane,SMV other,Dark,unknown,No control,unknown,0,0,0,False,False,False,Snow,0
2019,1,17,0,Thursday,Non intersection,Thru lane,SMV unattended vehicle,"Dark, artificial",unknown,No control,unknown,0,0,0,False,False,False,Clear,0
2019,1,17,10,Thursday,At intersection,Within intersection,Angle,Daylight,unknown,Traffic signal,Functioning,0,0,0,False,False,False,Clear,0
2019,1,18,8,Friday,At/near private drive,Not on roadway - left side,SMV other,Daylight,unknown,No control,unknown,0,0,0,False,False,False,Clear,0
2019,1,18,9,Friday,At intersection,Within intersection,Turning movement,Daylight,unknown,Yield sign,Functioning,0,0,0,False,False,False,Clear,0
2019,1,18,16,Friday,At intersection,Within intersection,Angle,Daylight,unknown,Stop sign,Functioning,0,0,0,False,False,False,Clear,0
2019,1,18,17,Friday,Other,Off highway,SMV other,"Daylight, artificial",unknown,No control,unknown,0,0,0,False,False,False,Clear,0
2019,1,19,0,Saturday,Non intersection,Off highway,SMV other,Dark,unknown,No control,unknown,0,0,0,False,False,False,Clear,0
2019,1,19,10,Saturday,Non intersection,Off highway,SMV unattended vehicle,"Dark, artificial",unknown,No control,unknown,0,0,0,False,False,False,Snow,0
2019,1,19,11,Saturday,At intersection,Within intersection,Angle,Daylight,unknown,Stop sign,Functioning,0,1,0,False,False,False,Snow,0
2019,1,18,21,Friday,Non intersection,Thru lane,SMV unattended vehicle,"Dark, artificial",unknown,No control,unknown,0,0,0,False,False,False,Clear,0
2019,1,20,7,Sunday,Non intersection,Thru lane,SMV other,Dawn,unknown,No control,unknown,0,0,0,True,False,False,Snow,1
2019,1,20,8,Sunday,Non intersection,Off highway,SMV other,Daylight,unknown,No control,unknown,0,0,0,False,False,False,Clear,0
2019,1,20,11,Sunday,At intersection,Within intersection,Turning movement,Daylight,unknown,Traffic signal,Functioning,0,0,0,False,False,False,Clear,1
2019,1,20,0,Sunday,Non intersection,Not on roadway - left side,SMV other,Dark,Municipal (excl. Twp. Rd.),No control,unknown,0,0,0,False,False,False,Snow,0
2019,1,19,16,Saturday,Intersection related,Left turn lane,Rear end,Daylight,unknown,Stop sign,Functioning,0,0,0,False,False,False,Snow,0
2019,1,20,14,Sunday,Intersection related,Not on roadway - right side,SMV other,Daylight,unknown,Stop sign,Functioning,0,0,0,False,False,False,Snow,0
2019,1,19,19,Saturday,Intersection related,Not on roadway - right side,SMV other,"Dark, artificial",unknown,Stop sign,Functioning,0,0,0,False,False,False,Snow,0
2019,1,20,16,Sunday,At intersection,Within intersection,Turning movement,Dusk,unknown,Stop sign,Functioning,0,0,0,False,False,False,Clear,0
2019,1,20,16,Sunday,Intersection related,Right shoulder,SMV other,Daylight,unknown,Stop sign,Functioning,0,0,0,False,False,False,Snow,0
2019,1,21,11,Monday,At/near private drive,Not on roadway - right side,SMV other,Daylight,unknown,Stop sign,Functioning,0,0,0,False,False,False,Clear,0
2019,2,11,0,Monday,Non intersection,Thru lane,Turning movement,Daylight,Municipal (excl. Twp. Rd.),No control,unknown,0,0,0,False,False,False,Clear,1
2019,2,13,0,Wednesday,At/near private drive,Thru lane,Sideswipe,Dark,Municipal (excl. Twp. Rd.),No control,unknown,0,0,0,False,False,False,Clear,1
2019,2,19,0,Tuesday,At intersection,Within intersection,Angle,Daylight,Regional municipality,unknown,Functioning,0,0,0,False,False,False,Clear,0
2019,2,19,0,Tuesday,Non intersection,Not on roadway - right side,SMV other,Daylight,Municipal (excl. Twp. Rd.),No control,unknown,0,0,0,False,False,False,Clear,0
2019,2,19,0,Tuesday,At intersection,Within intersection,Angle,Dark,Regional municipality,unknown,Functioning,0,0,0,False,False,False,Clear,0
2019,2,20,0,Wednesday,At/near private drive,Right shoulder,SMV other,Dark,Municipal (excl. Twp. Rd.),No control,unknown,0,0,0,False,False,False,Freezing Rain,0
2019,2,20,0,Wednesday,Intersection related,Thru lane,Sideswipe,"Dark, artificial",Municipal (excl. Twp. Rd.),No control,unknown,0,0,0,False,False,False,Freezing Rain,0
2019,2,22,0,Friday,At/near private drive,Thru lane,SMV unattended vehicle,Daylight,Township,No control,unknown,0,0,0,False,False,False,Clear,0
2019,2,24,0,Sunday,At intersection,Within intersection,SMV other,Daylight,Municipal (excl. Twp. Rd.),unknown,Functioning,0,0,0,False,False,False,Clear,0
2019,2,26,0,Tuesday,At intersection,Within intersection,SMV other,Dawn,Regional municipality,unknown,Functioning,0,0,0,False,False,False,Clear,0
2019,2,27,0,Wednesday,Intersection related,Not on roadway - right side,SMV other,Daylight,Municipal (excl. Twp. Rd.),unknown,Functioning,0,0,0,False,False,False,Snow,0
2019,2,27,0,Wednesday,At/near private drive,Other,SMV unattended vehicle,"Daylight, artificial",Regional municipality,No control,unknown,0,0,0,False,False,False,Snow,0
2019,3,1,0,Friday,At intersection,Within intersection,Sideswipe,Daylight,Municipal (excl. Twp. Rd.),unknown,Functioning,0,0,0,False,False,False,Clear,1
2019,3,1,0,Friday,At intersection,Within intersection,Angle,Daylight,Regional municipality,unknown,Functioning,0,0,0,False,False,False,Clear,0
2019,3,3,0,Sunday,At/near private drive,Right shoulder,SMV unattended vehicle,Daylight,Municipal (excl. Twp. Rd.),No control,unknown,0,0,0,False,False,False,Clear,0
2019,3,7,0,Thursday,At/near private drive,Thru lane,Rear end,Daylight,Municipal (excl. Twp. Rd.),No control,unknown,0,0,0,False,False,False,Clear,0
2019,3,8,0,Friday,At/near private drive,Right shoulder,SMV unattended vehicle,Daylight,Municipal (excl. Twp. Rd.),No control,unknown,0,0,0,False,False,False,Clear,0
2019,3,10,0,Sunday,Non intersection,Right shoulder,SMV unattended vehicle,Dark,Municipal (excl. Twp. Rd.),No control,unknown,0,0,0,False,False,False,Clear,0
2019,3,16,0,Saturday,At intersection,Within intersection,Angle,Daylight,Regional municipality,unknown,Functioning,0,1,0,False,False,False,Clear,0
2019,3,17,0,Sunday,At/near private drive,Thru lane,Angle,Daylight,Municipal (excl. Twp. Rd.),No control,unknown,0,0,0,False,False,False,Clear,1
2019,3,20,0,Wednesday,Non intersection,Within intersection,Angle,Daylight,Municipal (excl. Twp. Rd.),No control,unknown,0,0,0,False,True,False,Clear,0
2019,3,20,0,Wednesday,Non intersection,Thru lane,Rear end,Dark,Regional municipality,No control,unknown,0,0,0,False,False,False,Rain,0
2019,4,8,0,Monday,Non intersection,Not on roadway - left side,SMV other,Daylight,Municipal (excl. Twp. Rd.),No control,unknown,0,0,0,False,False,False,Clear,1
2019,4,27,0,Saturday,At intersection,Within intersection,Turning movement,Dark,Regional municipality,unknown,Functioning,0,0,0,False,False,False,Clear,1
2019,4,28,0,Sunday,At/near private drive,Thru lane,SMV unattended vehicle,Dawn,Municipal (excl. Twp. Rd.),No control,unknown,0,0,0,False,False,False,Clear,0
2019,5,5,0,Sunday,Non intersection,Not on roadway - right side,SMV other,Daylight,Regional municipality,No control,unknown,0,0,0,False,False,False,Clear,0
2019,5,13,0,Monday,Intersection related,Within intersection,Angle,Daylight,Municipal (excl. Twp. Rd.),unknown,Functioning,0,0,0,False,False,False,Rain,1
2019,5,14,0,Tuesday,Other,Right shoulder,SMV unattended vehicle,Daylight,Regional municipality,No control,unknown,0,0,0,False,False,False,Clear,1
2019,5,21,0,Tuesday,At intersection,Not on roadway - left side,SMV other,Dark,Municipal (excl. Twp. Rd.),unknown,Functioning,0,0,0,False,False,False,Clear,0
2019,5,23,0,Thursday,Intersection related,Thru lane,Rear end,Daylight,Regional municipality,unknown,Functioning,0,0,0,False,False,False,Clear,0
2019,5,28,0,Tuesday,Non intersection,Thru lane,Rear end,Daylight,Municipal (excl. Twp. Rd.),No control,unknown,0,0,0,False,False,False,Clear,1
2019,5,29,0,Wednesday,At intersection,Within intersection,SMV other,Daylight,Municipal (excl. Twp. Rd.),unknown,Functioning,0,0,0,True,False,False,Clear,1
2019,5,29,0,Wednesday,Non intersection,Right shoulder,SMV unattended vehicle,Dark,Regional municipality,No control,unknown,0,0,0,False,False,False,Clear,0
2019,6,1,0,Saturday,Non intersection,Thru lane,SMV unattended vehicle,Daylight,Municipal (excl. Twp. Rd.),No control,unknown,0,0,0,False,False,False,Clear,0
2019,6,3,0,Monday,At/near private drive,Right shoulder,SMV unattended vehicle,Daylight,Municipal (excl. Twp. Rd.),No control,unknown,0,0,0,False,False,False,Clear,1
2019,6,3,0,Monday,Non intersection,Not on roadway - right side,SMV other,Daylight,Municipal (excl. Twp. Rd.),No control,unknown,0,0,0,False,False,False,Clear,1
2019,6,3,0,Monday,Non intersection,Thru lane,Turning movement,Daylight,Regional municipality,No control,unknown,0,0,0,False,False,False,Clear,0
2019,6,5,0,Wednesday,At intersection,Within intersection,Angle,Daylight,Municipal (excl. Twp. Rd.),unknown,Functioning,0,0,0,False,False,False,Rain,1
2019,6,5,0,Wednesday,Non intersection,Thru lane,SMV other,Daylight,Municipal (excl. Twp. Rd.),No control,unknown,0,0,0,False,False,False,Clear,0
2019,6,5,0,Wednesday,At intersection,Within intersection,Angle,Daylight,Regional municipality,unknown,Functioning,0,0,0,False,False,False,Rain,1
2019,6,6,0,Thursday,Non intersection,Thru lane,Rear end,Daylight,Municipal (excl. Twp. Rd.),No control,unknown,0,0,0,False,False,False,Clear,1
2019,6,6,0,Thursday,At/near private drive,Right shoulder,SMV unattended vehicle,"Dusk, artificial",Regional municipality,No control,unknown,0,0,0,False,False,False,Clear,0
2019,6,7,0,Friday,Intersection related,Within intersection,Angle,Dusk,Municipal (excl. Twp. Rd.),unknown,Functioning,0,0,0,False,False,False,Clear,1
2019,6,7,0,Friday,Non intersection,Thru lane,Rear end,"Dark, artificial",Municipal (excl. Twp. Rd.),No control,unknown,0,0,0,False,False,False,Clear,0
2019,6,8,0,Saturday,Non intersection,Thru lane,SMV unattended vehicle,Daylight,Municipal (excl. Twp. Rd.),No control,unknown,0,0,0,False,False,False,Clear,0
2019,6,10,0,Monday,At intersection,Within intersection,SMV other,Dark,Municipal (excl. Twp. Rd.),unknown,unknown,0,0,0,False,False,False,Clear,0
2019,6,11,0,Tuesday,Intersection related,Right shoulder,Sideswipe,Daylight,Regional municipality,unknown,unknown,0,0,0,True,True,False,Clear,1
2019,6,11,0,Tuesday,Non intersection,Thru lane,Sideswipe,Daylight,Regional municipality,No control,unknown,0,0,0,False,False,False,Clear,0
2019,6,13,0,Thursday,At/near private drive,Thru lane,Other,Daylight,Municipal (excl. Twp. Rd.),No control,unknown,0,0,0,False,False,False,Rain,1
2019,6,13,0,Thursday,At intersection,Within intersection,Angle,Daylight,Regional municipality,unknown,Functioning,0,1,0,False,True,False,Clear,1
2019,6,13,0,Thursday,At/near private drive,Thru lane,Angle,Daylight,Municipal (excl. Twp. Rd.),No control,unknown,0,0,0,False,False,False,Clear,0
2019,6,14,0,Friday,Intersection related,Thru lane,Angle,Daylight,Regional municipality,unknown,Functioning,0,0,0,False,False,False,Clear,0
2019,6,14,0,Friday,At/near private drive,Thru lane,Rear end,Daylight,Regional municipality,No control,unknown,0,0,0,False,False,False,Clear,0
2019,6,15,0,Saturday,Non intersection,Thru lane,Rear end,Dark,Regional municipality,No control,unknown,0,0,0,False,False,False,Clear,0
2019,6,16,0,Sunday,Non intersection,Thru lane,SMV other,Daylight,Municipal (excl. Twp. Rd.),No control,unknown,0,0,0,False,False,False,Clear,1
2019,6,18,0,Tuesday,Intersection related,Thru lane,Rear end,Daylight,Regional municipality,unknown,unknown,0,0,0,False,False,False,Clear,1
2019,6,18,0,Tuesday,At/near private drive,Off highway,SMV other,Daylight,Private property,No control,unknown,0,0,0,True,False,False,Clear,1
2019,6,20,0,Thursday,Non intersection,Right shoulder,SMV unattended vehicle,Dark,Regional municipality,No control,unknown,0,0,0,False,False,False,Rain,0
2019,6,20,0,Thursday,Intersection related,Thru lane,Sideswipe,Daylight,Regional municipality,unknown,Functioning,0,0,0,False,False,False,Clear,0
2019,6,21,0,Friday,At intersection,Within intersection,Angle,Daylight,Regional municipality,unknown,Functioning,0,0,0,False,False,False,Clear,0
2019,6,21,0,Friday,At intersection,Not on roadway - right side,SMV other,Daylight,Regional municipality,unknown,unknown,0,0,0,False,False,False,Clear,0
2019,6,14,0,Friday,At intersection,Within intersection,Angle,Daylight,Municipal (excl. Twp. Rd.),unknown,Functioning,0,0,0,False,False,False,Clear,0
2019,6,22,0,Saturday,At intersection,Not on roadway - left side,SMV other,Dawn,Municipal (excl. Twp. Rd.),unknown,Functioning,0,1,0,False,False,False,Clear,1
2019,6,23,0,Sunday,Intersection related,Within intersection,Rear end,Daylight,Municipal (excl. Twp. Rd.),unknown,unknown,0,0,0,False,False,False,Clear,1
2019,6,24,0,Monday,Non intersection,Thru lane,Sideswipe,Daylight,Municipal (excl. Twp. Rd.),No control,unknown,0,0,0,False,False,False,Clear,1
2019,6,24,0,Monday,Intersection related,Within intersection,Turning movement,"Dark, artificial",Municipal (excl. Twp. Rd.),unknown,Functioning,0,0,0,False,False,False,Rain,0
2019,6,26,0,Wednesday,At intersection,Within intersection,Angle,Daylight,Municipal (excl. Twp. Rd.),unknown,Functioning,0,0,0,False,False,False,Clear,1
2019,6,26,0,Wednesday,Intersection related,Not on roadway - right side,Sideswipe,Daylight,Municipal (excl. Twp. Rd.),unknown,unknown,0,0,0,False,True,False,Clear,0
2019,6,26,0,Wednesday,Intersection related,Off highway,SMV other,Daylight,Regional municipality,unknown,Functioning,0,0,0,False,False,False,Clear,0
2019,6,26,0,Wednesday,At/near private drive,Thru lane,Turning movement,Daylight,Municipal (excl. Twp. Rd.),No control,unknown,0,0,0,False,False,False,Clear,1
2019,6,29,0,Saturday,Non intersection,Thru lane,SMV unattended vehicle,Daylight,Municipal (excl. Twp. Rd.),No control,unknown,0,0,0,False,False,False,Clear,1
2019,6,30,0,Sunday,Other,Off highway,SMV unattended vehicle,Daylight,Private property,No control,unknown,0,0,0,False,False,False,Clear,0
2019,7,3,0,Wednesday,Non intersection,Thru lane,Other,Daylight,Municipal (excl. Twp. Rd.),No control,unknown,0,0,0,False,False,False,Clear,0
2019,7,5,0,Friday,At/near private drive,Thru lane,SMV unattended vehicle,Daylight,Municipal (excl. Twp. Rd.),No control,unknown,0,0,0,False,False,False,Clear,0
2019,7,6,0,Saturday,Intersection related,Not on roadway - right side,SMV other,Daylight,Municipal (excl. Twp. Rd.),unknown,unknown,0,0,0,False,False,False,Clear,0
2019,7,6,0,Saturday,Intersection related,Within intersection,Angle,Daylight,Municipal (excl. Twp. Rd.),unknown,Functioning,0,0,0,False,False,False,Clear,0
2019,7,6,0,Saturday,At intersection,Thru lane,Rear end,"Daylight, artificial",Municipal (excl. Twp. Rd.),unknown,Functioning,0,0,0,False,False,False,Clear,0
2019,7,7,0,Sunday,Non intersection,Thru lane,SMV unattended vehicle,Daylight,Municipal (excl. Twp. Rd.),No control,unknown,0,0,0,False,False,False,Clear,1
2019,7,10,0,Wednesday,Other,Off highway,Angle,Daylight,Private property,No control,unknown,0,0,0,False,True,False,Clear,1
2019,7,11,0,Thursday,At intersection,Within intersection,Angle,Daylight,Municipal (excl. Twp. Rd.),unknown,Functioning,0,0,0,False,False,False,Clear,1
2019,7,12,0,Friday,Intersection related,Within intersection,Angle,Daylight,Regional municipality,unknown,Functioning,0,0,0,False,False,False,Clear,0
2019,7,12,0,Friday,Non intersection,Thru lane,Sideswipe,Daylight,Municipal (excl. Twp. Rd.),No control,unknown,0,0,0,False,False,False,Clear,1
2019,7,12,0,Friday,Intersection related,Not on roadway - left side,SMV other,Dusk,Municipal (excl. Twp. Rd.),unknown,Functioning,0,0,0,False,False,False,Clear,0
2019,7,15,0,Monday,At/near private drive,Right shoulder,SMV unattended vehicle,Dark,Municipal (excl. Twp. Rd.),No control,unknown,0,0,0,False,False,False,Clear,0
2019,7,18,0,Thursday,Intersection related,Thru lane,SMV unattended vehicle,"Daylight, artificial",Regional municipality,unknown,Functioning,0,0,0,False,False,False,Clear,0
2019,7,19,0,Friday,At intersection,Within intersection,Angle,Daylight,Municipal (excl. Twp. Rd.),unknown,Functioning,0,0,0,False,True,False,Clear,1
2019,7,20,0,Saturday,At intersection,Not on roadway - right side,SMV other,"Dark, artificial",Municipal (excl. Twp. Rd.),unknown,Functioning,0,0,0,False,False,False,Clear,1
2019,7,20,0,Saturday,Non intersection,Not on roadway - right side,SMV other,Daylight,Regional municipality,No control,unknown,0,0,0,False,False,False,Clear,1
2019,7,20,0,Saturday,At intersection,Thru lane,Rear end,Daylight,Regional municipality,unknown,unknown,0,0,0,False,False,False,Clear,1
2019,7,21,0,Sunday,At intersection,Off highway,SMV other,"Dark, artificial",Municipal (excl. Twp. Rd.),unknown,Functioning,0,0,0,False,False,False,Clear,1
2019,7,21,0,Sunday,At/near private drive,Thru lane,Rear end,Daylight,Regional municipality,No control,unknown,0,0,0,False,False,False,Clear,0
2019,7,22,0,Monday,Non intersection,Thru lane,Sideswipe,Daylight,Regional municipality,No control,unknown,0,0,0,False,False,False,Clear,0
2019,7,24,0,Wednesday,Non intersection,Thru lane,Turning movement,Daylight,Municipal (excl. Twp. Rd.),No control,unknown,0,0,0,False,False,False,Clear,1
2019,7,24,0,Wednesday,At/near private drive,Thru lane,SMV unattended vehicle,Daylight,Municipal (excl. Twp. Rd.),No control,unknown,0,0,0,True,False,False,Clear,1
2019,7,25,0,Thursday,At/near private drive,Off highway,SMV other,Daylight,Private property,No control,unknown,0,0,0,False,False,False,Clear,0
2019,7,27,0,Saturday,Non intersection,Thru lane,SMV unattended vehicle,Daylight,Municipal (excl. Twp. Rd.),No control,unknown,0,0,0,False,False,False,Clear,0
2019,7,27,0,Saturday,Non intersection,Right shoulder,SMV unattended vehicle,Dark,Municipal (excl. Twp. Rd.),No control,unknown,0,0,0,False,False,False,Clear,0
2019,7,28,0,Sunday,Intersection related,Thru lane,SMV unattended vehicle,Dawn,Municipal (excl. Twp. Rd.),unknown,Functioning,0,0,0,False,False,False,Clear,0
2019,7,29,0,Monday,Non intersection,Right shoulder,SMV unattended vehicle,Daylight,Municipal (excl. Twp. Rd.),No control,unknown,0,0,0,False,False,False,Clear,0
2019,7,29,0,Monday,Intersection related,Within intersection,Rear end,"Dark, artificial",Regional municipality,unknown,Functioning,0,0,0,False,False,False,Rain,0
2019,8,1,0,Thursday,At intersection,Within intersection,Angle,Daylight,Municipal (excl. Twp. Rd.),unknown,Functioning,0,0,1,False,False,False,Clear,1
2019,8,1,0,Thursday,At intersection,Within intersection,Angle,Daylight,Township,unknown,Functioning,0,1,0,False,True,False,Clear,1
2019,8,3,0,Saturday,At intersection,Within intersection,Turning movement,Daylight,Regional municipality,unknown,Functioning,0,0,0,False,False,False,Clear,1
2019,8,9,0,Friday,Intersection related,Thru lane,Rear end,Daylight,Municipal (excl. Twp. Rd.),unknown,unknown,0,0,0,False,False,False,Clear,1
2019,8,11,0,Sunday,Non intersection,Thru lane,SMV unattended vehicle,Dark,Regional municipality,No control,unknown,0,0,0,False,False,False,Clear,0
2019,8,11,0,Sunday,At intersection,Within intersection,Angle,Daylight,Regional municipality,unknown,Functioning,0,0,0,False,False,False,Clear,0
2019,8,12,0,Monday,At intersection,Within intersection,Rear end,Daylight,Regional municipality,unknown,Functioning,0,0,0,False,False,False,Clear,0
2019,8,12,0,Monday,Non intersection,Thru lane,Rear end,Daylight,Municipal (excl. Twp. Rd.),No control,unknown,0,0,0,False,False,False,Clear,0
2019,8,14,0,Wednesday,At intersection,Within intersection,Angle,Daylight,Regional municipality,unknown,Functioning,0,0,0,False,False,False,Clear,0
2019,8,15,0,Thursday,Intersection related,Not on roadway - right side,SMV other,Daylight,Municipal (excl. Twp. Rd.),unknown,Functioning,0,0,0,False,False,False,Clear,1
2019,8,15,0,Thursday,Non intersection,Not on roadway - right side,SMV other,Daylight,Regional municipality,No control,unknown,0,0,0,False,False,False,Clear,0
2019,8,16,0,Friday,Intersection related,Off highway,SMV other,Daylight,Township,unknown,unknown,0,0,0,False,False,False,Clear,1
2019,8,18,0,Sunday,Intersection related,Right shoulder,SMV other,Daylight,Regional municipality,unknown,Functioning,0,0,0,False,False,True,Clear,1
2019,8,18,0,Sunday,At intersection,Within intersection,Angle,Daylight,Regional municipality,unknown,Functioning,0,0,0,False,False,False,Clear,1
2019,8,19,0,Monday,At/near private drive,Not on roadway - left side,SMV other,Daylight,Municipal (excl. Twp. Rd.),No control,unknown,0,0,0,False,False,False,Clear,0
2019,8,22,0,Thursday,Non intersection,Thru lane,SMV unattended vehicle,Daylight,Municipal (excl. Twp. Rd.),No control,unknown,0,0,0,False,False,False,Clear,0
2019,8,28,0,Wednesday,At/near private drive,Right shoulder,SMV other,"Dark, artificial",Township,No control,unknown,0,0,0,False,False,False,Clear,0
2019,8,31,0,Saturday,Intersection related,Thru lane,Rear end,Daylight,Regional municipality,unknown,unknown,0,0,0,False,False,False,Clear,1
2019,1,1,14,Tuesday,Intersection related,Not on roadway - right side,SMV other,Daylight,Municipal (excl. Twp. Rd.),Stop sign,Functioning,0,0,0,False,False,False,Clear,0
2019,1,1,15,Tuesday,Non intersection,Not on roadway - left side,SMV other,Daylight,Municipal (excl. Twp. Rd.),No control,unknown,0,0,0,False,False,False,Clear,0
2019,1,2,9,Wednesday,Non intersection,Thru lane,SMV unattended vehicle,Daylight,Municipal (excl. Twp. Rd.),No control,unknown,1,0,0,False,False,False,Clear,0
2019,1,2,6,Wednesday,At intersection,Within intersection,Angle,Dark,Municipal (excl. Twp. Rd.),Stop sign,Functioning,0,0,0,False,False,False,Clear,0
2019,1,2,14,Wednesday,At/near private drive,Thru lane,Other,Daylight,Regional municipality,No control,unknown,1,0,0,False,False,False,Clear,0
2019,1,2,18,Wednesday,Non intersection,Thru lane,SMV unattended vehicle,"Dark, artificial",Municipal (excl. Twp. Rd.),No control,unknown,1,0,0,False,False,False,Snow,0