ACCIDENT_YEAR,ACCIDENT_MONTH,ACCIDENT_DAY,ACCIDENT_HOUR,ACCIDENT_WEEKDAY,ACCIDENTLOCATION,IMPACTLOCATION,INITIALIMPACTTYPE,LIGHT,ROADJURISDICTION,TRAFFICCONTROL,TRAFFICCONTROLCONDITION,THRULANENO,NORTHBOUNDDISOBEYCOUNT,SOUTHBOUNDDISOBEYCOUNT,PEDESTRIANINVOLVED,CYCLISTINVOLVED,MOTORCYCLISTINVOLVED,ENVIRONMENTCONDITION1,injury
2019,4,6,8,Saturday,At intersection,Within intersection,Angle,Daylight,Municipal (excl. Twp. Rd.),Stop sign,Functioning,0,0,0,False,False,False,Clear,0
2019,4,6,10,Saturday,At/near private drive,Thru lane,Sideswipe,Daylight,Municipal (excl. Twp. Rd.),No control,unknown,0,0,0,False,False,False,Clear,0
2019,4,8,8,Monday,At intersection,Within intersection,Turning movement,Daylight,Municipal (excl. Twp. Rd.),Traffic signal,Functioning,0,0,0,False,False,False,Clear,0
2019,4,1,12,Monday,At intersection,Within intersection,Angle,Daylight,Municipal (excl. Twp. Rd.),Stop sign,Functioning,0,0,0,False,False,False,Clear,0
2019,4,1,15,Monday,Intersection related,Within intersection,Sideswipe,Daylight,Municipal (excl. Twp. Rd.),Traffic signal,Functioning,0,0,0,False,False,False,Clear,0
2019,4,2,19,Tuesday,Non intersection,Thru lane,SMV unattended vehicle,Daylight,Municipal (excl. Twp. Rd.),No control,unknown,0,0,0,False,False,False,Clear,0
2019,4,8,16,Monday,At intersection,Within intersection,Angle,Daylight,Regional municipality,unknown,Functioning,0,1,0,False,False,False,Clear,0
2019,2,25,7,Monday,Intersection related,Thru lane,Sideswipe,Daylight,Municipal (excl. Twp. Rd.),Stop sign,unknown,0,0,0,False,False,False,Snow,0
2019,4,16,8,Tuesday,At/near private drive,Thru lane,SMV unattended vehicle,Daylight,Municipal (excl. Twp. Rd.),No control,unknown,1,0,0,False,False,False,Clear,0
2019,2,20,8,Wednesday,At intersection,Thru lane,Rear end,Daylight,Municipal (excl. Twp. Rd.),Traffic signal,Functioning,0,0,0,False,False,False,Clear,0
2019,4,8,18,Monday,Non intersection,Not on roadway - left side,SMV other,Daylight,Regional municipality,No control,unknown,0,0,0,False,False,False,Clear,0
2019,4,8,17,Monday,Other,Other,SMV unattended vehicle,Daylight,Municipal (excl. Twp. Rd.),No control,unknown,0,0,0,False,False,False,Clear,0
2019,4,9,7,Tuesday,Intersection related,Left turn lane,Angle,Daylight,Private property,Traffic signal,Functioning,0,0,0,False,False,False,Clear,0
2019,4,8,7,Monday,At intersection,Within intersection,Turning movement,Daylight,Regional municipality,Stop sign,Functioning,0,0,0,False,False,False,Clear,0
2019,4,6,18,Saturday,At/near private drive,Thru lane,SMV unattended vehicle,Daylight,Municipal (excl. Twp. Rd.),No control,unknown,0,0,0,False,False,False,Clear,0
2019,2,18,9,Monday,Non intersection,Thru lane,Sideswipe,Daylight,Municipal (excl. Twp. Rd.),No control,unknown,0,0,0,False,False,False,Clear,0
2019,4,9,14,Tuesday,Non intersection,Thru lane,Rear end,Daylight,Regional municipality,No control,unknown,0,0,0,False,False,False,Clear,0
2019,2,16,9,Saturday,At/near private drive,Thru lane,SMV unattended vehicle,Daylight,Municipal (excl. Twp. Rd.),No control,unknown,0,0,0,False,False,False,Clear,0
2019,4,10,17,Wednesday,At/near private drive,Thru lane,Other,Daylight,Regional municipality,No control,unknown,0,0,0,False,False,False,Clear,0
2019,4,10,22,Wednesday,Non intersection,Off highway,SMV unattended vehicle,Dark,Municipal (excl. Twp. Rd.),No control,unknown,0,0,0,False,False,False,Clear,0
2019,4,11,13,Thursday,At intersection,Within intersection,Approaching,Daylight,Municipal (excl. Twp. Rd.),Stop sign,unknown,0,0,0,False,False,False,Clear,0
2019,4,9,14,Tuesday,Non intersection,Thru lane,Sideswipe,Daylight,Municipal (excl. Twp. Rd.),No control,unknown,0,0,0,False,False,False,Clear,0
2019,1,31,17,Thursday,At intersection,Within intersection,Angle,Dark,Municipal (excl. Twp. Rd.),Stop sign,Functioning,0,0,0,False,False,False,Clear,0
2019,4,10,14,Wednesday,Intersection related,Within intersection,Sideswipe,Daylight,Municipal (excl. Twp. Rd.),Stop sign,unknown,0,0,0,False,False,False,Clear,0
2019,4,12,13,Friday,At/near private drive,Thru lane,Other,Daylight,Municipal (excl. Twp. Rd.),No control,unknown,0,0,0,False,False,False,Clear,0
2019,4,12,17,Friday,At/near private drive,Thru lane,Rear end,Daylight,Municipal (excl. Twp. Rd.),No control,unknown,0,0,0,False,False,False,Clear,0
2019,4,12,17,Friday,Non intersection,Thru lane,SMV unattended vehicle,Daylight,Municipal (excl. Twp. Rd.),No control,unknown,0,0,0,False,False,False,Clear,0
2019,4,13,14,Saturday,Non intersection,Thru lane,SMV other,Daylight,Municipal (excl. Twp. Rd.),No control,unknown,0,0,0,False,False,False,Clear,0
2019,4,13,19,Saturday,Non intersection,Thru lane,Rear end,Dusk,Municipal (excl. Twp. Rd.),No control,unknown,0,0,0,False,False,False,Clear,0
2019,4,13,15,Saturday,At/near private drive,Thru lane,SMV unattended vehicle,Daylight,Municipal (excl. Twp. Rd.),No control,unknown,0,0,0,False,False,False,Clear,0
2019,4,14,14,Sunday,Intersection related,Within intersection,Angle,Daylight,Municipal (excl. Twp. Rd.),unknown,Functioning,0,0,0,False,False,False,Rain,0
2019,4,13,14,Saturday,At/near private drive,Thru lane,SMV unattended vehicle,Daylight,Municipal (excl. Twp. Rd.),No control,unknown,0,0,0,False,False,False,Clear,0
2019,4,14,10,Sunday,At/near private drive,Thru lane,Angle,Daylight,Regional municipality,No control,unknown,0,0,0,False,False,False,Rain,0
2019,4,15,11,Monday,At/near private drive,Left turn lane,Angle,Daylight,Regional municipality,No control,unknown,0,0,0,False,False,False,Clear,0
2019,4,15,12,Monday,At/near private drive,Thru lane,Other,Daylight,Municipal (excl. Twp. Rd.),No control,unknown,0,0,0,False,False,False,Clear,0
2019,4,15,18,Monday,At/near private drive,Thru lane,Turning movement,Daylight,Municipal (excl. Twp. Rd.),No control,unknown,0,0,0,False,False,False,Clear,0
2019,4,15,8,Monday,At/near private drive,Thru lane,SMV unattended vehicle,Daylight,Municipal (excl. Twp. Rd.),No control,unknown,0,0,0,False,False,False,Clear,0
2019,4,16,11,Tuesday,Non intersection,Thru lane,Other,Daylight,Municipal (excl. Twp. Rd.),No control,unknown,0,0,0,False,False,False,Clear,0
2019,4,16,10,Tuesday,At/near private drive,Thru lane,SMV unattended vehicle,Daylight,Municipal (excl. Twp. Rd.),No control,unknown,0,0,0,False,False,False,Clear,0
2019,4,16,17,Tuesday,At/near private drive,Thru lane,Sideswipe,Daylight,Municipal (excl. Twp. Rd.),No control,unknown,0,0,0,False,False,False,Clear,0
2019,4,16,15,Tuesday,At intersection,Within intersection,Turning movement,Daylight,Municipal (excl. Twp. Rd.),Traffic signal,Functioning,0,0,0,False,False,False,Rain,0
2019,4,16,20,Tuesday,At intersection,Within intersection,Angle,"Dark, artificial",Municipal (excl. Twp. Rd.),Stop sign,Functioning,0,0,0,False,False,False,Rain,0
2019,4,16,20,Tuesday,At intersection,Within intersection,Rear end,Dark,Municipal (excl. Twp. Rd.),Stop sign,Functioning,0,0,0,False,False,False,Rain,0
2019,4,16,14,Tuesday,At intersection,Thru lane,Rear end,Daylight,Municipal (excl. Twp. Rd.),Traffic signal,Functioning,0,0,0,False,False,False,Rain,0
2019,4,16,16,Tuesday,At/near private drive,Thru lane,SMV unattended vehicle,Daylight,Municipal (excl. Twp. Rd.),No control,unknown,0,0,0,False,False,False,Rain,0
2019,4,16,20,Tuesday,Non intersection,Thru lane,SMV other,"Dark, artificial",Municipal (excl. Twp. Rd.),No control,unknown,1,0,0,False,False,False,Clear,0
2019,4,17,7,Wednesday,At/near private drive,Thru lane,Other,Daylight,Municipal (excl. Twp. Rd.),No control,unknown,0,0,0,False,False,False,Clear,0
2019,4,17,12,Wednesday,Non intersection,Thru lane,SMV unattended vehicle,Daylight,Municipal (excl. Twp. Rd.),No control,unknown,0,0,0,False,False,False,Clear,0
2019,4,17,8,Wednesday,Intersection related,Thru lane,Rear end,Daylight,Municipal (excl. Twp. Rd.),Traffic signal,Functioning,0,0,0,False,False,False,Clear,0
2019,2,5,15,Tuesday,Non intersection,Right shoulder,SMV unattended vehicle,Daylight,Municipal (excl. Twp. Rd.),No control,unknown,0,0,0,False,False,False,Clear,0
2019,2,19,8,Tuesday,Non intersection,Thru lane,SMV unattended vehicle,Daylight,Municipal (excl. Twp. Rd.),No control,unknown,0,0,0,False,False,False,Clear,0
2019,2,19,9,Tuesday,Intersection related,Thru lane,Other,Daylight,Municipal (excl. Twp. Rd.),Stop sign,unknown,0,0,0,False,False,False,Clear,0
2019,2,19,8,Tuesday,At/near private drive,Thru lane,Other,Daylight,Municipal (excl. Twp. Rd.),No control,unknown,0,0,0,False,False,False,Clear,0
2019,4,18,20,Thursday,Overpass or bridge,Right shoulder,SMV other,Dark,Regional municipality,No control,unknown,0,0,0,False,False,False,Rain,0
2019,4,17,16,Wednesday,At/near private drive,Thru lane,Other,Daylight,Municipal (excl. Twp. Rd.),No control,unknown,0,0,0,False,False,False,Clear,0
2019,4,18,16,Thursday,At/near private drive,Thru lane,SMV other,Daylight,Regional municipality,No control,unknown,0,0,0,False,False,False,Clear,0
2019,4,17,9,Wednesday,Non intersection,Thru lane,Rear end,Daylight,Regional municipality,No control,unknown,0,0,0,False,False,False,Clear,0
2019,4,20,15,Saturday,At intersection,Within intersection,Angle,Daylight,Municipal (excl. Twp. Rd.),unknown,Functioning,0,0,1,False,False,False,Rain,0
2019,4,20,20,Saturday,At intersection,Within intersection,SMV other,Dark,Municipal (excl. Twp. Rd.),Stop sign,Functioning,0,0,0,True,False,False,Clear,1
2019,4,21,0,Sunday,At intersection,Within intersection,SMV other,Dark,Municipal (excl. Twp. Rd.),Stop sign,unknown,0,0,0,True,False,False,Rain,1
2019,4,21,8,Sunday,At intersection,Within intersection,Angle,Daylight,Municipal (excl. Twp. Rd.),Traffic signal,Functioning,0,0,0,False,False,False,Clear,0
2019,4,19,17,Friday,At/near private drive,Thru lane,SMV unattended vehicle,Daylight,Private property,No control,unknown,0,0,0,False,False,False,Rain,0
2019,4,19,16,Friday,Intersection related,Within intersection,Sideswipe,Daylight,Regional municipality,Stop sign,unknown,0,0,0,False,False,False,Clear,0
2019,4,20,17,Saturday,Intersection related,Thru lane,Sideswipe,Daylight,Municipal (excl. Twp. Rd.),Traffic signal,Functioning,0,0,0,False,False,False,Rain,0
2019,4,21,15,Sunday,Non intersection,Thru lane,SMV unattended vehicle,Daylight,Municipal (excl. Twp. Rd.),No control,unknown,0,0,0,False,False,False,Clear,0
2019,4,18,22,Thursday,At/near private drive,Thru lane,SMV unattended vehicle,Dark,Regional municipality,No control,unknown,0,0,0,False,False,False,Clear,0
2019,4,22,15,Monday,At intersection,Thru lane,Rear end,Daylight,Municipal (excl. Twp. Rd.),unknown,Functioning,0,0,0,False,False,False,Clear,0
2019,4,23,9,Tuesday,Intersection related,Thru lane,Turning movement,Daylight,Regional municipality,Traffic signal,Functioning,0,0,0,False,False,False,Clear,0
2019,4,3,14,Wednesday,At/near private drive,Thru lane,SMV unattended vehicle,Daylight,Municipal (excl. Twp. Rd.),No control,unknown,0,0,0,False,False,False,Clear,0
2019,4,23,11,Tuesday,At intersection,Within intersection,SMV other,Daylight,Regional municipality,Traffic signal,Functioning,0,0,0,True,False,False,Rain,1
2019,4,23,13,Tuesday,Non intersection,Thru lane,Other,Daylight,Municipal (excl. Twp. Rd.),No control,unknown,0,0,0,False,False,False,Clear,0
2019,4,23,15,Tuesday,Intersection related,Thru lane,Rear end,Daylight,Municipal (excl. Twp. Rd.),Traffic signal,Functioning,0,0,0,False,False,False,Clear,0
2019,4,24,7,Wednesday,At intersection,Thru lane,Sideswipe,Daylight,Municipal (excl. Twp. Rd.),Stop sign,unknown,0,0,0,False,False,False,Clear,0
2019,4,24,15,Wednesday,Non intersection,Thru lane,Turning movement,Daylight,Municipal (excl. Twp. Rd.),No control,unknown,0,0,0,False,False,False,Clear,0
2019,4,21,15,Sunday,At/near private drive,Thru lane,SMV unattended vehicle,Daylight,Municipal (excl. Twp. Rd.),No control,unknown,0,0,0,False,False,False,Clear,0
2019,4,24,16,Wednesday,At intersection,Within intersection,Angle,Daylight,Municipal (excl. Twp. Rd.),unknown,Functioning,0,0,0,False,False,False,Clear,0
2019,3,17,17,Sunday,At/near private drive,Thru lane,SMV unattended vehicle,Daylight,Municipal (excl. Twp. Rd.),No control,unknown,0,0,0,False,False,False,Clear,0
2019,3,1,16,Friday,At/near private drive,Thru lane,SMV unattended vehicle,Daylight,Municipal (excl. Twp. Rd.),No control,unknown,0,0,0,False,False,False,Clear,0
2019,3,1,15,Friday,At intersection,Thru lane,Rear end,Daylight,Municipal (excl. Twp. Rd.),Traffic signal,Functioning,0,0,0,False,False,False,Clear,0
2019,2,27,13,Wednesday,At intersection,Within intersection,Angle,Daylight,Municipal (excl. Twp. Rd.),Traffic signal,Functioning,0,0,0,False,False,False,Snow,0
2019,2,27,19,Wednesday,At/near private drive,Thru lane,SMV unattended vehicle,Dark,Municipal (excl. Twp. Rd.),No control,unknown,0,0,0,False,False,False,Snow,0
2019,2,27,10,Wednesday,At intersection,Thru lane,Rear end,Daylight,Municipal (excl. Twp. Rd.),Traffic signal,Functioning,0,0,0,False,False,False,Clear,0
2019,2,27,9,Wednesday,Intersection related,Thru lane,Rear end,Daylight,Municipal (excl. Twp. Rd.),Stop sign,Functioning,0,0,0,False,False,False,Clear,0
2019,2,26,9,Tuesday,At/near private drive,Thru lane,SMV unattended vehicle,Daylight,Municipal (excl. Twp. Rd.),No control,unknown,0,0,0,False,False,False,Clear,0
2019,2,28,14,Thursday,Non intersection,Thru lane,Turning movement,Daylight,Municipal (excl. Twp. Rd.),No control,unknown,0,0,0,False,False,False,Clear,0
2019,2,28,15,Thursday,At/near private drive,Thru lane,SMV unattended vehicle,Daylight,Municipal (excl. Twp. Rd.),No control,unknown,0,0,0,False,False,False,Clear,0
2019,3,10,12,Sunday,Non intersection,Thru lane,Rear end,Daylight,Municipal (excl. Twp. Rd.),No control,unknown,0,0,0,False,False,False,Rain,0
2019,3,3,16,Sunday,Non intersection,Not on roadway - right side,SMV unattended vehicle,Daylight,Municipal (excl. Twp. Rd.),No control,unknown,0,0,0,False,False,False,Clear,0
2019,3,4,15,Monday,Non intersection,Thru lane,Turning movement,Daylight,Municipal (excl. Twp. Rd.),No control,unknown,0,0,0,False,False,False,Clear,0
2019,4,25,17,Thursday,At intersection,Within intersection,Angle,Daylight,Municipal (excl. Twp. Rd.),unknown,Functioning,0,0,0,False,False,False,Rain,0
2019,4,25,22,Thursday,At intersection,Within intersection,Angle,Dark,Municipal (excl. Twp. Rd.),Stop sign,Functioning,0,0,0,False,False,False,Rain,0
2019,4,25,23,Thursday,At intersection,Within intersection,SMV other,"Dark, artificial",Municipal (excl. Twp. Rd.),unknown,Functioning,0,0,0,True,False,False,Rain,1
2019,4,26,9,Friday,Non intersection,Right shoulder,SMV unattended vehicle,Daylight,Municipal (excl. Twp. Rd.),No control,unknown,0,0,0,False,False,False,Clear,0
2019,4,26,15,Friday,At intersection,Within intersection,Angle,Daylight,Municipal (excl. Twp. Rd.),unknown,Functioning,0,0,0,False,False,False,Clear,0
2019,4,26,15,Friday,Intersection related,Thru lane,Sideswipe,Daylight,Municipal (excl. Twp. Rd.),Traffic signal,Functioning,0,0,0,False,False,False,Clear,0
2019,4,27,13,Saturday,At/near private drive,Thru lane,Rear end,Daylight,Regional municipality,No control,unknown,0,0,0,False,False,False,Clear,0
2019,4,27,19,Saturday,At/near private drive,Thru lane,Other,Dusk,Municipal (excl. Twp. Rd.),No control,unknown,0,0,0,False,False,False,Clear,0
2019,4,27,21,Saturday,At intersection,Within intersection,Turning movement,Dark,Municipal (excl. Twp. Rd.),Traffic signal,Functioning,0,0,0,False,False,False,Clear,0
2019,4,28,5,Sunday,At/near private drive,Thru lane,SMV unattended vehicle,Dawn,Municipal (excl. Twp. Rd.),No control,unknown,1,0,0,False,False,False,Clear,0
2019,4,28,11,Sunday,Intersection related,Within intersection,SMV other,Daylight,Municipal (excl. Twp. Rd.),Stop sign,Functioning,0,0,0,False,False,False,Clear,0
2019,4,20,17,Saturday,Non intersection,Right shoulder,SMV unattended vehicle,Daylight,Regional municipality,No control,unknown,0,0,0,False,False,False,Clear,0
2019,4,28,16,Sunday,Non intersection,Thru lane,Angle,Daylight,Regional municipality,No control,unknown,0,0,0,False,False,False,Clear,0
2019,4,27,8,Saturday,Non intersection,Thru lane,SMV unattended vehicle,Daylight,Municipal (excl. Twp. Rd.),No control,unknown,0,0,0,False,False,False,Clear,0
2019,4,29,15,Monday,At/near private drive,Thru lane,Sideswipe,Daylight,Municipal (excl. Twp. Rd.),No control,unknown,1,0,0,False,False,False,Rain,0
2019,4,29,16,Monday,Intersection related,Thru lane,SMV other,Daylight,Municipal (excl. Twp. Rd.),Stop sign,Functioning,0,0,0,False,False,False,Rain,0
2019,4,29,17,Monday,At intersection,Within intersection,Angle,Daylight,Municipal (excl. Twp. Rd.),Stop sign,Functioning,0,0,0,False,False,False,Clear,0
2019,4,29,21,Monday,At intersection,Within intersection,Angle,Dark,Municipal (excl. Twp. Rd.),Stop sign,Functioning,0,0,0,False,False,False,Rain,0
2019,4,29,11,Monday,Intersection related,Thru lane,Angle,Daylight,Municipal (excl. Twp. Rd.),Stop sign,Functioning,0,0,0,False,False,False,Clear,0
2019,4,27,0,Saturday,At/near private drive,Right shoulder,SMV unattended vehicle,Dark,Municipal (excl. Twp. Rd.),No control,unknown,0,0,0,False,False,False,Clear,0
2019,4,12,15,Friday,At intersection,Thru lane,Rear end,Daylight,Municipal (excl. Twp. Rd.),Traffic signal,Functioning,0,0,0,False,False,False,Clear,0
2019,4,30,12,Tuesday,At/near private drive,Thru lane,Sideswipe,Daylight,Regional municipality,No control,unknown,0,0,0,False,False,False,Clear,0
2019,4,30,14,Tuesday,Non intersection,Thru lane,Rear end,Daylight,Municipal (excl. Twp. Rd.),No control,unknown,0,0,0,False,False,False,Clear,0
2019,4,30,12,Tuesday,At/near private drive,Thru lane,SMV unattended vehicle,Daylight,Municipal (excl. Twp. Rd.),No control,unknown,0,0,0,False,False,False,Clear,0
2019,4,30,20,Tuesday,At intersection,Thru lane,SMV other,Dark,Municipal (excl. Twp. Rd.),unknown,unknown,1,0,0,False,False,False,Clear,0
2019,5,1,8,Wednesday,At intersection,Within intersection,Angle,Daylight,Municipal (excl. Twp. Rd.),Stop sign,Functioning,0,0,0,False,False,False,Rain,0
2019,5,1,11,Wednesday,At/near private drive,Thru lane,Angle,Daylight,Municipal (excl. Twp. Rd.),No control,unknown,0,0,0,False,False,False,Clear,0
2019,5,1,16,Wednesday,Intersection related,Thru lane,Sideswipe,Daylight,Municipal (excl. Twp. Rd.),Stop sign,Functioning,0,0,0,False,False,False,Rain,0
2019,5,1,15,Wednesday,Non intersection,Left turn lane,Sideswipe,Daylight,Regional municipality,No control,unknown,0,0,0,False,False,False,Rain,0
2019,5,1,1,Wednesday,At/near private drive,Thru lane,SMV unattended vehicle,Dark,Municipal (excl. Twp. Rd.),No control,unknown,0,0,0,False,False,False,Clear,0
2019,5,2,9,Thursday,At intersection,Within intersection,Sideswipe,Daylight,Municipal (excl. Twp. Rd.),Stop sign,Functioning,0,1,0,False,False,False,Clear,0
2019,5,2,12,Thursday,At intersection,Within intersection,Rear end,Daylight,Municipal (excl. Twp. Rd.),Traffic signal,Functioning,0,0,0,False,False,False,Clear,0
2019,5,2,18,Thursday,At/near private drive,Thru lane,Angle,Daylight,Municipal (excl. Twp. Rd.),No control,unknown,0,0,0,False,False,False,Clear,0
2019,5,3,8,Friday,Non intersection,Thru lane,Rear end,Daylight,Municipal (excl. Twp. Rd.),No control,unknown,0,0,0,False,False,False,Rain,0
2019,5,4,1,Saturday,At intersection,Within intersection,Turning movement,"Dark, artificial",Municipal (excl. Twp. Rd.),Traffic signal,Functioning,0,0,0,False,False,False,Clear,0
2019,5,3,12,Friday,At intersection,Thru lane,Angle,Daylight,Municipal (excl. Twp. Rd.),Stop sign,Functioning,0,0,0,False,False,False,Clear,0
2019,5,4,13,Saturday,At intersection,Thru lane,Angle,Daylight,Regional municipality,Stop sign,Functioning,0,0,0,False,False,False,Clear,0
2019,5,5,7,Sunday,Non intersection,Not on roadway - right side,SMV other,Daylight,Municipal (excl. Twp. Rd.),No control,unknown,0,0,0,False,False,False,Clear,0
2019,5,5,14,Sunday,At/near private drive,Thru lane,Other,Daylight,Municipal (excl. Twp. Rd.),No control,unknown,0,0,0,False,False,False,Clear,0
2019,5,5,19,Sunday,Non intersection,Thru lane,Other,Daylight,Municipal (excl. Twp. Rd.),No control,unknown,1,0,0,False,False,False,Clear,0
2019,5,6,11,Monday,Intersection related,Right shoulder,SMV unattended vehicle,Daylight,Municipal (excl. Twp. Rd.),Stop sign,Functioning,0,0,0,False,False,False,Clear,0
2019,5,6,18,Monday,Non intersection,Thru lane,SMV unattended vehicle,Daylight,Municipal (excl. Twp. Rd.),No control,unknown,1,0,0,False,False,False,Clear,0
2019,5,6,21,Monday,Intersection related,Within intersection,Angle,Dark,Municipal (excl. Twp. Rd.),unknown,Functioning,0,0,1,False,False,False,Clear,0
2019,5,5,14,Sunday,At/near private drive,Thru lane,SMV unattended vehicle,Daylight,Municipal (excl. Twp. Rd.),No control,unknown,0,0,0,False,False,False,Clear,0
2019,5,6,14,Monday,Intersection related,Thru lane,Rear end,Daylight,Municipal (excl. Twp. Rd.),Traffic signal,Functioning,0,0,0,False,False,False,Clear,0
2019,5,6,17,Monday,At/near private drive,Thru lane,Angle,Daylight,Regional municipality,No control,unknown,0,0,0,False,False,False,Clear,0
2019,5,11,9,Saturday,Non intersection,Thru lane,SMV other,Daylight,Regional municipality,No control,unknown,1,0,0,True,False,False,Clear,1
2019,5,8,16,Wednesday,Intersection related,Thru lane,Rear end,Daylight,Municipal (excl. Twp. Rd.),unknown,Functioning,0,0,0,False,False,False,Clear,0
2019,5,9,12,Thursday,Non intersection,Left shoulder,SMV other,Daylight,Municipal (excl. Twp. Rd.),No control,unknown,0,0,0,False,False,False,Clear,0
2019,5,9,8,Thursday,Intersection related,Within intersection,Rear end,Daylight,Municipal (excl. Twp. Rd.),Stop sign,Functioning,0,0,0,False,False,False,Clear,0
2019,5,9,13,Thursday,At intersection,Within intersection,Sideswipe,Daylight,Municipal (excl. Twp. Rd.),Stop sign,Functioning,0,0,0,False,False,False,Clear,0
2019,5,9,15,Thursday,Intersection related,Thru lane,Rear end,Daylight,Regional municipality,Stop sign,Functioning,0,0,0,False,False,False,Clear,0
2019,5,8,8,Wednesday,At/near private drive,Thru lane,SMV unattended vehicle,Daylight,Municipal (excl. Twp. Rd.),No control,unknown,0,0,0,False,False,False,Clear,0
2019,5,9,16,Thursday,Non intersection,Thru lane,Rear end,Daylight,Regional municipality,No control,unknown,0,0,0,False,False,False,Rain,0
2019,5,8,13,Wednesday,At intersection,Within intersection,Angle,Daylight,Regional municipality,unknown,Functioning,0,0,0,False,False,False,Clear,0
2019,5,9,16,Thursday,Intersection related,Thru lane,Rear end,Daylight,Municipal (excl. Twp. Rd.),unknown,Functioning,0,0,0,False,False,False,Rain,0
2019,5,8,7,Wednesday,Non intersection,Right shoulder,SMV unattended vehicle,Daylight,Municipal (excl. Twp. Rd.),No control,unknown,0,0,0,False,False,False,Clear,0
2019,5,10,9,Friday,Intersection related,Within intersection,Rear end,Daylight,Municipal (excl. Twp. Rd.),unknown,Functioning,0,0,0,False,False,False,Clear,0
2019,5,11,8,Saturday,Non intersection,Off highway,SMV other,Daylight,Municipal (excl. Twp. Rd.),No control,unknown,0,0,0,False,False,False,Clear,0
2019,5,11,10,Saturday,At intersection,Thru lane,Rear end,Daylight,unknown,Stop sign,unknown,0,0,0,False,False,False,Clear,0
2019,5,11,15,Saturday,Non intersection,Thru lane,Sideswipe,Daylight,Regional municipality,No control,unknown,0,0,0,False,False,False,Clear,0
2019,5,11,12,Saturday,Non intersection,Thru lane,Sideswipe,Daylight,Regional municipality,No control,unknown,0,0,0,False,False,False,Clear,0
2019,5,12,2,Sunday,At intersection,Within intersection,Angle,Dark,Municipal (excl. Twp. Rd.),unknown,Functioning,0,0,0,False,False,False,Clear,0
2019,5,12,20,Sunday,Non intersection,Thru lane,Rear end,Dusk,Municipal (excl. Twp. Rd.),No control,unknown,0,0,0,False,False,False,Clear,0
2019,5,12,21,Sunday,Non intersection,Thru lane,SMV other,Dark,Municipal (excl. Twp. Rd.),No control,unknown,0,0,0,False,False,False,Clear,0
2019,5,12,20,Sunday,At/near private drive,Thru lane,SMV unattended vehicle,Dusk,Municipal (excl. Twp. Rd.),No control,unknown,0,0,0,False,False,False,Rain,0
2019,5,13,17,Monday,At intersection,Within intersection,Angle,Daylight,Regional municipality,Stop sign,Functioning,0,0,0,False,False,False,Rain,0
2019,5,13,18,Monday,Intersection related,Within intersection,Angle,Daylight,Municipal (excl. Twp. Rd.),unknown,Functioning,0,0,0,False,False,False,Rain,0
2019,5,13,13,Monday,Non intersection,Thru lane,Rear end,Daylight,Regional municipality,No control,unknown,0,0,0,False,False,False,Clear,0
2019,5,14,16,Tuesday,Other,Right shoulder,SMV unattended vehicle,Daylight,Regional municipality,No control,unknown,0,0,0,False,False,False,Clear,0
2019,5,14,17,Tuesday,At/near private drive,Thru lane,Turning movement,Daylight,Municipal (excl. Twp. Rd.),No control,unknown,1,0,0,False,False,True,Clear,0
2019,5,13,15,Monday,Non intersection,Off highway,SMV unattended vehicle,Daylight,Municipal (excl. Twp. Rd.),No control,unknown,0,0,0,False,False,False,Clear,0
2019,5,15,8,Wednesday,At/near private drive,Thru lane,Angle,Daylight,Municipal (excl. Twp. Rd.),No control,unknown,0,0,0,False,False,False,Clear,0
2019,5,14,12,Tuesday,Non intersection,Thru lane,SMV unattended vehicle,Daylight,Municipal (excl. Twp. Rd.),No control,unknown,0,0,0,False,False,False,Clear,0
2019,5,15,21,Wednesday,Non intersection,Thru lane,SMV unattended vehicle,"Dark, artificial",Municipal (excl. Twp. Rd.),No control,unknown,1,0,0,False,False,False,Clear,0
2019,5,16,6,Thursday,Non intersection,Thru lane,Approaching,Daylight,Municipal (excl. Twp. Rd.),No control,unknown,0,0,0,False,False,False,Clear,0
2019,5,17,21,Friday,At intersection,Within intersection,Angle,Dark,Municipal (excl. Twp. Rd.),Traffic signal,Functioning,0,1,0,False,False,False,Clear,0
2019,5,17,7,Friday,Non intersection,Thru lane,Rear end,Daylight,Municipal (excl. Twp. Rd.),No control,unknown,0,0,0,False,False,False,Clear,0
2019,5,16,15,Thursday,Non intersection,Thru lane,Sideswipe,Daylight,Municipal (excl. Twp. Rd.),No control,unknown,0,0,0,False,False,False,Clear,0
2019,5,17,11,Friday,Intersection related,Thru lane,Rear end,Daylight,Municipal (excl. Twp. Rd.),Traffic signal,Functioning,0,0,0,False,False,False,Clear,0
2019,5,17,16,Friday,Non intersection,Thru lane,Turning movement,Daylight,Regional municipality,No control,unknown,0,0,0,False,False,False,Clear,0
2019,5,18,15,Saturday,At/near private drive,Off highway,SMV other,Daylight,Private property,No control,unknown,0,0,0,False,False,False,Clear,0
2019,5,19,8,Sunday,At/near private drive,Thru lane,SMV unattended vehicle,Daylight,Municipal (excl. Twp. Rd.),No control,unknown,0,0,0,False,False,False,Clear,0
2019,5,19,12,Sunday,At/near private drive,Thru lane,SMV unattended vehicle,Daylight,Municipal (excl. Twp. Rd.),No control,unknown,0,0,0,False,False,False,Clear,0
2019,5,19,14,Sunday,Non intersection,Thru lane,Angle,Daylight,Regional municipality,No control,unknown,0,0,0,False,False,False,Clear,0
2019,5,17,18,Friday,Non intersection,Thru lane,SMV unattended vehicle,Daylight,Regional municipality,No control,unknown,0,0,0,False,False,False,Clear,0
2019,5,21,4,Tuesday,At intersection,Not on roadway - left side,SMV other,Dark,Regional municipality,Traffic signal,Functioning,0,0,0,False,False,False,Clear,0