ACCIDENT_YEAR,ACCIDENT_MONTH,ACCIDENT_DAY,ACCIDENT_HOUR,ACCIDENT_WEEKDAY,ACCIDENTLOCATION,IMPACTLOCATION,INITIALIMPACTTYPE,LIGHT,ROADJURISDICTION,TRAFFICCONTROL,TRAFFICCONTROLCONDITION,THRULANENO,NORTHBOUNDDISOBEYCOUNT,SOUTHBOUNDDISOBEYCOUNT,PEDESTRIANINVOLVED,CYCLISTINVOLVED,MOTORCYCLISTINVOLVED,ENVIRONMENTCONDITION1,injury
2019,5,21,6,Tuesday,At intersection,Within intersection,Angle,Daylight,Municipal (excl. Twp. Rd.),Stop sign,Functioning,0,0,0,False,False,False,Clear,0
2019,5,21,13,Tuesday,At/near private drive,Thru lane,Other,Daylight,Municipal (excl. Twp. Rd.),No control,unknown,0,0,0,False,False,False,Clear,0
2019,5,21,8,Tuesday,At/near private drive,Thru lane,SMV unattended vehicle,Daylight,Municipal (excl. Twp. Rd.),No control,unknown,0,0,0,False,False,False,Clear,0
2019,5,21,16,Tuesday,Non intersection,Thru lane,Rear end,Daylight,Regional municipality,No control,unknown,0,0,0,False,False,False,Clear,0
2019,5,21,16,Tuesday,At/near private drive,Thru lane,SMV unattended vehicle,Daylight,Municipal (excl. Twp. Rd.),No control,unknown,0,0,0,False,False,False,Clear,0
2019,5,21,7,Tuesday,Non intersection,Thru lane,Other,Daylight,Regional municipality,No control,unknown,0,0,0,False,False,False,Clear,0
2019,5,19,12,Sunday,Non intersection,Right shoulder,SMV unattended vehicle,Daylight,Municipal (excl. Twp. Rd.),No control,unknown,0,0,0,False,False,False,Clear,0
2019,5,22,9,Wednesday,At intersection,Within intersection,Rear end,Daylight,Municipal (excl. Twp. Rd.),Stop sign,unknown,0,0,0,False,False,False,Clear,0
2019,5,22,15,Wednesday,At intersection,Thru lane,Rear end,Daylight,Municipal (excl. Twp. Rd.),Traffic signal,Functioning,0,0,0,False,False,False,Clear,0
2019,5,23,23,Thursday,Non intersection,Thru lane,Sideswipe,Dark,Regional municipality,No control,unknown,1,0,0,False,False,False,Clear,0
2019,5,23,11,Thursday,Non intersection,Thru lane,Turning movement,Daylight,Municipal (excl. Twp. Rd.),No control,unknown,0,0,0,False,False,False,Rain,0
2019,5,23,15,Thursday,Intersection related,Within intersection,Angle,Daylight,Municipal (excl. Twp. Rd.),Stop sign,Functioning,0,0,0,False,False,False,Clear,0
2019,5,23,15,Thursday,Intersection related,Thru lane,Rear end,Daylight,Municipal (excl. Twp. Rd.),Traffic signal,Functioning,1,0,0,False,False,False,Clear,0
2019,5,23,10,Thursday,At intersection,Within intersection,Sideswipe,Daylight,Municipal (excl. Twp. Rd.),Stop sign,Functioning,0,0,0,False,False,False,Clear,0
2019,5,24,10,Friday,Non intersection,Thru lane,Sideswipe,Daylight,Municipal (excl. Twp. Rd.),No control,unknown,0,0,0,False,False,False,Clear,0
2019,5,24,13,Friday,Non intersection,Thru lane,Rear end,Daylight,Regional municipality,No control,unknown,0,0,0,False,False,False,Clear,0
2019,5,24,13,Friday,Intersection related,Thru lane,Sideswipe,Daylight,Municipal (excl. Twp. Rd.),unknown,Functioning,0,0,0,False,False,False,Clear,0
2019,5,24,19,Friday,At intersection,Within intersection,Angle,Daylight,Municipal (excl. Twp. Rd.),Stop sign,Functioning,0,0,0,False,False,False,Clear,0
2019,5,24,14,Friday,Intersection related,Thru lane,Angle,Daylight,Regional municipality,Stop sign,Functioning,0,0,0,False,False,False,Clear,0
2019,5,24,14,Friday,Non intersection,Thru lane,SMV unattended vehicle,Daylight,Municipal (excl. Twp. Rd.),No control,unknown,0,0,0,False,False,False,Clear,0
2019,5,25,11,Saturday,Intersection related,Thru lane,Angle,Daylight,Municipal (excl. Twp. Rd.),unknown,Functioning,0,0,1,False,False,False,Clear,0
2019,5,25,12,Saturday,Non intersection,Thru lane,Rear end,Daylight,Municipal (excl. Twp. Rd.),No control,unknown,0,0,0,False,False,False,Clear,0
2019,5,25,11,Saturday,Intersection related,Thru lane,Angle,Daylight,Municipal (excl. Twp. Rd.),Stop sign,Functioning,0,0,0,False,False,False,Rain,0
2019,5,26,12,Sunday,Intersection related,Thru lane,Turning movement,Daylight,Municipal (excl. Twp. Rd.),unknown,unknown,0,0,0,False,False,False,Clear,0
2019,5,26,14,Sunday,Non intersection,Thru lane,Angle,Daylight,Regional municipality,No control,unknown,0,0,0,False,False,False,Clear,0
2019,5,27,10,Monday,Non intersection,Thru lane,SMV unattended vehicle,Daylight,Municipal (excl. Twp. Rd.),No control,unknown,0,0,0,False,False,False,Clear,0
2019,5,24,19,Friday,At/near private drive,Thru lane,SMV unattended vehicle,Daylight,Municipal (excl. Twp. Rd.),No control,unknown,0,0,0,False,False,False,Clear,0
2019,5,27,17,Monday,Intersection related,Thru lane,Sideswipe,Daylight,Municipal (excl. Twp. Rd.),Traffic signal,Functioning,0,0,0,False,False,False,Clear,0
2019,5,28,5,Tuesday,Intersection related,Within intersection,Rear end,Dawn,Municipal (excl. Twp. Rd.),Stop sign,unknown,0,0,0,False,False,False,Rain,0
2019,5,27,18,Monday,At/near private drive,Thru lane,Rear end,Daylight,Private property,No control,unknown,0,0,0,False,False,False,Clear,0
2019,5,28,12,Tuesday,Non intersection,Thru lane,Rear end,Daylight,Municipal (excl. Twp. Rd.),No control,unknown,1,0,0,False,False,False,Clear,0
2019,5,27,17,Monday,At/near private drive,Thru lane,Angle,Daylight,Municipal (excl. Twp. Rd.),No control,unknown,0,0,0,False,False,False,Clear,0
2019,5,26,17,Sunday,At/near private drive,Thru lane,SMV unattended vehicle,Daylight,Municipal (excl. Twp. Rd.),No control,unknown,0,0,0,False,False,False,Clear,0
2019,5,28,19,Tuesday,At/near private drive,Thru lane,SMV unattended vehicle,Daylight,Municipal (excl. Twp. Rd.),No control,unknown,0,0,0,False,False,False,Clear,0
2019,5,29,18,Wednesday,At intersection,Within intersection,SMV other,Daylight,Municipal (excl. Twp. Rd.),Stop sign,Functioning,0,0,0,True,False,False,Clear,0
2019,5,29,22,Wednesday,Non intersection,Right shoulder,SMV unattended vehicle,Dark,Regional municipality,No control,unknown,0,0,0,False,False,False,Clear,0
2019,5,30,10,Thursday,Non intersection,Thru lane,SMV unattended vehicle,Daylight,Municipal (excl. Twp. Rd.),No control,unknown,0,0,0,False,False,False,Clear,0
2019,5,30,17,Thursday,Intersection related,Thru lane,Angle,Daylight,Municipal (excl. Twp. Rd.),Stop sign,unknown,0,0,0,False,False,False,Clear,0
2019,5,30,0,Thursday,Non intersection,Thru lane,SMV unattended vehicle,Dark,Municipal (excl. Twp. Rd.),No control,unknown,0,0,0,False,False,False,Clear,0
2019,5,31,17,Friday,At intersection,Within intersection,Angle,Daylight,Municipal (excl. Twp. Rd.),Stop sign,Functioning,0,0,0,False,False,False,Clear,0
2019,5,30,7,Thursday,At/near private drive,Thru lane,Other,Daylight,Municipal (excl. Twp. Rd.),No control,unknown,0,0,0,False,False,False,Clear,0
2019,6,1,10,Saturday,Non intersection,Thru lane,SMV unattended vehicle,Daylight,Municipal (excl. Twp. Rd.),No control,unknown,0,0,0,False,False,False,Clear,0
2019,6,1,14,Saturday,Non intersection,Thru lane,SMV unattended vehicle,Daylight,Municipal (excl. Twp. Rd.),No control,unknown,1,0,0,False,False,False,Clear,0
2019,6,1,18,Saturday,Non intersection,Thru lane,Rear end,Daylight,Regional municipality,No control,unknown,1,0,0,False,False,False,Rain,0
2019,6,2,1,Sunday,Non intersection,Right shoulder,SMV unattended vehicle,Dark,Municipal (excl. Twp. Rd.),No control,unknown,0,0,0,False,False,False,Rain,0
2019,6,1,16,Saturday,Intersection related,Thru lane,Rear end,Daylight,Municipal (excl. Twp. Rd.),Traffic signal,Functioning,0,0,0,False,False,False,Rain,0
2019,6,2,13,Sunday,At/near private drive,Thru lane,SMV unattended vehicle,Daylight,Municipal (excl. Twp. Rd.),No control,unknown,0,0,0,False,False,False,Clear,0
2019,6,3,10,Monday,Non intersection,Thru lane,SMV unattended vehicle,Daylight,Municipal (excl. Twp. Rd.),No control,unknown,0,0,0,False,False,False,Clear,0
2019,6,3,11,Monday,At/near private drive,Thru lane,SMV unattended vehicle,Daylight,Municipal (excl. Twp. Rd.),No control,unknown,0,0,0,False,False,False,Clear,0
2019,6,3,15,Monday,At/near private drive,Right shoulder,SMV unattended vehicle,Daylight,Municipal (excl. Twp. Rd.),No control,unknown,0,0,0,False,False,False,Clear,0
2019,6,3,17,Monday,Non intersection,Not on roadway - right side,SMV other,Daylight,Private property,No control,unknown,0,0,0,False,False,False,Clear,0
2019,6,3,18,Monday,Non intersection,Thru lane,Angle,Daylight,Regional municipality,No control,unknown,1,0,0,False,False,False,Clear,0
2019,6,3,17,Monday,Non intersection,Right turn channel,Rear end,Daylight,Municipal (excl. Twp. Rd.),No control,unknown,0,0,0,False,False,False,Clear,0
2019,6,4,15,Tuesday,Non intersection,Thru lane,Rear end,Daylight,Municipal (excl. Twp. Rd.),No control,unknown,0,0,0,False,False,False,Clear,0
2019,6,5,14,Wednesday,At intersection,Within intersection,Angle,Daylight,Municipal (excl. Twp. Rd.),Stop sign,Functioning,0,0,0,False,False,False,Rain,0
2019,6,5,15,Wednesday,Non intersection,Thru lane,SMV other,Daylight,Municipal (excl. Twp. Rd.),No control,unknown,1,0,0,False,False,False,Clear,0
2019,6,5,9,Wednesday,At/near private drive,Thru lane,SMV unattended vehicle,Daylight,Municipal (excl. Twp. Rd.),No control,unknown,0,0,0,False,False,False,Clear,0
2019,6,5,16,Wednesday,At intersection,Within intersection,Angle,Daylight,Regional municipality,unknown,Functioning,0,0,0,False,False,False,Rain,0
2019,6,6,9,Thursday,Intersection related,Within intersection,Angle,Daylight,Municipal (excl. Twp. Rd.),Stop sign,Functioning,0,0,0,False,False,False,Clear,0
2019,6,6,9,Thursday,At/near private drive,Thru lane,SMV unattended vehicle,Daylight,Municipal (excl. Twp. Rd.),No control,unknown,0,0,0,False,False,False,Clear,0
2019,6,6,16,Thursday,At/near private drive,Off highway,Other,Daylight,Private property,No control,unknown,0,0,0,False,False,False,Clear,0
2019,6,6,12,Thursday,Non intersection,Thru lane,Rear end,Daylight,Regional municipality,No control,unknown,0,0,0,False,False,False,Clear,0
2019,6,6,18,Thursday,Non intersection,Thru lane,Rear end,Daylight,Regional municipality,No control,unknown,1,0,0,False,False,False,Clear,0
2019,6,6,21,Thursday,At/near private drive,Right shoulder,SMV unattended vehicle,Dark,Municipal (excl. Twp. Rd.),No control,unknown,0,0,0,False,False,False,Clear,0
2019,6,7,6,Friday,Non intersection,Right shoulder,SMV unattended vehicle,Daylight,Municipal (excl. Twp. Rd.),No control,unknown,0,0,0,False,False,False,Clear,0
2019,6,7,13,Friday,Non intersection,Thru lane,Sideswipe,Daylight,Municipal (excl. Twp. Rd.),No control,unknown,0,0,0,False,False,False,Clear,0
2019,6,7,17,Friday,Non intersection,Thru lane,Angle,Daylight,Municipal (excl. Twp. Rd.),No control,unknown,0,0,0,False,False,False,Clear,0
2019,6,7,17,Friday,Non intersection,Thru lane,Other,Daylight,Regional municipality,No control,unknown,0,0,0,False,False,False,Clear,0
2019,6,7,21,Friday,Intersection related,Within intersection,Angle,Dusk,Municipal (excl. Twp. Rd.),Stop sign,Functioning,0,0,0,False,False,False,Clear,0
2019,6,7,23,Friday,Non intersection,Thru lane,Rear end,"Dark, artificial",Municipal (excl. Twp. Rd.),No control,unknown,2,0,0,False,False,False,Clear,0
2019,6,7,16,Friday,Non intersection,Thru lane,Rear end,Daylight,Municipal (excl. Twp. Rd.),No control,unknown,0,0,0,False,False,False,Clear,0
2019,6,7,20,Friday,Non intersection,Thru lane,SMV unattended vehicle,Daylight,Municipal (excl. Twp. Rd.),No control,unknown,0,0,0,False,False,False,Clear,0
2019,6,7,23,Friday,Non intersection,Thru lane,SMV other,Dark,Regional municipality,No control,unknown,0,0,0,False,False,False,Clear,0
2019,6,8,17,Saturday,Non intersection,Thru lane,SMV unattended vehicle,Daylight,Municipal (excl. Twp. Rd.),No control,unknown,1,0,0,False,False,False,Clear,0
2019,6,8,12,Saturday,Non intersection,Thru lane,Rear end,Daylight,Regional municipality,No control,unknown,0,0,0,False,False,False,Clear,0
2019,6,9,13,Sunday,At/near private drive,Thru lane,Angle,Daylight,Municipal (excl. Twp. Rd.),No control,unknown,0,0,0,False,False,False,Clear,0
2019,6,7,12,Friday,Non intersection,Thru lane,Sideswipe,Daylight,Municipal (excl. Twp. Rd.),No control,unknown,0,0,0,False,False,False,Clear,0
2019,6,2,18,Sunday,Non intersection,Right shoulder,SMV unattended vehicle,Daylight,Municipal (excl. Twp. Rd.),No control,unknown,0,0,0,False,False,False,Clear,0
2019,6,10,8,Monday,At/near private drive,Thru lane,Other,Daylight,Regional municipality,No control,unknown,0,0,0,False,False,False,Clear,0
2019,6,10,8,Monday,At/near private drive,Thru lane,SMV unattended vehicle,Daylight,Municipal (excl. Twp. Rd.),No control,unknown,0,0,0,False,False,False,Clear,0
2019,6,10,17,Monday,Non intersection,Thru lane,SMV unattended vehicle,Daylight,Municipal (excl. Twp. Rd.),No control,unknown,0,0,0,False,False,False,Rain,0
2019,6,10,21,Monday,At intersection,Within intersection,SMV other,Dusk,unknown,Stop sign,unknown,0,0,0,False,False,False,Clear,0
2019,6,11,10,Tuesday,Intersection related,Right shoulder,Sideswipe,Daylight,Regional municipality,Stop sign,unknown,0,0,0,False,True,False,Clear,0
2019,6,10,15,Monday,At intersection,Within intersection,Angle,Daylight,Regional municipality,Stop sign,Functioning,0,0,0,False,False,False,Rain,0
2019,6,10,15,Monday,Intersection related,Thru lane,Sideswipe,Daylight,Municipal (excl. Twp. Rd.),unknown,Functioning,0,0,0,False,False,False,Clear,0
2019,6,11,18,Tuesday,Non intersection,Thru lane,Sideswipe,Daylight,Regional municipality,No control,unknown,1,0,0,False,False,False,Clear,0
2019,3,27,14,Wednesday,At/near private drive,Thru lane,Sideswipe,Daylight,Municipal (excl. Twp. Rd.),No control,unknown,0,0,0,False,False,False,Clear,0
2019,6,12,12,Wednesday,Non intersection,Not on roadway - right side,SMV other,Daylight,Municipal (excl. Twp. Rd.),No control,unknown,0,0,0,False,False,False,Clear,1
2019,6,12,18,Wednesday,Intersection related,Within intersection,Sideswipe,Daylight,Municipal (excl. Twp. Rd.),unknown,unknown,0,0,0,False,False,False,Clear,0
2019,6,13,8,Thursday,At/near private drive,Thru lane,Other,Daylight,Private property,No control,unknown,1,0,0,False,False,False,Rain,0
2019,6,13,13,Thursday,At intersection,Within intersection,Angle,Daylight,Municipal (excl. Twp. Rd.),unknown,Functioning,0,0,0,False,False,False,Rain,0
2019,6,13,16,Thursday,Non intersection,Right turn lane,Angle,Daylight,Municipal (excl. Twp. Rd.),No control,unknown,0,0,0,False,False,False,Clear,0
2019,6,13,18,Thursday,At intersection,Within intersection,Angle,Daylight,Municipal (excl. Twp. Rd.),Stop sign,Functioning,0,1,0,False,True,False,Clear,0
2019,6,13,19,Thursday,At/near private drive,Thru lane,Angle,Daylight,Municipal (excl. Twp. Rd.),No control,unknown,1,0,0,False,False,False,Clear,0
2019,6,14,9,Friday,Intersection related,Thru lane,Angle,Daylight,Municipal (excl. Twp. Rd.),Stop sign,Functioning,2,0,0,False,False,False,Clear,0
2019,6,14,13,Friday,At/near private drive,Thru lane,Rear end,Daylight,Regional municipality,No control,unknown,1,0,0,False,False,False,Clear,0
2019,6,15,10,Saturday,Non intersection,Thru lane,Rear end,Daylight,Regional municipality,No control,unknown,0,0,0,False,False,False,Clear,0
2019,6,6,15,Thursday,At/near private drive,Not on roadway - right side,SMV unattended vehicle,Daylight,Private property,No control,unknown,0,0,0,False,False,False,Clear,0
2019,4,9,17,Tuesday,At intersection,Left turn lane,Rear end,Daylight,Municipal (excl. Twp. Rd.),Stop sign,Functioning,0,0,0,False,False,False,Clear,0
2019,6,10,16,Monday,At/near private drive,Thru lane,SMV unattended vehicle,Daylight,Private property,No control,unknown,0,0,0,False,False,False,Rain,0
2019,5,19,12,Sunday,Non intersection,Thru lane,Other,Daylight,Municipal (excl. Twp. Rd.),No control,unknown,0,0,0,False,False,False,Clear,0
2019,6,16,6,Sunday,Non intersection,Thru lane,SMV other,Daylight,Municipal (excl. Twp. Rd.),No control,unknown,1,0,0,False,False,False,Clear,0
2019,6,2,1,Sunday,At/near private drive,Thru lane,SMV unattended vehicle,Dark,Municipal (excl. Twp. Rd.),No control,unknown,0,0,0,False,False,False,Clear,0
2019,6,16,14,Sunday,Intersection related,Within intersection,Rear end,Daylight,Regional municipality,Traffic signal,Functioning,0,0,0,False,False,False,Clear,0
2019,6,17,6,Monday,At/near private drive,Thru lane,SMV unattended vehicle,Daylight,Private property,No control,unknown,0,0,0,False,False,False,Clear,0
2019,6,18,13,Tuesday,Intersection related,Thru lane,Rear end,Daylight,Municipal (excl. Twp. Rd.),Traffic signal,unknown,2,0,0,False,False,False,Clear,0
2019,6,18,15,Tuesday,At/near private drive,Thru lane,Other,Daylight,Municipal (excl. Twp. Rd.),No control,unknown,0,0,0,False,False,False,Clear,0
2019,6,18,17,Tuesday,At/near private drive,Off highway,SMV other,Daylight,Municipal (excl. Twp. Rd.),No control,unknown,0,0,0,True,False,False,Clear,1
2019,6,19,15,Wednesday,Intersection related,Thru lane,Angle,Daylight,Municipal (excl. Twp. Rd.),Stop sign,Functioning,0,0,0,False,False,False,Clear,0
2019,6,19,16,Wednesday,Non intersection,Thru lane,Rear end,Daylight,Municipal (excl. Twp. Rd.),No control,unknown,0,0,0,False,False,False,Clear,0
2019,6,20,5,Thursday,Non intersection,Right shoulder,SMV unattended vehicle,Dawn,Municipal (excl. Twp. Rd.),No control,unknown,0,0,0,False,False,False,Rain,0
2019,6,20,8,Thursday,Non intersection,Thru lane,Rear end,Daylight,Municipal (excl. Twp. Rd.),No control,unknown,0,0,0,False,False,False,Clear,0
2019,6,20,10,Thursday,At/near private drive,Thru lane,SMV unattended vehicle,Daylight,Private property,No control,unknown,0,0,0,False,False,False,Clear,0
2019,6,20,12,Thursday,Intersection related,Thru lane,Sideswipe,Daylight,Regional municipality,Stop sign,Functioning,1,0,0,False,False,False,Clear,0
2019,6,21,8,Friday,At intersection,Within intersection,Angle,Daylight,Regional municipality,unknown,Functioning,0,0,0,False,False,False,Clear,0
2019,6,21,16,Friday,At intersection,Not on roadway - right side,SMV other,Daylight,Municipal (excl. Twp. Rd.),Stop sign,unknown,0,0,0,False,False,False,Clear,0
2019,6,21,16,Friday,Non intersection,Thru lane,Angle,Daylight,Municipal (excl. Twp. Rd.),No control,unknown,0,0,0,False,True,False,Clear,0
2019,6,21,17,Friday,At intersection,Within intersection,SMV other,Daylight,Municipal (excl. Twp. Rd.),Stop sign,Functioning,0,0,0,False,False,False,Clear,0
2019,6,14,20,Friday,At intersection,Within intersection,Angle,Daylight,Municipal (excl. Twp. Rd.),Stop sign,Functioning,0,0,0,False,False,False,Clear,0
2019,6,22,5,Saturday,At intersection,Not on roadway - left side,SMV other,Dawn,Municipal (excl. Twp. Rd.),Stop sign,Functioning,0,1,0,False,False,False,Clear,0
2019,6,22,12,Saturday,At/near private drive,Off highway,Other,Daylight,Private property,No control,unknown,0,0,0,False,False,False,Clear,0
2019,6,22,14,Saturday,At/near private drive,Thru lane,SMV unattended vehicle,Daylight,Municipal (excl. Twp. Rd.),No control,unknown,0,0,0,False,False,False,Clear,0
2019,6,22,20,Saturday,At intersection,Within intersection,Angle,Daylight,unknown,Stop sign,Functioning,0,0,0,False,False,False,Clear,0
2019,6,23,9,Sunday,At intersection,Within intersection,Angle,Daylight,Municipal (excl. Twp. Rd.),Stop sign,Obscured,0,0,0,False,False,False,Clear,0
2019,6,23,9,Sunday,Non intersection,Thru lane,Rear end,Daylight,Municipal (excl. Twp. Rd.),No control,unknown,0,0,0,False,False,False,Clear,0
2019,6,22,17,Saturday,Non intersection,Thru lane,Other,Daylight,Municipal (excl. Twp. Rd.),No control,unknown,0,0,0,False,False,False,Clear,0
2019,6,22,20,Saturday,At/near private drive,Off highway,SMV unattended vehicle,Daylight,Municipal (excl. Twp. Rd.),No control,unknown,0,0,0,False,False,False,Clear,0
2019,6,23,16,Sunday,Non intersection,Thru lane,Angle,Daylight,Municipal (excl. Twp. Rd.),No control,unknown,0,0,0,False,False,False,Clear,0
2019,6,24,15,Monday,Non intersection,Thru lane,Sideswipe,Daylight,Municipal (excl. Twp. Rd.),No control,unknown,1,0,0,False,False,False,Clear,0
2019,6,24,19,Monday,Non intersection,Thru lane,Sideswipe,Daylight,Municipal (excl. Twp. Rd.),No control,unknown,0,0,0,False,False,False,Clear,0
2019,6,24,11,Monday,Non intersection,Thru lane,SMV unattended vehicle,Daylight,Municipal (excl. Twp. Rd.),No control,unknown,0,0,0,False,False,False,Clear,0
2019,6,24,22,Monday,Intersection related,Within intersection,Turning movement,"Dark, artificial",Regional municipality,Traffic signal,Functioning,0,0,0,False,False,False,Rain,0
2019,6,25,6,Tuesday,Non intersection,Thru lane,SMV unattended vehicle,Daylight,Municipal (excl. Twp. Rd.),No control,unknown,0,0,0,False,False,False,Clear,0
2019,6,25,12,Tuesday,Non intersection,Thru lane,SMV unattended vehicle,Daylight,Municipal (excl. Twp. Rd.),No control,unknown,0,0,0,False,False,True,Clear,0
2019,6,25,18,Tuesday,At/near private drive,Not on roadway - right side,SMV unattended vehicle,Daylight,Municipal (excl. Twp. Rd.),No control,unknown,0,0,0,False,False,False,Clear,0
2019,6,26,10,Wednesday,At intersection,Within intersection,Angle,Daylight,Regional municipality,Traffic signal,Functioning,0,0,0,False,False,False,Clear,0
2019,6,25,14,Tuesday,Non intersection,Thru lane,Rear end,Daylight,Regional municipality,No control,unknown,0,0,0,False,False,False,Clear,0
2019,6,26,13,Wednesday,At intersection,Thru lane,Angle,Daylight,unknown,Stop sign,Functioning,2,0,0,False,False,False,Clear,0
2019,6,26,13,Wednesday,At/near private drive,Not on roadway - right side,Sideswipe,Daylight,Municipal (excl. Twp. Rd.),No control,unknown,0,0,0,False,True,False,Clear,0
2019,6,25,22,Tuesday,Non intersection,Off highway,SMV unattended vehicle,Dark,Municipal (excl. Twp. Rd.),No control,unknown,0,0,0,False,False,False,Clear,0
2019,6,26,16,Wednesday,Intersection related,Off highway,SMV other,Daylight,Municipal (excl. Twp. Rd.),unknown,Functioning,0,0,0,False,False,False,Clear,0
2019,6,26,16,Wednesday,At intersection,Within intersection,Turning movement,Daylight,Municipal (excl. Twp. Rd.),Traffic signal,Functioning,0,0,0,False,False,False,Clear,0
2019,6,25,14,Tuesday,Non intersection,Right shoulder,SMV unattended vehicle,Daylight,Municipal (excl. Twp. Rd.),No control,unknown,0,0,0,False,False,False,Clear,0
2019,6,26,17,Wednesday,Intersection related,Left turn lane,Sideswipe,Daylight,unknown,Stop sign,Functioning,0,0,0,False,False,False,Clear,0
2019,6,26,19,Wednesday,At/near private drive,Thru lane,Turning movement,Daylight,Municipal (excl. Twp. Rd.),No control,unknown,1,0,0,False,False,False,Clear,0
2019,6,26,11,Wednesday,At/near private drive,Thru lane,SMV unattended vehicle,Daylight,Municipal (excl. Twp. Rd.),No control,unknown,0,0,0,False,False,False,Clear,0
2019,6,25,18,Tuesday,Non intersection,Thru lane,Rear end,Daylight,Regional municipality,No control,unknown,0,0,0,False,False,False,Clear,0
2019,6,27,12,Thursday,At intersection,Within intersection,Angle,Daylight,Regional municipality,unknown,Functioning,0,0,0,False,False,False,Clear,0
2019,6,26,16,Wednesday,Non intersection,Thru lane,SMV unattended vehicle,Daylight,Municipal (excl. Twp. Rd.),No control,unknown,0,0,0,False,False,False,Clear,0
2019,6,26,0,Wednesday,At/near private drive,Thru lane,SMV unattended vehicle,Dark,Municipal (excl. Twp. Rd.),No control,unknown,0,0,0,False,False,False,Clear,0
2019,5,30,15,Thursday,Intersection related,Within intersection,Angle,Daylight,Municipal (excl. Twp. Rd.),Stop sign,Functioning,0,0,0,False,False,False,Clear,0
2019,6,27,14,Thursday,At/near private drive,Right shoulder,SMV unattended vehicle,Daylight,Municipal (excl. Twp. Rd.),No control,unknown,0,0,0,False,False,False,Clear,0
2019,6,25,17,Tuesday,Non intersection,Right shoulder,SMV other,Daylight,Municipal (excl. Twp. Rd.),No control,unknown,0,0,0,False,False,False,Clear,0
2019,6,27,21,Thursday,Non intersection,Thru lane,Sideswipe,Dusk,Regional municipality,No control,unknown,0,0,0,False,False,False,Clear,0
2019,6,27,20,Thursday,Non intersection,Thru lane,Sideswipe,Dusk,Municipal (excl. Twp. Rd.),No control,unknown,0,0,0,False,False,False,Clear,0
2019,6,27,4,Thursday,Intersection related,Thru lane,SMV other,"Dark, artificial",Municipal (excl. Twp. Rd.),Stop sign,unknown,0,0,0,False,False,False,Clear,0
2019,6,28,11,Friday,Non intersection,Thru lane,Other,Daylight,Municipal (excl. Twp. Rd.),No control,unknown,0,0,0,False,False,False,Clear,0
2019,6,28,18,Friday,Non intersection,Thru lane,Other,Daylight,Regional municipality,No control,unknown,0,0,0,False,False,False,Clear,0
2019,6,28,18,Friday,Non intersection,Thru lane,SMV unattended vehicle,Daylight,Regional municipality,No control,unknown,0,0,0,False,False,False,Clear,0
2019,6,29,15,Saturday,Intersection related,Within intersection,Rear end,Daylight,Regional municipality,Traffic signal,Functioning,0,0,0,False,False,False,Clear,0
2019,6,30,19,Sunday,Other,Off highway,SMV unattended vehicle,Daylight,Private property,No control,unknown,0,0,0,False,False,False,Clear,0
2019,6,29,9,Saturday,At/near private drive,Not on roadway - right side,SMV unattended vehicle,Daylight,Municipal (excl. Twp. Rd.),No control,unknown,0,0,0,False,False,False,Clear,0
2019,7,1,22,Monday,Non intersection,Right shoulder,SMV unattended vehicle,Dark,Regional municipality,No control,unknown,0,0,0,False,False,False,Clear,0
2019,7,2,8,Tuesday,At intersection,Within intersection,Angle,Daylight,Municipal (excl. Twp. Rd.),Stop sign,Functioning,0,0,0,False,False,False,Clear,0
2019,7,2,9,Tuesday,At/near private drive,Thru lane,Other,Daylight,Municipal (excl. Twp. Rd.),No control,unknown,0,0,0,False,False,False,Clear,0
2019,7,2,11,Tuesday,At/near private drive,Off highway,SMV unattended vehicle,Daylight,Private property,No control,unknown,0,0,0,False,False,False,Clear,0
2019,7,3,23,Wednesday,At/near private drive,Thru lane,SMV unattended vehicle,"Dark, artificial",Municipal (excl. Twp. Rd.),No control,unknown,0,0,0,False,False,False,Clear,0
2019,7,3,11,Wednesday,At/near private drive,Thru lane,SMV unattended vehicle,Daylight,Municipal (excl. Twp. Rd.),No control,unknown,0,0,0,False,False,False,Clear,0
2019,7,3,14,Wednesday,Non intersection,Thru lane,Other,Daylight,Municipal (excl. Twp. Rd.),No control,unknown,1,0,0,False,False,False,Clear,0
2019,7,1,17,Monday,Non intersection,Thru lane,Rear end,Daylight,Regional municipality,No control,unknown,0,0,0,False,False,False,Clear,0
2019,7,2,23,Tuesday,Non intersection,Right shoulder,SMV unattended vehicle,Dark,Municipal (excl. Twp. Rd.),No control,unknown,0,0,0,False,False,False,Clear,0
2019,7,2,13,Tuesday,Non intersection,Right shoulder,SMV unattended vehicle,Daylight,Municipal (excl. Twp. Rd.),No control,unknown,0,0,0,False,False,False,Clear,0
2019,7,4,16,Thursday,Non intersection,Thru lane,Sideswipe,Daylight,Municipal (excl. Twp. Rd.),No control,unknown,0,0,0,False,False,False,Clear,0
2019,7,5,0,Friday,Non intersection,Thru lane,SMV other,Dark,Municipal (excl. Twp. Rd.),No control,unknown,1,0,0,False,False,False,Clear,0
2019,7,5,14,Friday,At intersection,Within intersection,Angle,Daylight,Regional municipality,Stop sign,Functioning,0,0,0,False,False,False,Clear,1
2019,7,5,15,Friday,Non intersection,Thru lane,Approaching,Daylight,Regional municipality,No control,unknown,0,0,0,False,False,False,Clear,0
2019,6,8,12,Saturday,At/near private drive,Thru lane,SMV unattended vehicle,Daylight,Municipal (excl. Twp. Rd.),No control,unknown,0,0,0,False,False,False,Clear,0