ACCIDENT_YEAR,ACCIDENT_MONTH,ACCIDENT_DAY,ACCIDENT_HOUR,ACCIDENT_WEEKDAY,ACCIDENTLOCATION,IMPACTLOCATION,INITIALIMPACTTYPE,LIGHT,ROADJURISDICTION,TRAFFICCONTROL,TRAFFICCONTROLCONDITION,THRULANENO,NORTHBOUNDDISOBEYCOUNT,SOUTHBOUNDDISOBEYCOUNT,PEDESTRIANINVOLVED,CYCLISTINVOLVED,MOTORCYCLISTINVOLVED,ENVIRONMENTCONDITION1,injury
2020,5,12,12,Tuesday,Intersection related,Within intersection,Angle,Daylight,Municipal (excl. Twp. Rd.),Traffic signal,Functioning,0,0,0,False,False,False,Clear,1
2020,5,6,16,Wednesday,Non intersection,Thru lane,Rear end,Daylight,Municipal (excl. Twp. Rd.),No control,unknown,0,0,0,False,False,False,Clear,0
2020,5,10,8,Sunday,Intersection related,Within intersection,Sideswipe,Daylight,Regional municipality,Stop sign,Functioning,0,0,0,False,False,False,Clear,0
2020,5,11,12,Monday,Intersection related,Thru lane,Rear end,Daylight,Regional municipality,Traffic signal,Functioning,0,0,0,False,False,False,Clear,0
2020,5,14,19,Thursday,At intersection,Thru lane,Angle,Daylight,Regional municipality,unknown,Functioning,0,0,0,False,False,False,Rain,0
2020,5,15,16,Friday,Non intersection,Not on roadway - left side,SMV other,Daylight,Municipal (excl. Twp. Rd.),No control,unknown,0,0,0,False,False,False,Clear,0
2020,5,15,16,Friday,Non intersection,Thru lane,SMV unattended vehicle,Daylight,Regional municipality,No control,unknown,1,0,0,False,False,False,Clear,0
2020,5,16,17,Saturday,Non intersection,Right shoulder,SMV other,Daylight,Municipal (excl. Twp. Rd.),No control,unknown,0,0,0,False,False,False,Clear,0
2020,5,17,2,Sunday,Non intersection,Thru lane,SMV unattended vehicle,Dark,Municipal (excl. Twp. Rd.),No control,unknown,1,0,0,False,False,False,Clear,0
2020,5,17,14,Sunday,At/near private drive,Right shoulder,SMV unattended vehicle,Daylight,Municipal (excl. Twp. Rd.),No control,unknown,0,0,0,False,False,False,Clear,0
2020,5,17,22,Sunday,At intersection,Within intersection,Angle,Dark,Municipal (excl. Twp. Rd.),Stop sign,Functioning,0,0,0,False,False,False,Rain,0
2020,5,18,21,Monday,At/near private drive,Right shoulder,SMV unattended vehicle,"Dark, artificial",Municipal (excl. Twp. Rd.),No control,unknown,0,0,0,False,False,False,Rain,0
2020,5,19,13,Tuesday,At/near private drive,Off highway,SMV other,Daylight,Municipal (excl. Twp. Rd.),No control,unknown,0,0,0,False,False,False,Clear,0
2020,5,18,13,Monday,Intersection related,Thru lane,Sideswipe,Daylight,Municipal (excl. Twp. Rd.),Stop sign,Functioning,0,0,0,False,False,False,Clear,0
2020,3,11,18,Wednesday,Non intersection,Not on roadway - left side,SMV unattended vehicle,Daylight,Regional municipality,No control,unknown,0,0,0,False,False,False,Clear,0
2020,5,21,21,Thursday,At intersection,Not on roadway - right side,SMV other,Dark,Municipal (excl. Twp. Rd.),Stop sign,Functioning,0,0,0,False,False,False,Clear,0
2020,5,22,9,Friday,Intersection related,Within intersection,Angle,Daylight,Municipal (excl. Twp. Rd.),Traffic signal,Functioning,0,0,1,False,False,False,Clear,0
2020,5,22,11,Friday,Intersection related,Right shoulder,SMV other,Daylight,Municipal (excl. Twp. Rd.),Stop sign,Functioning,0,0,0,False,True,False,Clear,1
2020,5,22,16,Friday,Intersection related,Within intersection,Turning movement,Daylight,Municipal (excl. Twp. Rd.),Stop sign,Functioning,0,0,0,False,False,False,Clear,0
2020,5,23,10,Saturday,Non intersection,Thru lane,Rear end,Daylight,Regional municipality,No control,unknown,0,0,0,False,False,False,Clear,0
2020,5,23,11,Saturday,Non intersection,Thru lane,Other,Daylight,Municipal (excl. Twp. Rd.),No control,unknown,0,0,0,False,False,False,Clear,0
2020,5,13,8,Wednesday,At/near private drive,Thru lane,SMV unattended vehicle,Daylight,Municipal (excl. Twp. Rd.),No control,unknown,0,0,0,False,False,False,Clear,0
2020,5,24,14,Sunday,At/near private drive,Thru lane,Angle,Daylight,Municipal (excl. Twp. Rd.),No control,unknown,0,0,0,False,False,False,Clear,0
2020,5,20,11,Wednesday,At/near private drive,Thru lane,SMV unattended vehicle,Daylight,Municipal (excl. Twp. Rd.),No control,unknown,0,0,0,False,False,False,Clear,0
2020,5,20,15,Wednesday,Non intersection,Thru lane,Sideswipe,Daylight,Regional municipality,No control,unknown,0,0,0,False,False,False,Clear,0
2020,5,24,23,Sunday,Non intersection,Thru lane,SMV unattended vehicle,Dark,Municipal (excl. Twp. Rd.),No control,unknown,0,0,0,False,False,False,Clear,0
2020,5,26,10,Tuesday,At intersection,Within intersection,Angle,Daylight,Municipal (excl. Twp. Rd.),Stop sign,Functioning,0,0,0,False,False,False,Clear,0
2020,5,26,14,Tuesday,Non intersection,Off highway,SMV other,Daylight,Regional municipality,No control,unknown,0,0,0,False,False,False,Clear,0
2020,5,26,15,Tuesday,At intersection,Within intersection,Angle,Daylight,Municipal (excl. Twp. Rd.),Stop sign,Functioning,0,0,0,False,False,False,Clear,0
2020,5,23,14,Saturday,At/near private drive,Thru lane,SMV unattended vehicle,Daylight,Municipal (excl. Twp. Rd.),No control,unknown,0,0,0,False,False,False,Clear,0
2020,5,28,21,Thursday,Intersection related,Right turn lane,Rear end,"Dark, artificial",Municipal (excl. Twp. Rd.),Traffic signal,Functioning,0,0,0,False,False,False,Clear,0
2020,5,28,23,Thursday,Non intersection,Thru lane,SMV other,Dark,Regional municipality,No control,unknown,1,0,0,False,False,False,Clear,1
2020,5,29,12,Friday,At/near private drive,Thru lane,Turning movement,Daylight,Municipal (excl. Twp. Rd.),No control,unknown,1,0,0,False,False,False,Clear,1
2020,5,28,16,Thursday,Non intersection,Thru lane,Rear end,Daylight,Regional municipality,No control,unknown,0,0,0,False,False,False,Rain,0
2020,5,29,20,Friday,At/near private drive,Thru lane,Sideswipe,Daylight,Municipal (excl. Twp. Rd.),No control,unknown,1,0,0,False,False,False,Clear,0
2020,5,29,23,Friday,At intersection,Thru lane,Angle,Dark,Municipal (excl. Twp. Rd.),Stop sign,unknown,0,0,0,False,False,False,Clear,0
2020,5,30,21,Saturday,At intersection,Within intersection,SMV other,"Dark, artificial",Municipal (excl. Twp. Rd.),Stop sign,Functioning,0,0,0,True,False,False,Clear,1
2020,5,31,1,Sunday,Non intersection,Thru lane,SMV other,Dark,Municipal (excl. Twp. Rd.),No control,unknown,1,0,0,False,False,False,Clear,0
2020,5,31,18,Sunday,Non intersection,Not on roadway - left side,SMV other,Daylight,Municipal (excl. Twp. Rd.),No control,unknown,0,0,0,False,False,False,Clear,0
2020,6,1,12,Monday,Non intersection,Thru lane,Other,Daylight,Municipal (excl. Twp. Rd.),No control,unknown,0,0,0,False,False,False,Clear,0
2020,6,1,13,Monday,At intersection,Within intersection,Angle,Daylight,Regional municipality,Traffic signal,Functioning,0,1,0,False,False,False,Clear,1
2020,6,2,9,Tuesday,Intersection related,Not on roadway - right side,SMV other,Daylight,Regional municipality,Stop sign,Functioning,0,0,0,False,False,False,Clear,1
2020,6,2,18,Tuesday,At intersection,Within intersection,Angle,Daylight,Municipal (excl. Twp. Rd.),Stop sign,Functioning,0,0,0,False,False,False,Clear,0
2020,6,3,11,Wednesday,Intersection related,Right shoulder,SMV unattended vehicle,Daylight,Municipal (excl. Twp. Rd.),Stop sign,unknown,0,0,0,False,False,False,Clear,0
2020,6,3,17,Wednesday,At intersection,Within intersection,Angle,Daylight,Regional municipality,Traffic signal,Functioning,0,1,0,False,False,False,Clear,0
2020,6,4,15,Thursday,Intersection related,Thru lane,Rear end,Daylight,Municipal (excl. Twp. Rd.),Traffic signal,Functioning,0,0,0,False,False,False,Clear,0
2020,6,5,13,Friday,Intersection related,Thru lane,Rear end,Daylight,Regional municipality,Stop sign,unknown,0,0,0,False,False,False,Clear,0
2020,6,5,13,Friday,At intersection,Within intersection,Sideswipe,Daylight,Municipal (excl. Twp. Rd.),Stop sign,Functioning,0,0,0,False,False,False,Clear,0
2020,6,5,16,Friday,Non intersection,Thru lane,Sideswipe,Daylight,unknown,No control,unknown,0,0,0,False,False,False,Clear,0
2020,5,31,22,Sunday,Non intersection,Right shoulder,SMV unattended vehicle,Dark,Municipal (excl. Twp. Rd.),No control,unknown,0,0,0,False,False,False,Clear,0
2020,6,6,12,Saturday,Non intersection,Right shoulder,Rear end,Daylight,Regional municipality,No control,unknown,0,0,0,False,False,False,Clear,0
2020,6,6,15,Saturday,Non intersection,Not on roadway - left side,SMV other,Daylight,Municipal (excl. Twp. Rd.),No control,unknown,0,0,0,False,False,False,Clear,0
2020,6,6,22,Saturday,At/near private drive,Thru lane,SMV unattended vehicle,Dark,Municipal (excl. Twp. Rd.),No control,unknown,0,0,0,False,False,False,Clear,0
2020,6,7,18,Sunday,Non intersection,Thru lane,Other,Daylight,Municipal (excl. Twp. Rd.),No control,unknown,0,0,0,False,False,False,Clear,0
2020,6,8,12,Monday,At intersection,Within intersection,Angle,Daylight,Municipal (excl. Twp. Rd.),Stop sign,Functioning,0,0,0,False,False,True,Clear,1
2020,5,30,21,Saturday,Non intersection,Thru lane,SMV unattended vehicle,Dark,Municipal (excl. Twp. Rd.),No control,unknown,0,0,0,False,False,False,Clear,0
2020,5,22,14,Friday,Non intersection,Thru lane,SMV unattended vehicle,Daylight,Municipal (excl. Twp. Rd.),No control,unknown,0,0,0,False,False,False,Clear,0
2020,5,28,7,Thursday,Non intersection,Thru lane,SMV unattended vehicle,Daylight,Regional municipality,No control,unknown,0,0,0,False,False,False,Clear,0
2020,5,30,13,Saturday,At intersection,Within intersection,Angle,Daylight,Municipal (excl. Twp. Rd.),unknown,Functioning,0,0,0,False,False,False,Clear,0
2020,6,9,13,Tuesday,At/near private drive,Not on roadway - right side,SMV other,Daylight,Municipal (excl. Twp. Rd.),No control,unknown,0,0,0,False,False,False,Clear,1
2020,6,10,6,Wednesday,Intersection related,Within intersection,Sideswipe,Daylight,Regional municipality,Stop sign,Functioning,0,0,0,False,False,False,Snow,0
2020,6,10,8,Wednesday,Intersection related,Within intersection,Rear end,Daylight,Regional municipality,Traffic signal,Functioning,0,0,0,False,False,False,Clear,0
2020,6,10,15,Wednesday,Non intersection,Thru lane,SMV unattended vehicle,Daylight,Municipal (excl. Twp. Rd.),No control,unknown,0,0,0,False,False,False,Clear,0
2020,6,10,7,Wednesday,Non intersection,Thru lane,SMV unattended vehicle,Daylight,Municipal (excl. Twp. Rd.),No control,unknown,0,0,0,False,False,False,Clear,0
2020,6,11,14,Thursday,Non intersection,Thru lane,SMV unattended vehicle,Daylight,Municipal (excl. Twp. Rd.),No control,unknown,0,0,0,False,False,False,Clear,0
2020,6,8,14,Monday,Non intersection,Thru lane,SMV unattended vehicle,Daylight,Municipal (excl. Twp. Rd.),No control,unknown,0,0,0,False,False,False,Clear,0
2020,6,5,13,Friday,At intersection,Thru lane,Rear end,Daylight,Regional municipality,Traffic signal,Functioning,0,0,0,False,False,False,Clear,0
2020,6,12,10,Friday,Intersection related,Within intersection,Angle,Daylight,Regional municipality,Stop sign,Functioning,0,0,0,False,False,False,Clear,0
2020,6,12,8,Friday,Non intersection,Thru lane,SMV other,Daylight,Regional municipality,No control,unknown,1,0,0,True,False,False,Clear,1
2020,6,12,13,Friday,Intersection related,Thru lane,Turning movement,Daylight,Municipal (excl. Twp. Rd.),Stop sign,unknown,0,0,0,False,False,False,Clear,0
2020,6,14,12,Sunday,Intersection related,Thru lane,Sideswipe,Daylight,Municipal (excl. Twp. Rd.),Stop sign,unknown,0,0,0,False,False,False,Clear,0
2020,6,14,11,Sunday,At/near private drive,Thru lane,SMV unattended vehicle,Daylight,Municipal (excl. Twp. Rd.),No control,unknown,0,0,0,False,False,False,Clear,0
2020,6,15,10,Monday,Non intersection,Thru lane,Other,Daylight,Regional municipality,No control,unknown,0,0,0,False,False,False,Clear,0
2020,6,4,8,Thursday,At/near private drive,Thru lane,Other,Daylight,Municipal (excl. Twp. Rd.),No control,unknown,0,0,0,False,False,False,Clear,0
2020,6,2,14,Tuesday,Non intersection,Thru lane,Other,Daylight,Regional municipality,No control,unknown,0,0,0,False,False,False,Clear,0
2020,6,16,19,Tuesday,Non intersection,Thru lane,Sideswipe,Daylight,Municipal (excl. Twp. Rd.),No control,unknown,0,0,0,False,False,False,Clear,0
2020,6,17,13,Wednesday,Non intersection,Thru lane,Sideswipe,Daylight,Municipal (excl. Twp. Rd.),No control,unknown,0,0,0,False,False,False,Clear,0
2020,6,17,17,Wednesday,At/near private drive,Not on roadway - right side,SMV other,Daylight,Municipal (excl. Twp. Rd.),No control,unknown,0,0,0,False,False,False,Clear,0
2020,6,18,17,Thursday,At intersection,Within intersection,Angle,Daylight,Municipal (excl. Twp. Rd.),unknown,Functioning,0,0,0,False,False,False,Clear,1
2020,6,19,12,Friday,At intersection,Within intersection,Turning movement,Daylight,Municipal (excl. Twp. Rd.),unknown,Functioning,0,0,0,False,False,False,Clear,0
2020,6,19,19,Friday,At intersection,Within intersection,Angle,Daylight,Municipal (excl. Twp. Rd.),Stop sign,unknown,0,0,0,False,False,False,Clear,0
2020,6,20,6,Saturday,Non intersection,Thru lane,SMV unattended vehicle,Daylight,Municipal (excl. Twp. Rd.),No control,unknown,1,0,0,False,False,False,Clear,0
2020,6,20,21,Saturday,Non intersection,Thru lane,SMV unattended vehicle,Dusk,unknown,No control,unknown,1,0,0,False,False,False,Clear,0
2020,6,21,10,Sunday,Intersection related,Thru lane,Angle,Daylight,Municipal (excl. Twp. Rd.),Stop sign,unknown,0,0,0,False,False,False,Clear,0
2020,6,23,14,Tuesday,Intersection related,Thru lane,Rear end,Daylight,Regional municipality,Traffic signal,Functioning,0,0,0,False,False,False,Clear,0
2020,6,24,10,Wednesday,Non intersection,Thru lane,Sideswipe,Daylight,Municipal (excl. Twp. Rd.),No control,unknown,1,0,0,False,False,False,Clear,0
2020,6,25,2,Thursday,Non intersection,Thru lane,SMV other,Dark,Municipal (excl. Twp. Rd.),No control,unknown,0,0,0,False,False,False,Clear,0
2020,6,12,12,Friday,At intersection,Thru lane,Angle,Daylight,Municipal (excl. Twp. Rd.),Stop sign,Functioning,0,0,0,False,False,False,Clear,0
2020,6,25,18,Thursday,At intersection,Within intersection,SMV other,Daylight,Regional municipality,Traffic signal,Functioning,0,0,0,True,False,False,Clear,1
2020,6,26,6,Friday,Intersection related,Within intersection,Angle,Daylight,Municipal (excl. Twp. Rd.),Traffic signal,Functioning,0,0,0,False,False,False,Clear,0
2020,6,27,9,Saturday,At intersection,Within intersection,Angle,Daylight,Regional municipality,Traffic signal,Functioning,0,0,0,False,True,False,Clear,1
2020,6,28,7,Sunday,Non intersection,Left shoulder,SMV other,Daylight,Regional municipality,No control,unknown,0,0,0,False,False,False,Clear,0
2020,6,29,18,Monday,Non intersection,Thru lane,SMV unattended vehicle,Daylight,Municipal (excl. Twp. Rd.),No control,unknown,0,0,0,False,False,False,Clear,0
2020,6,30,0,Tuesday,At/near private drive,Not on roadway - right side,SMV other,"Dark, artificial",Municipal (excl. Twp. Rd.),No control,unknown,0,0,0,False,False,False,Clear,0
2020,7,1,13,Wednesday,At/near private drive,Thru lane,SMV unattended vehicle,Daylight,Municipal (excl. Twp. Rd.),No control,unknown,0,0,0,False,False,False,Clear,0
2020,7,1,15,Wednesday,Non intersection,Not on roadway - right side,SMV other,Daylight,Regional municipality,No control,unknown,0,0,0,False,False,False,Clear,0
2020,7,1,17,Wednesday,Non intersection,Thru lane,Approaching,Daylight,Regional municipality,No control,unknown,1,0,0,False,False,False,Clear,0
2020,7,2,13,Thursday,Intersection related,Thru lane,Angle,Daylight,Regional municipality,Traffic signal,Functioning,0,0,0,False,False,False,Clear,0
2020,7,3,7,Friday,At/near private drive,Thru lane,SMV unattended vehicle,Daylight,Municipal (excl. Twp. Rd.),No control,unknown,0,0,0,False,False,False,Clear,0
2020,7,3,8,Friday,Non intersection,Thru lane,Sideswipe,Daylight,Regional municipality,No control,unknown,0,0,0,False,False,False,Clear,0
2020,7,3,21,Friday,Intersection related,Thru lane,Rear end,Dark,Regional municipality,Stop sign,unknown,1,0,0,False,False,False,Clear,1
2020,7,4,5,Saturday,Non intersection,Thru lane,SMV unattended vehicle,Dawn,Regional municipality,No control,unknown,1,0,0,False,False,False,Clear,0
2020,7,4,14,Saturday,At/near private drive,Thru lane,Angle,Daylight,Regional municipality,No control,unknown,0,0,0,False,False,False,Clear,0
2020,7,6,21,Monday,At intersection,Left turn lane,Angle,Dark,Municipal (excl. Twp. Rd.),Traffic signal,Functioning,0,0,0,False,False,False,Clear,0
2020,7,7,13,Tuesday,Intersection related,Within intersection,Angle,Daylight,Municipal (excl. Twp. Rd.),Stop sign,Functioning,0,0,0,False,False,False,Clear,0
2020,7,7,14,Tuesday,At/near private drive,Thru lane,SMV unattended vehicle,Daylight,Municipal (excl. Twp. Rd.),No control,unknown,0,0,0,False,False,False,Clear,0
2020,6,7,15,Sunday,At/near private drive,Thru lane,SMV unattended vehicle,Daylight,Municipal (excl. Twp. Rd.),No control,unknown,0,0,0,False,False,False,Clear,0
2020,7,8,21,Wednesday,Intersection related,Within intersection,Angle,"Dark, artificial",Municipal (excl. Twp. Rd.),Stop sign,Functioning,0,0,0,False,False,False,Clear,0
2020,7,10,14,Friday,Non intersection,Thru lane,Approaching,Daylight,Regional municipality,No control,unknown,1,0,0,False,False,False,Clear,0
2020,7,11,16,Saturday,At intersection,Within intersection,Angle,Daylight,Regional municipality,unknown,Functioning,0,0,0,False,False,False,Clear,1
2020,7,12,22,Sunday,Intersection related,Thru lane,Rear end,"Dark, artificial",Municipal (excl. Twp. Rd.),Traffic signal,Functioning,1,0,0,False,False,False,Clear,0
2020,7,13,14,Monday,Non intersection,Thru lane,SMV unattended vehicle,Daylight,Regional municipality,No control,unknown,0,0,0,False,False,False,Clear,0
2020,7,14,8,Tuesday,Intersection related,Within intersection,Angle,Daylight,Regional municipality,Traffic signal,Functioning,0,0,0,False,False,False,Clear,0
2020,7,14,8,Tuesday,Intersection related,Within intersection,SMV other,Daylight,Regional municipality,Stop sign,Functioning,0,0,0,True,False,False,Clear,1
2020,7,14,15,Tuesday,Non intersection,Thru lane,Rear end,Daylight,Regional municipality,No control,unknown,1,0,0,False,False,False,Clear,0
2020,7,14,19,Tuesday,Intersection related,Thru lane,Rear end,Daylight,Municipal (excl. Twp. Rd.),Stop sign,Functioning,0,0,0,False,False,False,Clear,0
2020,7,17,14,Friday,At/near private drive,Thru lane,Other,Daylight,Municipal (excl. Twp. Rd.),No control,unknown,0,0,0,False,False,False,Clear,0
2020,7,16,20,Thursday,At/near private drive,Thru lane,SMV unattended vehicle,Dusk,Municipal (excl. Twp. Rd.),No control,unknown,0,0,0,False,False,False,Clear,0
2020,7,18,14,Saturday,Non intersection,Left shoulder,SMV unattended vehicle,Daylight,Municipal (excl. Twp. Rd.),No control,unknown,0,0,0,False,False,False,Clear,0
2020,7,18,5,Saturday,Intersection related,Not on roadway - left side,SMV other,Daylight,Municipal (excl. Twp. Rd.),Stop sign,unknown,0,0,0,False,False,False,Clear,0
2020,7,18,14,Saturday,Non intersection,Not on roadway - right side,SMV other,Daylight,Municipal (excl. Twp. Rd.),No control,unknown,0,0,0,True,False,False,Clear,1
2020,7,19,13,Sunday,Intersection related,Within intersection,Angle,Daylight,Municipal (excl. Twp. Rd.),Stop sign,Functioning,0,0,0,False,False,False,Clear,1
2020,7,19,15,Sunday,Non intersection,Thru lane,Sideswipe,Daylight,Regional municipality,No control,unknown,0,0,0,False,False,False,Clear,0
2020,7,20,16,Monday,Non intersection,Not on roadway - left side,SMV other,Daylight,Regional municipality,No control,unknown,0,0,0,False,False,False,Clear,0
2020,7,17,18,Friday,At/near private drive,Thru lane,Sideswipe,Daylight,Regional municipality,No control,unknown,0,0,0,False,False,False,Clear,0
2020,7,2,13,Thursday,Non intersection,Thru lane,SMV unattended vehicle,Daylight,Municipal (excl. Twp. Rd.),No control,unknown,0,0,0,False,False,False,Clear,0
2020,7,17,9,Friday,At/near private drive,Thru lane,SMV unattended vehicle,Daylight,Municipal (excl. Twp. Rd.),No control,unknown,0,0,0,False,False,False,Clear,0
2020,7,22,13,Wednesday,Non intersection,Not on roadway - right side,SMV unattended vehicle,Daylight,Municipal (excl. Twp. Rd.),No control,unknown,0,0,0,False,False,False,Clear,0
2020,7,22,17,Wednesday,Non intersection,Not on roadway - right side,SMV other,Daylight,Municipal (excl. Twp. Rd.),No control,unknown,0,0,0,False,False,False,Rain,0
2020,7,24,19,Friday,Non intersection,Not on roadway - right side,SMV other,Daylight,Municipal (excl. Twp. Rd.),No control,unknown,0,0,0,False,False,False,Clear,1
2020,7,25,14,Saturday,At intersection,Thru lane,Rear end,Daylight,Municipal (excl. Twp. Rd.),Stop sign,Functioning,1,0,0,False,False,False,Clear,0
2020,7,25,14,Saturday,Non intersection,Thru lane,Sideswipe,Daylight,Municipal (excl. Twp. Rd.),No control,unknown,0,0,0,False,False,False,Clear,0
2020,7,25,20,Saturday,Non intersection,Thru lane,SMV unattended vehicle,Dusk,Municipal (excl. Twp. Rd.),No control,unknown,1,0,0,False,False,False,Clear,0
2020,7,26,14,Sunday,Intersection related,Not on roadway - right side,SMV other,Daylight,Regional municipality,Traffic signal,Functioning,0,0,0,False,False,False,Clear,0
2020,7,26,23,Sunday,At intersection,Within intersection,Turning movement,"Dark, artificial",Regional municipality,Traffic signal,Functioning,0,0,0,False,False,False,Clear,1
2020,7,1,23,Wednesday,At/near private drive,Thru lane,SMV unattended vehicle,Dark,Municipal (excl. Twp. Rd.),No control,unknown,0,0,0,False,False,False,Clear,0
2020,7,27,11,Monday,Intersection related,Not on roadway - right side,SMV unattended vehicle,Daylight,Municipal (excl. Twp. Rd.),Stop sign,unknown,0,0,0,False,False,False,Clear,0
2020,7,28,11,Tuesday,Intersection related,Thru lane,Other,Daylight,Regional municipality,Stop sign,Functioning,0,0,0,False,False,False,Clear,0
2020,7,28,15,Tuesday,Non intersection,Right shoulder,Sideswipe,Daylight,Municipal (excl. Twp. Rd.),No control,unknown,0,0,0,False,True,False,Clear,1
2020,7,28,16,Tuesday,Non intersection,Thru lane,Rear end,Daylight,Regional municipality,No control,unknown,0,0,0,False,False,False,Clear,0
2020,7,29,11,Wednesday,At intersection,Within intersection,Turning movement,Daylight,Municipal (excl. Twp. Rd.),unknown,Functioning,0,0,0,False,False,False,Clear,0
2020,7,31,7,Friday,At/near private drive,Thru lane,Sideswipe,Daylight,Municipal (excl. Twp. Rd.),No control,unknown,0,0,0,False,False,False,Clear,0
2020,8,2,18,Sunday,At/near private drive,Thru lane,Other,Daylight,Municipal (excl. Twp. Rd.),No control,unknown,1,0,0,False,False,False,Rain,0
2020,8,2,22,Sunday,Intersection related,Within intersection,Approaching,Dark,Municipal (excl. Twp. Rd.),Stop sign,Functioning,0,0,0,False,False,False,Clear,0
2020,8,3,15,Monday,At intersection,Not on roadway - left side,SMV other,Daylight,Municipal (excl. Twp. Rd.),Stop sign,unknown,0,0,0,False,False,False,Rain,0
2020,8,4,14,Tuesday,Non intersection,Thru lane,Angle,Daylight,Regional municipality,No control,unknown,0,0,0,False,False,False,Clear,0
2020,8,4,16,Tuesday,At intersection,Thru lane,Sideswipe,Daylight,Municipal (excl. Twp. Rd.),Stop sign,Functioning,1,0,0,False,False,False,Clear,1
2020,8,4,17,Tuesday,Intersection related,Thru lane,Rear end,Daylight,Municipal (excl. Twp. Rd.),Stop sign,Functioning,0,0,0,False,False,False,Clear,0
2020,8,4,20,Tuesday,Intersection related,Thru lane,Rear end,Dark,Municipal (excl. Twp. Rd.),Traffic signal,Functioning,1,0,0,False,True,False,Clear,1
2020,8,6,14,Thursday,Intersection related,Thru lane,Rear end,Daylight,Regional municipality,unknown,Functioning,0,0,0,False,False,False,Clear,0
2020,8,6,14,Thursday,At/near private drive,Thru lane,SMV unattended vehicle,Daylight,Municipal (excl. Twp. Rd.),No control,unknown,0,0,0,False,False,False,Clear,0
2020,8,6,21,Thursday,Intersection related,Not on roadway - left side,SMV other,Dark,Municipal (excl. Twp. Rd.),unknown,Functioning,0,0,0,False,False,False,Clear,0
2020,8,7,12,Friday,At/near private drive,Thru lane,Turning movement,Daylight,Regional municipality,No control,unknown,0,0,0,False,False,False,Clear,0
2020,8,7,12,Friday,Non intersection,Thru lane,Rear end,Daylight,Regional municipality,No control,unknown,0,0,0,False,False,False,Clear,0
2020,8,8,13,Saturday,Non intersection,Thru lane,SMV unattended vehicle,Daylight,Regional municipality,No control,unknown,1,0,0,False,False,False,Clear,0
2020,8,10,12,Monday,At intersection,Within intersection,Angle,Daylight,Municipal (excl. Twp. Rd.),unknown,Functioning,0,0,0,False,False,False,Clear,1
2020,8,9,0,Sunday,At/near private drive,Thru lane,SMV unattended vehicle,Dark,Municipal (excl. Twp. Rd.),No control,unknown,0,0,0,False,False,False,Clear,0
2020,7,11,6,Saturday,Intersection related,Thru lane,Rear end,Daylight,Municipal (excl. Twp. Rd.),Traffic signal,Functioning,0,0,0,False,False,False,Clear,0
2020,8,11,16,Tuesday,Non intersection,Thru lane,Angle,Daylight,Regional municipality,No control,unknown,0,0,0,False,False,False,Clear,0
2020,8,11,16,Tuesday,Non intersection,Thru lane,Rear end,Daylight,Regional municipality,No control,unknown,0,0,0,False,False,False,Clear,0
2020,8,11,16,Tuesday,Non intersection,Thru lane,Approaching,Daylight,Municipal (excl. Twp. Rd.),No control,unknown,1,0,0,False,False,False,Clear,1
2020,8,12,3,Wednesday,Non intersection,Right shoulder,SMV other,Dark,Municipal (excl. Twp. Rd.),No control,unknown,0,0,0,False,False,False,Clear,0
2020,8,12,12,Wednesday,Non intersection,Thru lane,Rear end,Daylight,Regional municipality,No control,unknown,1,0,0,False,False,False,Clear,1
2020,8,4,17,Tuesday,Non intersection,Thru lane,Rear end,Daylight,Regional municipality,No control,unknown,0,0,0,False,False,False,Clear,0
2020,8,8,11,Saturday,Non intersection,Thru lane,Sideswipe,Daylight,Municipal (excl. Twp. Rd.),No control,unknown,0,0,0,False,False,False,Clear,0
2020,8,12,17,Wednesday,Non intersection,Thru lane,SMV unattended vehicle,Daylight,Municipal (excl. Twp. Rd.),No control,unknown,0,0,0,False,False,False,Clear,0
2020,8,13,23,Thursday,Non intersection,Not on roadway - right side,SMV other,"Dark, artificial",Municipal (excl. Twp. Rd.),No control,unknown,0,0,0,False,False,False,Clear,1
2020,8,14,23,Friday,At intersection,Within intersection,Angle,Dark,Regional municipality,Stop sign,Functioning,0,0,0,False,False,False,Clear,1
2020,8,16,11,Sunday,At/near private drive,Off highway,SMV unattended vehicle,Daylight,Municipal (excl. Twp. Rd.),No control,unknown,0,0,0,False,False,False,Other,0
2020,8,16,17,Sunday,At/near private drive,Thru lane,SMV unattended vehicle,Daylight,Regional municipality,No control,unknown,0,0,0,False,False,False,Clear,0
2020,8,17,0,Monday,Non intersection,Right shoulder,SMV unattended vehicle,Dark,Municipal (excl. Twp. Rd.),No control,unknown,0,0,0,False,False,False,Clear,0
2020,8,17,9,Monday,At/near private drive,Thru lane,Sideswipe,Daylight,Municipal (excl. Twp. Rd.),No control,unknown,1,0,0,False,False,False,Clear,1
2020,8,18,10,Tuesday,Non intersection,Not on roadway - right side,SMV other,Daylight,Regional municipality,No control,unknown,0,0,0,False,False,False,Clear,0
2020,8,18,15,Tuesday,Intersection related,Thru lane,SMV unattended vehicle,Daylight,Regional municipality,Stop sign,unknown,1,0,0,False,False,False,Clear,0
2020,8,8,13,Saturday,At/near private drive,Thru lane,Turning movement,Daylight,Municipal (excl. Twp. Rd.),No control,unknown,0,0,0,False,False,False,Clear,0