ACCIDENT_YEAR,ACCIDENT_MONTH,ACCIDENT_DAY,ACCIDENT_HOUR,ACCIDENT_WEEKDAY,ACCIDENTLOCATION,IMPACTLOCATION,INITIALIMPACTTYPE,LIGHT,ROADJURISDICTION,TRAFFICCONTROL,TRAFFICCONTROLCONDITION,THRULANENO,NORTHBOUNDDISOBEYCOUNT,SOUTHBOUNDDISOBEYCOUNT,PEDESTRIANINVOLVED,CYCLISTINVOLVED,MOTORCYCLISTINVOLVED,ENVIRONMENTCONDITION1,injury
2020,11,9,21,Monday,Non intersection,Thru lane,SMV other,Dark,Municipal (excl. Twp. Rd.),No control,unknown,1,0,0,False,False,False,Clear,0
2020,11,10,11,Tuesday,Intersection related,Within intersection,Angle,Daylight,Regional municipality,Stop sign,Functioning,0,0,1,False,False,False,Clear,0
2020,11,10,17,Tuesday,At intersection,Within intersection,Rear end,Dusk,Regional municipality,Traffic signal,Functioning,0,0,0,False,False,False,Clear,0
2020,11,10,21,Tuesday,Non intersection,Thru lane,SMV other,Dark,Regional municipality,No control,unknown,0,0,0,False,False,False,Clear,0
2020,11,10,22,Tuesday,Non intersection,Thru lane,Sideswipe,Dark,Municipal (excl. Twp. Rd.),No control,unknown,1,0,0,False,False,False,Clear,0
2020,11,11,18,Wednesday,Intersection related,Thru lane,Other,"Dark, artificial",Municipal (excl. Twp. Rd.),unknown,Functioning,1,0,0,False,False,False,Clear,0
2020,11,12,17,Thursday,Intersection related,Right shoulder,SMV other,Dark,Municipal (excl. Twp. Rd.),Stop sign,Functioning,0,0,0,False,False,False,Clear,0
2020,11,13,4,Friday,Non intersection,Thru lane,Approaching,"Dark, artificial",Regional municipality,No control,unknown,1,0,0,False,False,False,Clear,0
2020,11,13,4,Friday,Non intersection,Right shoulder,SMV other,"Dark, artificial",Regional municipality,No control,unknown,0,0,0,False,False,False,Clear,0
2020,11,13,7,Friday,Non intersection,Thru lane,Sideswipe,Daylight,Regional municipality,No control,unknown,0,0,0,False,False,False,Rain,0
2020,10,28,14,Wednesday,At/near private drive,Thru lane,SMV unattended vehicle,Daylight,Municipal (excl. Twp. Rd.),No control,unknown,0,0,0,False,False,False,Clear,0
2020,11,13,19,Friday,At intersection,Within intersection,Angle,"Dark, artificial",Regional municipality,Stop sign,Functioning,0,0,0,False,False,False,Clear,1
2020,11,14,19,Saturday,Non intersection,Thru lane,Rear end,"Dark, artificial",Municipal (excl. Twp. Rd.),No control,unknown,1,0,0,False,False,False,Clear,0
2020,11,15,17,Sunday,At intersection,Not on roadway - left side,SMV other,Dark,Municipal (excl. Twp. Rd.),Stop sign,unknown,0,0,0,False,False,False,Rain,0
2020,11,17,17,Tuesday,At intersection,Within intersection,Angle,Dark,Municipal (excl. Twp. Rd.),unknown,Functioning,0,0,0,False,False,False,Clear,0
2020,11,17,22,Tuesday,Non intersection,Right shoulder,SMV unattended vehicle,Dark,Municipal (excl. Twp. Rd.),No control,unknown,0,0,0,False,False,False,Snow,0
2020,11,18,8,Wednesday,Intersection related,Within intersection,Rear end,Daylight,Municipal (excl. Twp. Rd.),Stop sign,Functioning,0,0,0,False,False,False,Snow,0
2020,10,2,22,Friday,At/near private drive,Thru lane,SMV unattended vehicle,Dark,Regional municipality,No control,unknown,0,0,0,False,False,False,Clear,0
2020,10,2,19,Friday,Non intersection,Thru lane,Sideswipe,Dark,Regional municipality,No control,unknown,0,0,0,False,False,False,Clear,0
2020,11,18,18,Wednesday,Non intersection,Thru lane,SMV other,Dark,Regional municipality,No control,unknown,0,0,0,False,False,False,Clear,0
2020,11,18,20,Wednesday,Non intersection,Thru lane,Angle,Dark,Municipal (excl. Twp. Rd.),No control,unknown,1,0,0,False,False,False,Clear,1
2020,11,19,14,Thursday,At/near private drive,Thru lane,SMV unattended vehicle,Daylight,Regional municipality,No control,unknown,1,0,0,False,False,False,Clear,0
2020,11,14,11,Saturday,Non intersection,Thru lane,Rear end,Daylight,Regional municipality,No control,unknown,0,0,0,False,False,False,Clear,0
2020,11,2,6,Monday,Non intersection,Thru lane,SMV unattended vehicle,Dark,Municipal (excl. Twp. Rd.),No control,unknown,0,0,0,False,False,False,Clear,0
2020,11,19,17,Thursday,At intersection,Within intersection,Angle,Dark,Regional municipality,Traffic signal,Functioning,0,0,0,False,False,False,Clear,0
2020,11,19,19,Thursday,At/near private drive,Not on roadway - left side,SMV other,Dark,Regional municipality,No control,unknown,0,0,0,False,False,False,Clear,0
2020,11,11,15,Wednesday,At intersection,Within intersection,Turning movement,Daylight,Regional municipality,Traffic signal,Functioning,0,0,0,False,False,False,Clear,0
2020,11,10,16,Tuesday,Non intersection,Thru lane,Rear end,Daylight,Regional municipality,No control,unknown,0,0,0,False,False,False,Clear,0
2020,11,11,11,Wednesday,Non intersection,Thru lane,Angle,Daylight,Regional municipality,No control,unknown,0,0,0,False,False,False,Clear,0
2020,11,9,14,Monday,At/near private drive,Off highway,SMV unattended vehicle,Daylight,Municipal (excl. Twp. Rd.),No control,unknown,0,0,0,False,False,False,Clear,0
2020,11,12,19,Thursday,At intersection,Within intersection,Rear end,Dark,Regional municipality,unknown,Functioning,0,1,0,False,False,False,Clear,0
2020,11,13,21,Friday,At/near private drive,Thru lane,SMV unattended vehicle,Dark,Municipal (excl. Twp. Rd.),No control,unknown,0,0,0,False,False,False,Clear,0
2020,7,29,15,Wednesday,Non intersection,Thru lane,SMV unattended vehicle,Daylight,Regional municipality,No control,unknown,0,0,0,False,False,False,Clear,0
2020,11,20,17,Friday,At/near private drive,Thru lane,Other,Dark,Municipal (excl. Twp. Rd.),No control,unknown,0,0,0,False,False,True,Clear,0
2020,11,20,23,Friday,Non intersection,Right shoulder,SMV unattended vehicle,Dark,Municipal (excl. Twp. Rd.),No control,unknown,0,0,0,False,False,False,Clear,0
2020,11,22,11,Sunday,Non intersection,Not on roadway - right side,SMV other,Daylight,Township,No control,unknown,0,0,0,False,False,False,Snow,0
2020,11,22,12,Sunday,Non intersection,Thru lane,SMV unattended vehicle,Daylight,Municipal (excl. Twp. Rd.),No control,unknown,0,0,0,False,False,False,Snow,0
2020,11,22,12,Sunday,Non intersection,Thru lane,Approaching,Daylight,Municipal (excl. Twp. Rd.),No control,unknown,0,0,0,False,False,False,Snow,0
2020,11,22,14,Sunday,Non intersection,Thru lane,SMV other,Daylight,Municipal (excl. Twp. Rd.),No control,unknown,1,0,0,False,False,False,Snow,0
2020,11,22,15,Sunday,Non intersection,Not on roadway - right side,SMV other,Daylight,Township,No control,unknown,0,0,0,False,False,False,Snow,1
2020,11,22,19,Sunday,At intersection,Right turn lane,Angle,"Dark, artificial",Municipal (excl. Twp. Rd.),Stop sign,Functioning,0,0,0,False,False,False,Drifting Snow,0
2020,11,22,21,Sunday,At intersection,Within intersection,Rear end,Dark,Municipal (excl. Twp. Rd.),Traffic signal,Functioning,0,0,0,False,True,False,Snow,1
2020,11,23,17,Monday,At intersection,Within intersection,Rear end,Dark,Regional municipality,Stop sign,Functioning,0,0,0,False,False,False,Clear,0
2020,11,24,0,Tuesday,At intersection,Within intersection,Angle,Dark,Municipal (excl. Twp. Rd.),Stop sign,unknown,0,0,0,False,False,False,Clear,0
2020,11,25,7,Wednesday,Non intersection,Not on roadway - right side,SMV other,Daylight,Township,No control,unknown,0,0,0,False,False,False,Clear,0
2020,11,25,13,Wednesday,Intersection related,Within intersection,Angle,Daylight,Regional municipality,Stop sign,Functioning,0,0,0,False,False,False,Clear,0
2020,3,6,10,Friday,Non intersection,Thru lane,Approaching,Daylight,Municipal (excl. Twp. Rd.),No control,unknown,0,0,0,False,False,False,Clear,0
2020,10,27,13,Tuesday,At/near private drive,Thru lane,SMV unattended vehicle,Daylight,Regional municipality,No control,unknown,0,0,0,False,False,False,Rain,0
2020,10,27,7,Tuesday,Non intersection,Thru lane,SMV other,Dawn,Municipal (excl. Twp. Rd.),No control,unknown,0,0,0,False,False,False,Rain,0
2020,11,25,18,Wednesday,Intersection related,Within intersection,Sideswipe,Dark,Regional municipality,unknown,Functioning,0,0,0,False,False,False,"Fog, mist, smoke, dust",0
2020,11,24,15,Tuesday,Intersection related,Thru lane,Rear end,Daylight,Municipal (excl. Twp. Rd.),Stop sign,Functioning,0,0,0,False,False,False,Clear,0
2020,11,26,17,Thursday,Intersection related,Within intersection,Sideswipe,Dark,Regional municipality,Stop sign,Functioning,0,0,0,False,False,False,Clear,0
2020,11,23,8,Monday,Non intersection,Thru lane,Rear end,Daylight,Regional municipality,No control,unknown,0,0,0,False,False,False,Clear,0
2020,11,27,18,Friday,Non intersection,Thru lane,SMV unattended vehicle,"Dark, artificial",Municipal (excl. Twp. Rd.),No control,unknown,1,0,0,False,False,False,Clear,0
2020,11,27,21,Friday,At intersection,Within intersection,SMV other,Dark,Regional municipality,Traffic signal,unknown,0,0,0,True,False,False,Rain,1
2020,11,28,2,Saturday,At intersection,Within intersection,Angle,"Dark, artificial",Municipal (excl. Twp. Rd.),Stop sign,Functioning,0,0,0,False,False,False,Clear,1
2020,11,28,16,Saturday,Non intersection,Right shoulder,SMV unattended vehicle,Daylight,Municipal (excl. Twp. Rd.),No control,unknown,0,0,0,False,False,False,Clear,0
2020,11,28,18,Saturday,Non intersection,Passing lane,SMV unattended vehicle,Dark,Municipal (excl. Twp. Rd.),No control,unknown,0,0,0,False,False,False,Clear,0
2020,11,29,17,Sunday,Intersection related,Within intersection,Angle,"Dark, artificial",Municipal (excl. Twp. Rd.),Traffic signal,Functioning,0,0,1,False,False,False,Clear,1
2020,11,30,18,Monday,Non intersection,Thru lane,Rear end,Dark,Municipal (excl. Twp. Rd.),No control,unknown,0,0,0,False,False,False,Clear,0
2020,11,2,11,Monday,At intersection,Left turn lane,Sideswipe,Daylight,Regional municipality,Stop sign,Functioning,0,0,0,False,False,False,Clear,0
2020,9,5,13,Saturday,At/near private drive,Thru lane,SMV unattended vehicle,Daylight,Municipal (excl. Twp. Rd.),No control,unknown,0,0,0,False,False,False,Clear,0
2020,10,7,16,Wednesday,Non intersection,Thru lane,Sideswipe,Daylight,Municipal (excl. Twp. Rd.),No control,unknown,0,0,0,False,False,False,Clear,0
2020,11,14,17,Saturday,At/near private drive,Thru lane,Other,Dark,Municipal (excl. Twp. Rd.),No control,unknown,0,0,0,False,False,False,Clear,0
2020,11,30,21,Monday,Intersection related,Other,Angle,Dark,Municipal (excl. Twp. Rd.),Stop sign,Functioning,0,0,0,False,False,False,Snow,0
2020,12,1,0,Tuesday,At intersection,Thru lane,Angle,Dark,Municipal (excl. Twp. Rd.),unknown,Functioning,1,0,0,False,False,False,Snow,0
2020,12,1,9,Tuesday,Non intersection,Not on roadway - right side,SMV other,Daylight,Regional municipality,No control,unknown,0,0,0,False,False,False,Snow,1
2020,12,1,17,Tuesday,Non intersection,Thru lane,SMV unattended vehicle,Dark,Municipal (excl. Twp. Rd.),No control,unknown,0,0,0,False,False,False,Snow,0
2020,12,1,18,Tuesday,Non intersection,Thru lane,Rear end,Dark,Municipal (excl. Twp. Rd.),No control,unknown,0,0,0,False,False,False,Freezing Rain,0
2020,12,1,18,Tuesday,Intersection related,Thru lane,Rear end,Dark,Municipal (excl. Twp. Rd.),unknown,Functioning,0,0,0,False,False,False,Snow,0
2020,10,2,11,Friday,At/near private drive,Thru lane,Angle,Daylight,Municipal (excl. Twp. Rd.),No control,unknown,0,0,0,False,False,False,Clear,0
2020,12,1,22,Tuesday,Non intersection,Left shoulder,SMV other,"Dark, artificial",Municipal (excl. Twp. Rd.),No control,unknown,0,0,0,False,False,False,Snow,0
2020,12,1,22,Tuesday,Non intersection,Thru lane,SMV other,Dark,Municipal (excl. Twp. Rd.),No control,unknown,2,0,0,False,False,False,Snow,0
2020,12,2,13,Wednesday,Non intersection,Left turn lane,Rear end,Daylight,Municipal (excl. Twp. Rd.),No control,unknown,0,0,0,False,False,False,Clear,0
2020,12,2,17,Wednesday,Non intersection,Thru lane,Angle,Dark,Regional municipality,No control,unknown,1,0,0,False,False,False,Clear,1
2020,12,2,17,Wednesday,At intersection,Within intersection,SMV other,Dark,Municipal (excl. Twp. Rd.),Stop sign,Functioning,0,0,0,True,False,False,Clear,1
2020,12,4,16,Friday,Intersection related,Thru lane,SMV unattended vehicle,Dusk,Municipal (excl. Twp. Rd.),Stop sign,Functioning,1,0,0,False,False,False,Clear,0
2020,12,4,18,Friday,At intersection,Within intersection,SMV other,Dark,Municipal (excl. Twp. Rd.),Traffic signal,Functioning,0,0,0,True,False,False,Clear,1
2020,12,5,0,Saturday,Non intersection,Not on roadway - left side,SMV other,Dark,Municipal (excl. Twp. Rd.),No control,unknown,0,0,0,False,False,False,Clear,1
2020,11,27,15,Friday,Non intersection,Thru lane,Other,Daylight,Regional municipality,No control,unknown,0,0,0,False,False,False,Clear,0
2020,12,8,23,Tuesday,At intersection,Within intersection,Angle,"Dark, artificial",Municipal (excl. Twp. Rd.),Stop sign,Functioning,0,0,1,False,False,False,Clear,1
2020,12,9,11,Wednesday,At intersection,Within intersection,SMV other,Daylight,Municipal (excl. Twp. Rd.),Traffic signal,Functioning,0,0,0,True,False,False,Clear,1
2020,12,1,16,Tuesday,Non intersection,Thru lane,SMV other,Dusk,Regional municipality,No control,unknown,0,0,0,False,False,False,Snow,0
2020,12,3,7,Thursday,Non intersection,Thru lane,Rear end,Dawn,Regional municipality,No control,unknown,0,0,0,False,False,False,Clear,0
2020,12,1,17,Tuesday,At intersection,Within intersection,Rear end,Dark,Regional municipality,Stop sign,Functioning,0,0,0,False,False,False,Clear,0
2020,12,1,1,Tuesday,Non intersection,Thru lane,SMV other,Dark,Regional municipality,No control,unknown,0,0,0,False,False,False,Snow,0
2020,12,1,8,Tuesday,At intersection,Thru lane,Rear end,Daylight,Regional municipality,Traffic signal,Functioning,0,0,0,False,False,False,Snow,0
2020,12,1,21,Tuesday,Non intersection,Thru lane,SMV other,Dark,Regional municipality,No control,unknown,0,0,0,False,False,False,Snow,0
2020,11,21,9,Saturday,Non intersection,Thru lane,Sideswipe,Daylight,Municipal (excl. Twp. Rd.),No control,unknown,0,0,0,False,False,False,Clear,0
2020,12,11,8,Friday,At/near private drive,Thru lane,SMV unattended vehicle,Daylight,Municipal (excl. Twp. Rd.),No control,unknown,0,0,0,False,False,False,Clear,0
2020,12,11,20,Friday,At/near private drive,Not on roadway - right side,SMV other,"Dark, artificial",Regional municipality,No control,unknown,0,0,0,False,False,False,Clear,0
2020,12,11,15,Friday,Other,Not on roadway - right side,SMV other,Daylight,Municipal (excl. Twp. Rd.),No control,unknown,0,0,0,False,False,False,Clear,0
2020,12,11,20,Friday,At intersection,Within intersection,Angle,Dark,Municipal (excl. Twp. Rd.),Stop sign,Functioning,0,0,0,False,False,False,Clear,0
2020,12,12,15,Saturday,Non intersection,Not on roadway - right side,SMV other,Daylight,Municipal (excl. Twp. Rd.),No control,unknown,0,0,0,False,False,False,Rain,1
2020,12,12,14,Saturday,Non intersection,Thru lane,Turning movement,Daylight,Municipal (excl. Twp. Rd.),No control,unknown,0,0,0,False,False,False,Rain,0
2020,12,13,15,Sunday,At railway crossing,Not on roadway - right side,SMV other,Daylight,Municipal (excl. Twp. Rd.),No control,unknown,0,0,0,False,False,False,Clear,0
2020,12,15,16,Tuesday,At intersection,Within intersection,Sideswipe,Dusk,Regional municipality,Stop sign,Functioning,0,0,0,False,False,False,Clear,0
2020,12,6,15,Sunday,Non intersection,Thru lane,Other,Daylight,Regional municipality,No control,unknown,0,0,0,False,False,False,Clear,0
2020,12,14,17,Monday,Intersection related,Within intersection,Rear end,Dark,Municipal (excl. Twp. Rd.),unknown,Functioning,0,0,0,False,False,False,Snow,0
2020,12,11,22,Friday,Non intersection,Thru lane,Turning movement,Dark,Regional municipality,No control,unknown,0,0,0,False,False,False,Clear,0
2020,12,11,15,Friday,Non intersection,Thru lane,Sideswipe,Daylight,Municipal (excl. Twp. Rd.),No control,unknown,0,0,0,False,False,False,Clear,0
2020,11,27,19,Friday,At/near private drive,Thru lane,SMV unattended vehicle,Dark,Regional municipality,No control,unknown,0,0,0,False,False,False,Clear,0
2020,12,2,12,Wednesday,At/near private drive,Thru lane,Rear end,Daylight,Regional municipality,No control,unknown,0,0,0,False,False,False,Clear,0
2020,12,16,17,Wednesday,Non intersection,Thru lane,Rear end,Dark,Municipal (excl. Twp. Rd.),No control,unknown,0,0,0,False,False,False,Clear,0
2020,12,16,20,Wednesday,At/near private drive,Off highway,SMV unattended vehicle,Dark,Municipal (excl. Twp. Rd.),No control,unknown,0,0,0,False,False,False,Snow,0
2020,12,17,11,Thursday,Intersection related,Thru lane,Turning movement,Daylight,Regional municipality,Stop sign,unknown,1,0,0,False,False,False,Clear,1
2020,12,17,19,Thursday,At/near private drive,Thru lane,SMV unattended vehicle,Dark,Municipal (excl. Twp. Rd.),No control,unknown,0,0,0,False,False,False,Clear,0
2020,11,30,9,Monday,At/near private drive,Off highway,SMV unattended vehicle,Daylight,Regional municipality,No control,unknown,0,0,0,False,False,False,Clear,0
2020,12,6,12,Sunday,Non intersection,Thru lane,Rear end,Daylight,Municipal (excl. Twp. Rd.),No control,unknown,0,0,0,False,False,False,Clear,0
2020,12,18,9,Friday,At intersection,Within intersection,Angle,Daylight,Regional municipality,Stop sign,Functioning,0,1,0,False,False,False,Clear,0
2020,8,20,14,Thursday,Non intersection,Thru lane,SMV unattended vehicle,Daylight,Municipal (excl. Twp. Rd.),No control,unknown,0,0,0,False,False,False,Clear,0
2020,12,18,15,Friday,At intersection,Within intersection,Angle,Daylight,Regional municipality,Traffic signal,Functioning,0,1,0,False,False,False,Clear,1
2020,12,18,23,Friday,At intersection,Within intersection,Angle,Dark,Municipal (excl. Twp. Rd.),Stop sign,unknown,0,0,0,False,False,False,Clear,0
2020,8,22,12,Saturday,At intersection,Within intersection,Sideswipe,Daylight,Regional municipality,Stop sign,Functioning,0,0,0,False,False,False,Clear,0
2020,8,23,1,Sunday,Non intersection,Thru lane,SMV other,Dark,Regional municipality,No control,unknown,0,0,0,False,False,False,Clear,0
2020,8,7,11,Friday,At/near private drive,Thru lane,Other,Daylight,Regional municipality,No control,unknown,0,0,0,False,False,False,Clear,0
2020,8,7,6,Friday,Non intersection,Thru lane,Other,Daylight,Regional municipality,No control,unknown,0,0,0,False,False,False,Clear,0
2020,8,6,10,Thursday,Intersection related,Within intersection,Sideswipe,Daylight,Municipal (excl. Twp. Rd.),Stop sign,Functioning,0,0,0,False,False,False,Clear,0
2020,12,19,12,Saturday,At/near private drive,Right shoulder,SMV unattended vehicle,Daylight,Township,No control,unknown,0,0,0,False,False,False,Snow,0
2020,12,19,14,Saturday,At intersection,Within intersection,Angle,Daylight,Regional municipality,Stop sign,Functioning,0,0,0,False,False,False,Snow,0
2020,12,19,14,Saturday,At intersection,Thru lane,Rear end,Daylight,Municipal (excl. Twp. Rd.),Stop sign,unknown,1,0,0,False,False,False,Snow,0
2020,8,6,13,Thursday,At/near private drive,Thru lane,SMV unattended vehicle,Daylight,Municipal (excl. Twp. Rd.),No control,unknown,0,0,0,False,False,False,Clear,0
2020,7,26,14,Sunday,Intersection related,Thru lane,Other,Daylight,Regional municipality,Traffic signal,Functioning,0,0,0,False,False,False,Clear,0
2020,7,4,10,Saturday,Non intersection,Thru lane,SMV unattended vehicle,Daylight,Municipal (excl. Twp. Rd.),No control,unknown,0,0,0,False,False,False,Clear,0
2020,7,15,15,Wednesday,At/near private drive,Thru lane,Other,Daylight,Municipal (excl. Twp. Rd.),No control,unknown,0,0,0,False,False,False,Clear,0
2020,6,26,12,Friday,At/near private drive,Thru lane,SMV unattended vehicle,Daylight,Municipal (excl. Twp. Rd.),No control,unknown,0,0,0,False,False,False,Clear,0
2020,6,25,17,Thursday,At/near private drive,Thru lane,Angle,Daylight,Municipal (excl. Twp. Rd.),No control,unknown,0,0,0,False,False,False,Clear,0
2020,6,17,16,Wednesday,At/near private drive,Thru lane,SMV unattended vehicle,Daylight,Municipal (excl. Twp. Rd.),No control,unknown,0,0,0,False,False,False,Clear,0
2020,6,23,7,Tuesday,Intersection related,Thru lane,Rear end,Daylight,Regional municipality,Traffic signal,Functioning,0,0,0,False,False,False,Clear,0
2020,5,13,14,Wednesday,Intersection related,Right turn lane,Rear end,Daylight,Regional municipality,Stop sign,Functioning,0,0,0,False,False,False,Clear,0
2020,4,10,9,Friday,Non intersection,Thru lane,SMV unattended vehicle,Daylight,Municipal (excl. Twp. Rd.),No control,unknown,0,0,0,False,False,False,Clear,0
2020,12,1,16,Tuesday,Intersection related,Thru lane,Angle,Dusk,Regional municipality,Stop sign,unknown,0,0,0,False,False,False,Snow,0
2020,12,2,16,Wednesday,Non intersection,Thru lane,SMV other,Dusk,Municipal (excl. Twp. Rd.),No control,unknown,0,0,0,False,False,False,Clear,0
2020,12,15,11,Tuesday,At/near private drive,Thru lane,SMV unattended vehicle,Daylight,Municipal (excl. Twp. Rd.),No control,unknown,0,0,0,False,False,False,Clear,0
2020,12,21,16,Monday,Non intersection,Thru lane,SMV unattended vehicle,Dusk,Regional municipality,No control,unknown,0,0,0,False,False,False,Clear,0
2020,12,23,14,Wednesday,At/near private drive,Thru lane,Other,Daylight,Municipal (excl. Twp. Rd.),No control,unknown,0,0,0,False,False,False,Clear,0
2020,12,23,16,Wednesday,At/near private drive,Not on roadway - right side,SMV other,Dusk,Municipal (excl. Twp. Rd.),No control,unknown,0,0,0,False,False,False,Clear,0
2020,12,22,10,Tuesday,Non intersection,Thru lane,Sideswipe,Daylight,Municipal (excl. Twp. Rd.),No control,unknown,0,0,0,False,False,False,Clear,0
2020,12,6,18,Sunday,Non intersection,Thru lane,SMV unattended vehicle,Dark,Municipal (excl. Twp. Rd.),No control,unknown,0,0,0,False,False,False,Clear,0
2020,12,24,20,Thursday,At intersection,Within intersection,Turning movement,Dark,Municipal (excl. Twp. Rd.),Traffic signal,Functioning,0,0,0,False,False,False,Snow,0
2020,12,24,18,Thursday,Intersection related,Within intersection,SMV other,Dark,Municipal (excl. Twp. Rd.),Stop sign,Functioning,0,0,0,False,False,False,Snow,0
2020,12,24,18,Thursday,At intersection,Not on roadway - right side,SMV other,"Dark, artificial",Municipal (excl. Twp. Rd.),Stop sign,Functioning,0,0,0,False,False,False,Snow,0
2020,12,24,18,Thursday,Non intersection,Not on roadway - right side,SMV unattended vehicle,Dark,Municipal (excl. Twp. Rd.),No control,unknown,0,0,0,False,False,False,Snow,0
2020,12,25,13,Friday,Non intersection,Not on roadway - right side,SMV other,"Daylight, artificial",Municipal (excl. Twp. Rd.),No control,unknown,0,0,0,False,False,False,Snow,0
2020,12,26,23,Saturday,Other,Off highway,SMV other,"Dark, artificial",Municipal (excl. Twp. Rd.),No control,unknown,0,0,0,False,False,False,Clear,0
2020,12,25,10,Friday,At/near private drive,Thru lane,SMV unattended vehicle,Daylight,Municipal (excl. Twp. Rd.),No control,unknown,0,0,0,False,False,False,Snow,0
2020,12,25,20,Friday,Intersection related,Thru lane,SMV other,Dark,Municipal (excl. Twp. Rd.),Stop sign,unknown,0,0,0,False,False,False,Clear,0
2020,12,27,15,Sunday,Non intersection,Thru lane,SMV unattended vehicle,Daylight,Regional municipality,No control,unknown,0,0,0,False,False,False,Clear,0
2020,12,27,16,Sunday,Intersection related,Off highway,SMV other,Dusk,Municipal (excl. Twp. Rd.),Stop sign,Functioning,0,0,0,False,False,False,Clear,0
2020,12,28,11,Monday,At intersection,Within intersection,Angle,Daylight,Regional municipality,Traffic signal,Functioning,0,0,0,False,False,False,Clear,0
2020,12,28,14,Monday,Non intersection,Thru lane,Angle,Daylight,Regional municipality,No control,unknown,0,0,0,False,False,False,Drifting Snow,0
2020,12,28,20,Monday,Non intersection,Thru lane,Approaching,"Dark, artificial",Regional municipality,No control,unknown,1,0,0,False,False,False,Clear,0
2020,12,25,10,Friday,At/near private drive,Thru lane,SMV unattended vehicle,Daylight,Municipal (excl. Twp. Rd.),No control,unknown,0,0,0,False,False,False,Clear,0
2020,12,27,17,Sunday,Non intersection,Thru lane,Turning movement,Dark,Regional municipality,No control,unknown,0,0,0,False,False,False,Clear,0
2020,12,29,13,Tuesday,At/near private drive,Thru lane,Angle,Daylight,Municipal (excl. Twp. Rd.),No control,unknown,0,0,0,False,False,False,Clear,0
2020,12,24,14,Thursday,Non intersection,Thru lane,Approaching,Daylight,Municipal (excl. Twp. Rd.),No control,unknown,0,0,0,False,False,False,Snow,0
2020,12,30,23,Wednesday,At/near private drive,Not on roadway - left side,SMV other,"Dark, artificial",Township,No control,unknown,0,0,0,False,False,False,Clear,0
2020,12,31,18,Thursday,Non intersection,Thru lane,SMV unattended vehicle,Dark,Municipal (excl. Twp. Rd.),No control,unknown,0,0,0,False,False,False,Clear,0
2020,12,31,20,Thursday,Intersection related,Thru lane,Sideswipe,Dark,Regional municipality,unknown,Functioning,0,0,0,False,False,False,Clear,0
2020,2,19,12,Wednesday,Non intersection,Thru lane,Rear end,Daylight,Municipal (excl. Twp. Rd.),No control,unknown,0,0,0,False,False,False,Clear,0
2020,6,12,11,Friday,Non intersection,Thru lane,SMV unattended vehicle,Daylight,Municipal (excl. Twp. Rd.),No control,unknown,0,0,0,False,False,False,Clear,0
2020,2,29,8,Saturday,At/near private drive,Thru lane,Other,Daylight,Municipal (excl. Twp. Rd.),No control,unknown,0,0,0,False,False,False,Clear,0
2020,1,8,21,Wednesday,Intersection related,Thru lane,Sideswipe,Dark,Regional municipality,Stop sign,unknown,0,0,0,False,False,False,Clear,0
2020,11,12,20,Thursday,Non intersection,Thru lane,SMV unattended vehicle,Dark,Municipal (excl. Twp. Rd.),No control,unknown,0,0,0,False,False,False,Clear,0
2021,1,1,1,Friday,Non intersection,Right shoulder,SMV unattended vehicle,Dark,Municipal (excl. Twp. Rd.),No control,unknown,0,0,0,False,False,False,Clear,0
2021,1,1,8,Friday,At intersection,Within intersection,Angle,Daylight,Municipal (excl. Twp. Rd.),unknown,Functioning,0,0,1,False,False,False,Clear,1
2021,1,1,19,Friday,At/near private drive,Not on roadway - right side,SMV other,"Dark, artificial",Municipal (excl. Twp. Rd.),No control,unknown,0,0,0,False,False,False,Snow,0
2021,1,1,21,Friday,At/near private drive,Thru lane,SMV unattended vehicle,Dark,Municipal (excl. Twp. Rd.),No control,unknown,1,0,0,False,False,False,Freezing Rain,0
2021,1,2,15,Saturday,Intersection related,Thru lane,Turning movement,Daylight,Municipal (excl. Twp. Rd.),unknown,Functioning,0,0,0,False,False,False,Clear,0
2020,11,22,9,Sunday,Non intersection,Thru lane,Rear end,Daylight,Municipal (excl. Twp. Rd.),No control,unknown,0,0,0,False,False,False,Snow,0
2020,11,22,17,Sunday,Intersection related,Within intersection,Angle,Dusk,Municipal (excl. Twp. Rd.),Stop sign,unknown,0,0,0,False,False,False,Snow,0
2020,11,22,14,Sunday,At intersection,Within intersection,Rear end,Daylight,Municipal (excl. Twp. Rd.),unknown,Functioning,0,0,0,False,False,False,Snow,0
2021,1,6,16,Wednesday,At intersection,Within intersection,Angle,Daylight,Municipal (excl. Twp. Rd.),unknown,Functioning,0,0,0,False,False,False,Clear,1
2020,12,10,7,Thursday,Intersection related,Thru lane,Rear end,Dawn,Municipal (excl. Twp. Rd.),Stop sign,Functioning,0,0,0,False,False,False,Clear,0
2020,12,11,10,Friday,Intersection related,Thru lane,Sideswipe,Daylight,Municipal (excl. Twp. Rd.),Traffic signal,Functioning,0,0,0,False,False,False,Clear,0
2020,11,6,12,Friday,Non intersection,Thru lane,SMV unattended vehicle,Daylight,Regional municipality,No control,unknown,0,0,0,False,False,False,Clear,0