ACCIDENT_YEAR,ACCIDENT_MONTH,ACCIDENT_DAY,ACCIDENT_HOUR,ACCIDENT_WEEKDAY,ACCIDENTLOCATION,IMPACTLOCATION,INITIALIMPACTTYPE,LIGHT,ROADJURISDICTION,TRAFFICCONTROL,TRAFFICCONTROLCONDITION,THRULANENO,NORTHBOUNDDISOBEYCOUNT,SOUTHBOUNDDISOBEYCOUNT,PEDESTRIANINVOLVED,CYCLISTINVOLVED,MOTORCYCLISTINVOLVED,ENVIRONMENTCONDITION1,injury
2021,3,22,17,Monday,Non intersection,Thru lane,Other,Daylight,Municipal (excl. Twp. Rd.),No control,unknown,0,0,0,False,False,False,Clear,0
2021,3,23,15,Tuesday,Non intersection,Thru lane,SMV unattended vehicle,Daylight,Municipal (excl. Twp. Rd.),No control,unknown,0,0,0,False,False,False,Clear,0
2021,3,20,19,Saturday,Non intersection,Thru lane,SMV other,Dusk,Regional municipality,No control,unknown,0,0,0,False,False,False,Clear,0
2021,3,15,16,Monday,Intersection related,Right turn lane,Rear end,Daylight,Municipal (excl. Twp. Rd.),unknown,Functioning,0,0,0,False,False,False,Clear,0
2021,3,25,11,Thursday,At intersection,Within intersection,Angle,Daylight,Municipal (excl. Twp. Rd.),unknown,Functioning,0,0,0,False,False,False,Clear,0
2021,3,25,11,Thursday,Intersection related,Thru lane,Other,Daylight,Municipal (excl. Twp. Rd.),unknown,Functioning,0,0,0,False,False,False,Clear,0
2021,3,24,10,Wednesday,At/near private drive,Thru lane,Angle,Daylight,Municipal (excl. Twp. Rd.),No control,unknown,1,0,0,False,False,False,Clear,0
2021,3,25,14,Thursday,Non intersection,Right shoulder,SMV unattended vehicle,Daylight,Municipal (excl. Twp. Rd.),No control,unknown,0,0,0,False,False,False,Clear,0
2021,3,25,22,Thursday,Non intersection,Thru lane,Approaching,"Dark, artificial",Municipal (excl. Twp. Rd.),No control,unknown,3,0,0,False,True,False,Clear,1
2021,3,26,22,Friday,Non intersection,Right shoulder,SMV unattended vehicle,Dark,Municipal (excl. Twp. Rd.),No control,unknown,0,0,0,False,False,False,Clear,0
2021,3,27,11,Saturday,Non intersection,Thru lane,Rear end,Daylight,Regional municipality,No control,unknown,0,0,0,False,False,False,Clear,0
2021,3,18,17,Thursday,At/near private drive,Off highway,SMV unattended vehicle,Daylight,Municipal (excl. Twp. Rd.),No control,unknown,0,0,0,False,False,False,Clear,0
2021,3,28,14,Sunday,At/near private drive,Thru lane,Other,Daylight,Municipal (excl. Twp. Rd.),No control,unknown,0,0,0,False,False,False,Clear,0
2021,3,30,9,Tuesday,At/near private drive,Left turn lane,Angle,Daylight,Municipal (excl. Twp. Rd.),No control,unknown,0,0,0,False,False,False,Clear,1
2021,3,30,13,Tuesday,At intersection,Within intersection,Angle,Daylight,Municipal (excl. Twp. Rd.),unknown,Functioning,0,0,0,False,False,False,Clear,0
2021,4,1,14,Thursday,Non intersection,Thru lane,Sideswipe,Daylight,Municipal (excl. Twp. Rd.),No control,unknown,0,0,0,False,False,False,Clear,0
2021,4,2,5,Friday,Non intersection,Right shoulder,SMV unattended vehicle,"Dark, artificial",Municipal (excl. Twp. Rd.),No control,unknown,0,0,0,False,False,False,Clear,0
2021,3,31,16,Wednesday,Intersection related,Thru lane,Rear end,Daylight,Regional municipality,unknown,Functioning,0,0,0,False,False,False,Clear,0
2021,4,1,12,Thursday,Non intersection,Thru lane,SMV unattended vehicle,Daylight,Regional municipality,No control,unknown,0,0,0,False,False,False,Clear,0
2021,4,2,18,Friday,At/near private drive,Thru lane,Other,Daylight,Municipal (excl. Twp. Rd.),No control,unknown,0,0,0,False,False,False,Clear,0
2021,4,3,3,Saturday,Intersection related,Not on roadway - right side,SMV other,Dark,Municipal (excl. Twp. Rd.),unknown,unknown,0,0,0,False,False,False,Clear,0
2021,4,3,11,Saturday,Non intersection,Thru lane,Angle,Daylight,Regional municipality,No control,unknown,0,0,0,False,False,False,Clear,0
2021,4,3,15,Saturday,Intersection related,Thru lane,Rear end,Daylight,Municipal (excl. Twp. Rd.),unknown,Functioning,0,0,0,False,False,False,Clear,0
2021,4,3,16,Saturday,Intersection related,Within intersection,Other,Daylight,Municipal (excl. Twp. Rd.),unknown,Functioning,0,0,0,False,False,False,Clear,1
2021,4,4,15,Sunday,Non intersection,Thru lane,Sideswipe,Daylight,Municipal (excl. Twp. Rd.),No control,unknown,0,0,0,False,False,False,Clear,0
2021,4,4,12,Sunday,Non intersection,Thru lane,SMV unattended vehicle,Daylight,Municipal (excl. Twp. Rd.),No control,unknown,0,0,0,False,False,False,Clear,0
2021,3,25,16,Thursday,Intersection related,Thru lane,Rear end,Daylight,Regional municipality,unknown,Functioning,0,0,0,False,False,False,Clear,0
2021,4,7,8,Wednesday,At/near private drive,Thru lane,SMV unattended vehicle,Daylight,Municipal (excl. Twp. Rd.),No control,unknown,0,0,0,False,False,False,Clear,0
2021,4,2,10,Friday,Non intersection,Thru lane,SMV unattended vehicle,Daylight,Municipal (excl. Twp. Rd.),No control,unknown,0,0,0,False,False,False,Clear,0
2021,4,2,11,Friday,At/near private drive,Thru lane,SMV unattended vehicle,Daylight,Municipal (excl. Twp. Rd.),No control,unknown,0,0,0,False,False,False,Clear,0
2021,4,7,6,Wednesday,Non intersection,Off highway,SMV other,Dawn,Municipal (excl. Twp. Rd.),No control,unknown,0,0,0,False,False,False,Clear,0
2021,3,22,8,Monday,Intersection related,Thru lane,Sideswipe,Daylight,Regional municipality,unknown,unknown,0,0,0,False,False,False,Clear,0
2021,3,20,9,Saturday,At/near private drive,Thru lane,Other,Daylight,Municipal (excl. Twp. Rd.),No control,unknown,0,0,0,False,False,False,Clear,0
2021,4,7,14,Wednesday,At/near private drive,Thru lane,Turning movement,Daylight,Regional municipality,No control,unknown,1,0,0,False,False,False,Clear,0
2021,4,1,7,Thursday,At/near private drive,Thru lane,SMV unattended vehicle,Daylight,Municipal (excl. Twp. Rd.),No control,unknown,0,0,0,False,False,False,Clear,0
2021,4,7,18,Wednesday,Intersection related,Within intersection,Angle,Daylight,Municipal (excl. Twp. Rd.),unknown,Functioning,0,0,0,False,True,False,Clear,0
2021,4,3,17,Saturday,At/near private drive,Thru lane,SMV unattended vehicle,Daylight,Municipal (excl. Twp. Rd.),No control,unknown,0,0,0,False,True,False,Clear,0
2021,3,28,20,Sunday,At/near private drive,Thru lane,SMV unattended vehicle,Dark,Municipal (excl. Twp. Rd.),No control,unknown,0,0,0,False,False,False,Clear,0
2021,4,7,16,Wednesday,Non intersection,Thru lane,Rear end,Daylight,Municipal (excl. Twp. Rd.),No control,unknown,0,0,0,False,False,False,Clear,0
2021,4,7,13,Wednesday,At/near private drive,Thru lane,SMV unattended vehicle,Daylight,Municipal (excl. Twp. Rd.),No control,unknown,0,0,0,False,False,False,Clear,0
2021,4,10,15,Saturday,Non intersection,Thru lane,SMV other,Daylight,Regional municipality,No control,unknown,1,0,0,False,False,True,Clear,1
2021,4,11,0,Sunday,Non intersection,Left shoulder,SMV other,Dark,Municipal (excl. Twp. Rd.),No control,unknown,0,0,0,False,False,False,Clear,0
2021,4,12,1,Monday,At/near private drive,Thru lane,SMV unattended vehicle,Dark,Municipal (excl. Twp. Rd.),No control,unknown,1,0,0,False,False,False,Clear,0
2021,4,12,15,Monday,Intersection related,Left turn lane,Approaching,Daylight,Regional municipality,unknown,Functioning,0,0,0,False,False,False,Clear,0
2021,4,14,7,Wednesday,At/near private drive,Thru lane,Other,Daylight,Municipal (excl. Twp. Rd.),No control,unknown,1,0,0,False,False,False,Clear,0
2021,4,1,15,Thursday,At intersection,Thru lane,Rear end,Daylight,Regional municipality,unknown,Functioning,0,0,0,False,False,False,Clear,0
2021,2,23,8,Tuesday,Non intersection,Thru lane,Sideswipe,"Daylight, artificial",Municipal (excl. Twp. Rd.),No control,unknown,0,0,0,False,False,False,Clear,0
2021,4,10,23,Saturday,Non intersection,Thru lane,SMV other,Dark,Municipal (excl. Twp. Rd.),No control,unknown,0,0,0,False,False,False,Clear,0
2021,4,13,8,Tuesday,At/near private drive,Off highway,SMV unattended vehicle,Daylight,Municipal (excl. Twp. Rd.),No control,unknown,0,0,0,False,False,False,Clear,0
2021,4,16,16,Friday,Non intersection,Thru lane,Sideswipe,Daylight,Regional municipality,No control,unknown,0,0,0,False,False,False,Clear,0
2021,4,16,16,Friday,Non intersection,Not on roadway - right side,SMV other,Daylight,Municipal (excl. Twp. Rd.),No control,unknown,0,0,0,False,False,False,Clear,0
2021,4,16,19,Friday,Non intersection,Not on roadway - right side,SMV other,Daylight,Municipal (excl. Twp. Rd.),No control,unknown,0,0,0,False,False,False,Clear,0
2021,4,19,17,Monday,Intersection related,Within intersection,Angle,Daylight,Municipal (excl. Twp. Rd.),unknown,Functioning,0,0,0,False,False,False,Rain,0
2021,3,1,19,Monday,At/near private drive,Off highway,SMV unattended vehicle,Dark,Municipal (excl. Twp. Rd.),No control,unknown,0,0,0,False,False,False,Clear,0
2021,4,19,7,Monday,Non intersection,Thru lane,Sideswipe,Daylight,Regional municipality,No control,unknown,0,0,0,False,False,False,Clear,0
2021,4,20,12,Tuesday,Non intersection,Thru lane,Approaching,Daylight,Municipal (excl. Twp. Rd.),No control,unknown,1,0,0,False,False,False,Clear,0
2021,4,20,10,Tuesday,At/near private drive,Off highway,SMV unattended vehicle,Daylight,Municipal (excl. Twp. Rd.),No control,unknown,0,0,0,False,False,False,Clear,0
2021,4,20,16,Tuesday,Intersection related,Within intersection,Angle,Daylight,Municipal (excl. Twp. Rd.),unknown,Functioning,0,0,0,False,False,False,Clear,0
2021,4,21,5,Wednesday,Non intersection,Right shoulder,SMV other,"Dawn, artificial",Municipal (excl. Twp. Rd.),No control,unknown,0,0,0,False,False,False,Snow,0
2021,4,21,23,Wednesday,Intersection related,Not on roadway - left side,SMV other,Dark,Municipal (excl. Twp. Rd.),unknown,unknown,0,0,0,False,False,False,Clear,0
2021,4,22,12,Thursday,Non intersection,Off highway,SMV other,Daylight,Municipal (excl. Twp. Rd.),No control,unknown,0,0,0,False,False,False,Snow,0
2021,4,23,19,Friday,Non intersection,Right shoulder,SMV unattended vehicle,Daylight,Municipal (excl. Twp. Rd.),No control,unknown,0,0,0,False,False,False,Clear,0
2021,4,24,11,Saturday,Non intersection,Thru lane,Rear end,Daylight,Municipal (excl. Twp. Rd.),No control,unknown,0,0,0,False,False,False,Clear,0
2021,4,28,7,Wednesday,At intersection,Within intersection,Angle,Daylight,Municipal (excl. Twp. Rd.),unknown,Functioning,0,1,0,False,False,False,Clear,0
2021,4,23,17,Friday,At/near private drive,Thru lane,SMV other,Daylight,Municipal (excl. Twp. Rd.),No control,unknown,0,0,0,False,False,False,Clear,0
2021,4,29,7,Thursday,At/near private drive,Right shoulder,SMV other,Daylight,Municipal (excl. Twp. Rd.),No control,unknown,0,0,0,False,False,False,Clear,0
2021,4,29,8,Thursday,Other,Not on roadway - right side,SMV other,Daylight,Municipal (excl. Twp. Rd.),No control,unknown,0,0,0,False,False,False,Clear,0
2021,4,29,22,Thursday,At intersection,Within intersection,Angle,Dark,Regional municipality,unknown,Functioning,0,0,0,False,False,False,Clear,1
2021,5,1,8,Saturday,Non intersection,Right shoulder,SMV unattended vehicle,Daylight,Municipal (excl. Twp. Rd.),No control,unknown,0,0,0,False,False,False,Clear,0
2021,5,2,12,Sunday,At/near private drive,Thru lane,Sideswipe,Daylight,Municipal (excl. Twp. Rd.),No control,unknown,1,0,0,False,False,False,Clear,0
2021,5,3,1,Monday,Non intersection,Thru lane,SMV unattended vehicle,Dark,Municipal (excl. Twp. Rd.),No control,unknown,1,0,0,False,False,False,Clear,0
2021,5,3,11,Monday,At intersection,Within intersection,Approaching,Daylight,Municipal (excl. Twp. Rd.),unknown,Functioning,0,0,0,False,False,False,Rain,0
2021,5,3,19,Monday,Non intersection,Thru lane,SMV other,Unknown,Municipal (excl. Twp. Rd.),No control,unknown,0,0,0,False,False,False,Clear,0
2021,5,5,7,Wednesday,Non intersection,Right shoulder,SMV unattended vehicle,Daylight,Municipal (excl. Twp. Rd.),No control,unknown,0,0,0,False,False,False,Clear,0
2021,5,6,11,Thursday,At/near private drive,Not on roadway - right side,SMV other,Daylight,Municipal (excl. Twp. Rd.),No control,unknown,0,0,0,False,False,False,Clear,0
2021,5,6,12,Thursday,Intersection related,Thru lane,Rear end,Daylight,Regional municipality,Stop sign,Functioning,1,0,0,False,False,False,Clear,1
2021,5,7,9,Friday,Non intersection,Thru lane,SMV other,Daylight,Regional municipality,No control,unknown,1,0,0,False,False,False,Clear,0
2021,5,7,15,Friday,Intersection related,Off highway,SMV other,Daylight,Municipal (excl. Twp. Rd.),unknown,Functioning,0,0,0,False,False,False,Clear,0
2021,5,8,21,Saturday,Intersection related,Thru lane,Turning movement,Dark,Municipal (excl. Twp. Rd.),unknown,Not applicable,0,0,0,False,False,False,Clear,0
2021,5,9,6,Sunday,At/near private drive,Thru lane,SMV unattended vehicle,Daylight,Municipal (excl. Twp. Rd.),No control,unknown,1,0,0,False,False,False,Clear,0
2021,5,9,20,Sunday,Non intersection,Other,Turning movement,Dark,Municipal (excl. Twp. Rd.),No control,unknown,0,0,0,False,False,False,Clear,1
2021,5,10,18,Monday,Intersection related,Thru lane,SMV unattended vehicle,Daylight,Municipal (excl. Twp. Rd.),unknown,unknown,1,0,0,False,False,False,Clear,0
2021,5,8,11,Saturday,Non intersection,Thru lane,SMV unattended vehicle,Daylight,Municipal (excl. Twp. Rd.),No control,unknown,0,0,0,False,False,False,Clear,0
2021,5,13,13,Thursday,Non intersection,Thru lane,Approaching,Daylight,Municipal (excl. Twp. Rd.),No control,unknown,0,0,0,False,False,False,Clear,0
2021,5,13,13,Thursday,Intersection related,Thru lane,Turning movement,Daylight,Regional municipality,unknown,Functioning,0,0,0,False,False,False,Clear,0
2021,5,13,14,Thursday,Non intersection,Thru lane,Sideswipe,Daylight,Municipal (excl. Twp. Rd.),No control,unknown,0,0,0,False,False,False,Clear,0
2021,5,14,11,Friday,At/near private drive,Thru lane,SMV unattended vehicle,Daylight,Municipal (excl. Twp. Rd.),No control,unknown,0,0,0,False,False,False,Clear,0
2021,5,16,3,Sunday,At/near private drive,Left shoulder,SMV other,Dark,Regional municipality,No control,unknown,0,0,0,False,False,False,Clear,0
2021,5,16,9,Sunday,At intersection,Within intersection,Angle,Daylight,Municipal (excl. Twp. Rd.),unknown,Functioning,0,0,0,False,False,True,Clear,1
2021,5,16,22,Sunday,Non intersection,Right shoulder,SMV unattended vehicle,Dark,Municipal (excl. Twp. Rd.),No control,unknown,0,0,0,False,False,False,Clear,0
2021,5,17,13,Monday,Non intersection,Not on roadway - left side,SMV other,Daylight,Regional municipality,No control,unknown,0,0,0,False,False,False,Clear,1
2021,5,16,15,Sunday,At/near private drive,Thru lane,SMV unattended vehicle,Daylight,Municipal (excl. Twp. Rd.),No control,unknown,0,0,0,False,False,False,Clear,0
2021,5,10,17,Monday,Intersection related,Within intersection,Angle,Daylight,Municipal (excl. Twp. Rd.),unknown,Functioning,0,0,0,False,False,False,Clear,0
2021,5,18,16,Tuesday,Non intersection,Thru lane,Angle,Daylight,Municipal (excl. Twp. Rd.),No control,unknown,1,0,0,False,False,False,Clear,0
2021,5,19,12,Wednesday,Non intersection,Right shoulder,SMV other,Daylight,Municipal (excl. Twp. Rd.),No control,unknown,0,0,0,False,False,False,Clear,0
2021,5,20,7,Thursday,Non intersection,Thru lane,SMV other,Daylight,Municipal (excl. Twp. Rd.),No control,unknown,1,0,0,False,False,True,Clear,1
2021,5,20,10,Thursday,Intersection related,Thru lane,Rear end,Daylight,Regional municipality,unknown,Functioning,1,0,0,False,False,False,Clear,0
2021,5,20,18,Thursday,Non intersection,Thru lane,SMV unattended vehicle,Daylight,Municipal (excl. Twp. Rd.),No control,unknown,0,0,0,False,False,False,Clear,0
2021,5,21,21,Friday,Intersection related,Within intersection,SMV other,Dark,Municipal (excl. Twp. Rd.),unknown,Functioning,0,0,0,True,False,False,Clear,0
2021,5,22,12,Saturday,Other,Off highway,SMV unattended vehicle,Daylight,Municipal (excl. Twp. Rd.),No control,unknown,0,0,0,False,False,False,Clear,0
2021,5,23,15,Sunday,Non intersection,Thru lane,Sideswipe,Daylight,Municipal (excl. Twp. Rd.),No control,unknown,0,0,0,False,False,False,Clear,0
2021,5,23,14,Sunday,Non intersection,Thru lane,Turning movement,Daylight,Municipal (excl. Twp. Rd.),No control,unknown,0,0,0,False,False,False,Clear,0
2021,5,25,13,Tuesday,Non intersection,Thru lane,SMV unattended vehicle,Daylight,Municipal (excl. Twp. Rd.),No control,unknown,0,0,0,False,False,False,Clear,0
2021,5,11,16,Tuesday,Intersection related,Left turn lane,Rear end,Daylight,Municipal (excl. Twp. Rd.),unknown,Functioning,0,0,0,False,False,False,Clear,0
2021,4,13,21,Tuesday,Non intersection,Thru lane,Sideswipe,Dark,Municipal (excl. Twp. Rd.),No control,unknown,0,0,0,False,False,False,Clear,0
2021,5,26,16,Wednesday,Intersection related,Within intersection,Angle,Daylight,Municipal (excl. Twp. Rd.),unknown,Functioning,0,0,0,False,False,False,Clear,0
2021,5,29,13,Saturday,Non intersection,Thru lane,Other,Daylight,Municipal (excl. Twp. Rd.),No control,unknown,0,0,0,False,False,False,Rain,0
2021,5,28,15,Friday,Intersection related,Within intersection,Turning movement,Daylight,Municipal (excl. Twp. Rd.),unknown,Functioning,0,0,0,False,False,False,Rain,0
2021,5,29,2,Saturday,Non intersection,Right shoulder,SMV unattended vehicle,"Dark, artificial",Municipal (excl. Twp. Rd.),No control,unknown,0,0,0,False,False,False,Clear,0
2021,5,29,10,Saturday,At intersection,Right shoulder,SMV unattended vehicle,Daylight,Regional municipality,unknown,Functioning,0,0,0,False,False,False,Clear,0
2021,5,29,15,Saturday,Intersection related,Thru lane,Rear end,Daylight,Municipal (excl. Twp. Rd.),unknown,Functioning,0,0,0,False,False,False,Clear,0
2021,5,31,19,Monday,Intersection related,Thru lane,Angle,Daylight,Municipal (excl. Twp. Rd.),unknown,Functioning,0,0,0,False,False,False,Clear,0
2021,5,28,18,Friday,Non intersection,Thru lane,SMV other,Daylight,Municipal (excl. Twp. Rd.),No control,unknown,0,0,0,False,False,False,Clear,0
2021,6,1,15,Tuesday,At/near private drive,Thru lane,Turning movement,Daylight,Regional municipality,No control,unknown,0,0,0,False,False,False,Clear,0
2021,5,28,11,Friday,Non intersection,Thru lane,Rear end,Daylight,Municipal (excl. Twp. Rd.),No control,unknown,0,0,0,False,False,False,Rain,0
2021,5,29,12,Saturday,Non intersection,Thru lane,SMV unattended vehicle,Daylight,Municipal (excl. Twp. Rd.),No control,unknown,0,0,0,False,False,False,Clear,0
2021,5,30,5,Sunday,At/near private drive,Off highway,SMV unattended vehicle,Unknown,Municipal (excl. Twp. Rd.),No control,unknown,0,0,0,False,False,False,Clear,0
2021,6,3,15,Thursday,Intersection related,Thru lane,Angle,Daylight,Municipal (excl. Twp. Rd.),unknown,Functioning,1,0,0,False,False,False,Clear,1
2021,6,3,17,Thursday,Non intersection,Thru lane,SMV unattended vehicle,Daylight,Municipal (excl. Twp. Rd.),No control,unknown,1,0,0,False,False,False,Clear,0
2021,6,4,6,Friday,At intersection,Within intersection,Turning movement,Daylight,Municipal (excl. Twp. Rd.),unknown,unknown,0,0,0,False,True,False,Clear,1
2021,6,4,12,Friday,Non intersection,Thru lane,Angle,Daylight,Municipal (excl. Twp. Rd.),No control,unknown,0,0,0,False,False,False,Clear,0
2021,6,4,12,Friday,Non intersection,Thru lane,Rear end,Daylight,Regional municipality,No control,unknown,0,0,0,False,False,False,Clear,0
2021,6,4,18,Friday,Non intersection,Thru lane,Rear end,Daylight,Municipal (excl. Twp. Rd.),No control,unknown,1,0,0,False,True,False,Clear,0
2021,6,5,20,Saturday,Overpass or bridge,Right shoulder,SMV other,Daylight,Regional municipality,No control,unknown,0,0,0,False,False,False,Clear,0
2021,6,6,14,Sunday,Non intersection,Thru lane,SMV unattended vehicle,Daylight,Municipal (excl. Twp. Rd.),No control,unknown,0,0,0,False,False,False,Clear,0
2021,6,7,10,Monday,At/near private drive,Off highway,SMV other,Daylight,Municipal (excl. Twp. Rd.),No control,unknown,0,0,0,False,False,False,Clear,0
2021,5,31,18,Monday,Non intersection,Thru lane,SMV unattended vehicle,Daylight,Municipal (excl. Twp. Rd.),No control,unknown,0,0,0,False,False,False,Clear,0
2021,6,8,14,Tuesday,At/near private drive,Off highway,SMV other,Daylight,Municipal (excl. Twp. Rd.),No control,unknown,0,0,0,False,False,False,Clear,0
2021,6,9,17,Wednesday,Non intersection,Thru lane,Turning movement,Daylight,Regional municipality,No control,unknown,0,0,0,False,False,False,Clear,0
2021,6,2,17,Wednesday,Non intersection,Thru lane,SMV unattended vehicle,Daylight,Municipal (excl. Twp. Rd.),No control,unknown,0,0,0,False,False,False,Clear,0
2021,6,5,22,Saturday,Non intersection,Thru lane,SMV unattended vehicle,Dark,Municipal (excl. Twp. Rd.),No control,unknown,0,0,0,False,False,False,Clear,0
2021,6,10,16,Thursday,Non intersection,Not on roadway - left side,SMV other,Daylight,Municipal (excl. Twp. Rd.),No control,unknown,0,0,0,False,False,False,Clear,0
2021,6,11,6,Friday,At intersection,Within intersection,Turning movement,Daylight,Municipal (excl. Twp. Rd.),unknown,Functioning,0,0,0,False,True,False,Clear,1
2021,6,11,8,Friday,Non intersection,Right shoulder,SMV unattended vehicle,Daylight,Regional municipality,No control,unknown,0,0,0,False,False,False,Clear,0
2021,5,31,5,Monday,At/near private drive,Thru lane,SMV unattended vehicle,Dark,Municipal (excl. Twp. Rd.),No control,unknown,0,0,0,False,False,False,Clear,0
2021,6,10,8,Thursday,Intersection related,Within intersection,Angle,Daylight,Municipal (excl. Twp. Rd.),unknown,unknown,0,0,0,False,False,False,Clear,0
2021,6,10,7,Thursday,Non intersection,Thru lane,SMV unattended vehicle,Daylight,Municipal (excl. Twp. Rd.),No control,unknown,0,0,0,False,False,False,Clear,0
2021,6,15,13,Tuesday,Non intersection,Thru lane,SMV unattended vehicle,Daylight,Municipal (excl. Twp. Rd.),No control,unknown,0,0,0,False,False,False,Clear,0
2021,6,15,21,Tuesday,Non intersection,Thru lane,SMV other,Dark,unknown,No control,unknown,2,0,0,True,False,False,Clear,1
2021,6,13,9,Sunday,At/near private drive,Thru lane,SMV unattended vehicle,Daylight,Municipal (excl. Twp. Rd.),No control,unknown,0,0,0,False,False,False,Clear,0
2021,6,17,17,Thursday,At/near private drive,Thru lane,SMV unattended vehicle,Daylight,Municipal (excl. Twp. Rd.),No control,unknown,0,0,0,False,False,False,Clear,0
2021,6,18,9,Friday,At intersection,Within intersection,SMV other,Daylight,Regional municipality,unknown,Functioning,0,0,0,True,False,False,Rain,1
2021,6,13,23,Sunday,Non intersection,Thru lane,SMV other,Dark,Regional municipality,No control,unknown,0,0,0,False,False,False,Clear,0
2021,6,14,9,Monday,Intersection related,Thru lane,Rear end,Daylight,Municipal (excl. Twp. Rd.),unknown,Functioning,0,0,0,False,False,False,Rain,0
2021,6,6,23,Sunday,Non intersection,Thru lane,SMV unattended vehicle,Dark,Municipal (excl. Twp. Rd.),No control,unknown,0,0,0,False,False,False,Clear,0
2021,6,12,12,Saturday,At/near private drive,Thru lane,Other,Daylight,Municipal (excl. Twp. Rd.),No control,unknown,0,0,0,False,False,False,Clear,0
2021,6,18,19,Friday,Intersection related,Off highway,SMV other,Daylight,Township,unknown,Functioning,0,0,0,False,False,False,Clear,0
2021,6,19,12,Saturday,Intersection related,Thru lane,Rear end,Daylight,Regional municipality,unknown,Functioning,0,0,0,False,False,False,Clear,0
2021,6,20,1,Sunday,Non intersection,Thru lane,SMV other,Dark,Municipal (excl. Twp. Rd.),No control,unknown,1,0,0,False,False,False,Clear,0
2021,6,8,12,Tuesday,Intersection related,Thru lane,Angle,Daylight,Municipal (excl. Twp. Rd.),unknown,Functioning,0,0,0,False,False,False,Clear,0
2021,6,8,14,Tuesday,Non intersection,Thru lane,SMV unattended vehicle,Daylight,Municipal (excl. Twp. Rd.),No control,unknown,0,0,0,False,False,False,Clear,0
2021,6,21,12,Monday,Non intersection,Thru lane,SMV unattended vehicle,Daylight,Municipal (excl. Twp. Rd.),No control,unknown,1,0,0,False,False,False,Clear,0
2021,6,21,14,Monday,Non intersection,Thru lane,SMV other,Daylight,Municipal (excl. Twp. Rd.),No control,unknown,1,0,0,False,False,False,Clear,0
2021,5,29,19,Saturday,At intersection,Thru lane,Other,Daylight,Regional municipality,unknown,Functioning,0,0,0,False,False,False,Clear,0
2021,5,28,16,Friday,At intersection,Thru lane,Sideswipe,Daylight,Regional municipality,unknown,Functioning,0,0,0,False,False,False,Rain,0
2021,6,22,19,Tuesday,Non intersection,Thru lane,Sideswipe,Daylight,Municipal (excl. Twp. Rd.),No control,unknown,0,0,0,False,False,False,Clear,0
2021,6,20,17,Sunday,Non intersection,Right shoulder,SMV unattended vehicle,Daylight,Municipal (excl. Twp. Rd.),No control,unknown,0,0,0,False,False,False,Clear,0
2021,6,19,11,Saturday,Non intersection,Left shoulder,SMV unattended vehicle,Other,Regional municipality,No control,unknown,0,0,0,False,False,False,Other,0
2021,6,16,2,Wednesday,Non intersection,Off highway,SMV unattended vehicle,Dark,Municipal (excl. Twp. Rd.),No control,unknown,0,0,0,False,False,False,Clear,0
2021,6,24,16,Thursday,Intersection related,Thru lane,Rear end,Daylight,Regional municipality,unknown,Functioning,0,0,0,False,False,False,Clear,0
2021,6,24,23,Thursday,Non intersection,Other,SMV unattended vehicle,Dark,Regional municipality,No control,unknown,0,0,0,False,False,False,Clear,0
2021,5,27,10,Thursday,Non intersection,Thru lane,Other,Daylight,Municipal (excl. Twp. Rd.),No control,unknown,0,0,0,False,False,False,Clear,0
2021,6,25,13,Friday,At/near private drive,Thru lane,Other,Daylight,Municipal (excl. Twp. Rd.),No control,unknown,0,0,0,False,False,False,Rain,0
2021,6,17,9,Thursday,Non intersection,Thru lane,SMV unattended vehicle,Daylight,Municipal (excl. Twp. Rd.),No control,unknown,0,0,0,False,False,False,Clear,0
2021,6,26,15,Saturday,At/near private drive,Right shoulder,SMV unattended vehicle,Daylight,Municipal (excl. Twp. Rd.),No control,unknown,0,0,0,False,False,False,Clear,0
2021,6,26,15,Saturday,Other,Off highway,SMV other,Daylight,Municipal (excl. Twp. Rd.),No control,unknown,0,0,0,False,False,False,Clear,0
2021,6,26,15,Saturday,Non intersection,Not on roadway - left side,SMV other,Daylight,Regional municipality,No control,unknown,0,0,0,False,False,False,Clear,1
2021,6,27,18,Sunday,At intersection,Within intersection,SMV other,Daylight,Regional municipality,unknown,Functioning,0,0,0,False,False,False,Clear,0
2021,6,28,6,Monday,Non intersection,Thru lane,SMV unattended vehicle,Daylight,Municipal (excl. Twp. Rd.),No control,unknown,0,0,0,False,False,False,Clear,0
2021,6,29,17,Tuesday,Non intersection,Thru lane,SMV other,Daylight,Regional municipality,No control,unknown,0,0,0,False,False,False,Rain,0
2021,6,30,15,Wednesday,At intersection,Within intersection,Angle,Daylight,Municipal (excl. Twp. Rd.),unknown,Functioning,0,0,0,False,False,True,Clear,1
2021,6,30,18,Wednesday,At intersection,Other,SMV other,Daylight,Municipal (excl. Twp. Rd.),unknown,Functioning,0,1,0,False,False,False,Clear,0
2021,6,28,15,Monday,Intersection related,Thru lane,Angle,Daylight,Municipal (excl. Twp. Rd.),unknown,unknown,0,0,0,False,False,False,Clear,0
2021,6,30,15,Wednesday,Non intersection,Right shoulder,SMV unattended vehicle,Daylight,Municipal (excl. Twp. Rd.),No control,unknown,0,0,0,False,False,False,Clear,0
2021,7,1,14,Thursday,Non intersection,Thru lane,Sideswipe,Daylight,Regional municipality,No control,unknown,0,0,0,False,False,False,Clear,0
2021,7,2,1,Friday,Non intersection,Thru lane,SMV unattended vehicle,Dark,Municipal (excl. Twp. Rd.),No control,unknown,1,0,0,False,False,False,Clear,0