ACCIDENT_YEAR,ACCIDENT_MONTH,ACCIDENT_DAY,ACCIDENT_HOUR,ACCIDENT_WEEKDAY,ACCIDENTLOCATION,IMPACTLOCATION,INITIALIMPACTTYPE,LIGHT,ROADJURISDICTION,TRAFFICCONTROL,TRAFFICCONTROLCONDITION,THRULANENO,NORTHBOUNDDISOBEYCOUNT,SOUTHBOUNDDISOBEYCOUNT,PEDESTRIANINVOLVED,CYCLISTINVOLVED,MOTORCYCLISTINVOLVED,ENVIRONMENTCONDITION1,injury
2021,7,2,8,Friday,At/near private drive,Thru lane,SMV unattended vehicle,Daylight,Municipal (excl. Twp. Rd.),No control,unknown,0,0,0,False,False,False,Clear,0
2021,6,28,16,Monday,Non intersection,Thru lane,Angle,Daylight,Regional municipality,No control,unknown,0,0,0,False,False,False,Clear,0
2021,6,1,8,Tuesday,At/near private drive,Thru lane,SMV unattended vehicle,Daylight,Municipal (excl. Twp. Rd.),No control,unknown,0,0,0,False,False,False,Clear,0
2021,6,17,16,Thursday,At/near private drive,Within intersection,Rear end,Daylight,Municipal (excl. Twp. Rd.),No control,unknown,0,0,0,False,False,False,Clear,0
2021,6,18,18,Friday,At/near private drive,Thru lane,Angle,Daylight,Municipal (excl. Twp. Rd.),No control,unknown,0,0,0,False,False,False,Clear,0
2021,7,4,11,Sunday,Intersection related,Within intersection,Turning movement,Daylight,Regional municipality,unknown,Functioning,0,0,0,False,False,False,Clear,0
2021,7,5,10,Monday,Intersection related,Thru lane,Rear end,Daylight,Regional municipality,unknown,Functioning,2,0,0,False,False,False,Clear,0
2021,7,5,14,Monday,Non intersection,Thru lane,SMV other,Daylight,Regional municipality,No control,unknown,1,0,0,False,False,False,Clear,0
2021,6,16,16,Wednesday,Non intersection,Thru lane,SMV unattended vehicle,Daylight,Regional municipality,No control,unknown,0,0,0,False,False,False,Clear,0
2021,7,4,15,Sunday,Non intersection,Thru lane,Sideswipe,Daylight,Municipal (excl. Twp. Rd.),No control,unknown,0,0,0,False,False,False,Clear,0
2021,7,6,14,Tuesday,Non intersection,Thru lane,SMV unattended vehicle,Daylight,Municipal (excl. Twp. Rd.),No control,unknown,0,0,0,False,False,False,Clear,0
2021,7,6,18,Tuesday,Non intersection,Thru lane,Rear end,Daylight,Regional municipality,No control,unknown,1,0,0,False,False,False,Clear,1
2021,7,7,15,Wednesday,At/near private drive,Thru lane,Other,Daylight,Regional municipality,No control,unknown,0,0,0,False,False,False,Clear,0
2021,7,8,14,Thursday,Intersection related,Within intersection,Sideswipe,Daylight,unknown,Stop sign,Functioning,0,0,0,False,False,False,Rain,0
2021,7,9,15,Friday,Other,Off highway,SMV other,Daylight,Regional municipality,No control,unknown,0,0,0,False,False,False,Clear,0
2021,7,9,20,Friday,At intersection,Within intersection,Angle,Dusk,Regional municipality,unknown,Functioning,0,0,0,False,False,False,Clear,1
2021,7,10,16,Saturday,At/near private drive,Not on roadway - right side,SMV other,Daylight,Municipal (excl. Twp. Rd.),No control,unknown,0,0,0,True,False,False,Clear,1
2021,7,12,7,Monday,Non intersection,Not on roadway - right side,SMV other,Daylight,Municipal (excl. Twp. Rd.),No control,unknown,0,0,0,False,False,False,Clear,0
2021,7,12,13,Monday,Non intersection,Thru lane,Rear end,Daylight,Regional municipality,No control,unknown,0,0,0,False,False,False,Clear,0
2021,7,12,20,Monday,At intersection,Thru lane,Rear end,"Daylight, artificial",Regional municipality,unknown,Functioning,1,0,0,False,False,False,Clear,0
2021,7,13,16,Tuesday,Non intersection,Thru lane,Rear end,Daylight,Regional municipality,No control,unknown,0,0,0,False,False,False,Rain,0
2021,7,15,20,Thursday,Non intersection,Thru lane,Angle,Dusk,Regional municipality,No control,unknown,0,0,0,False,False,False,Clear,0
2021,7,17,4,Saturday,At intersection,Not on roadway - left side,SMV other,Dawn,Municipal (excl. Twp. Rd.),unknown,Functioning,0,0,0,False,False,False,Rain,0
2021,7,17,12,Saturday,At intersection,Within intersection,Turning movement,Daylight,Municipal (excl. Twp. Rd.),unknown,Functioning,0,0,0,False,False,False,Other,0
2021,7,18,13,Sunday,Non intersection,Not on roadway - right side,SMV other,Daylight,Municipal (excl. Twp. Rd.),No control,unknown,0,0,0,False,False,False,Clear,1
2021,7,18,14,Sunday,At intersection,Within intersection,Turning movement,Daylight,Municipal (excl. Twp. Rd.),unknown,Functioning,0,0,0,False,False,False,Clear,1
2021,7,19,2,Monday,Non intersection,Not on roadway - right side,SMV other,Dark,Municipal (excl. Twp. Rd.),No control,unknown,0,0,0,False,False,False,Clear,1
2021,7,11,12,Sunday,At intersection,Within intersection,Rear end,Daylight,Regional municipality,unknown,Functioning,0,0,0,False,False,False,"Fog, mist, smoke, dust",0
2021,7,18,14,Sunday,Intersection related,Right turn lane,Other,Daylight,Municipal (excl. Twp. Rd.),unknown,Functioning,0,0,0,False,False,False,Clear,1
2021,7,20,1,Tuesday,Non intersection,Passing lane,SMV unattended vehicle,Dark,Municipal (excl. Twp. Rd.),No control,unknown,0,0,0,False,False,False,Clear,0
2021,7,20,8,Tuesday,Intersection related,Within intersection,Sideswipe,Daylight,Regional municipality,unknown,Functioning,0,0,1,False,False,False,Clear,0
2021,7,18,17,Sunday,Non intersection,Thru lane,SMV unattended vehicle,Daylight,Municipal (excl. Twp. Rd.),No control,unknown,0,0,0,False,False,False,Clear,0
2021,7,3,10,Saturday,At/near private drive,Thru lane,SMV unattended vehicle,Daylight,Municipal (excl. Twp. Rd.),No control,unknown,0,0,0,False,False,False,Clear,0
2021,7,20,12,Tuesday,Non intersection,Thru lane,Sideswipe,Daylight,Municipal (excl. Twp. Rd.),No control,unknown,0,0,0,False,False,False,Clear,0
2021,7,14,14,Wednesday,Non intersection,Thru lane,Rear end,Daylight,Municipal (excl. Twp. Rd.),No control,unknown,0,0,0,False,False,False,Clear,0
2021,7,20,16,Tuesday,Non intersection,Thru lane,SMV unattended vehicle,Daylight,Municipal (excl. Twp. Rd.),No control,unknown,1,0,0,False,False,False,Rain,0
2021,7,21,2,Wednesday,Non intersection,Left shoulder,SMV other,Dark,Regional municipality,No control,unknown,0,0,0,False,False,False,Clear,0
2021,6,22,9,Tuesday,Non intersection,Right shoulder,SMV unattended vehicle,Daylight,Municipal (excl. Twp. Rd.),No control,unknown,0,0,0,False,False,False,Clear,0
2021,5,6,15,Thursday,Non intersection,Thru lane,Rear end,Daylight,Municipal (excl. Twp. Rd.),No control,unknown,0,0,0,False,False,False,Clear,0
2021,5,22,23,Saturday,At/near private drive,Thru lane,SMV unattended vehicle,Dark,Municipal (excl. Twp. Rd.),No control,unknown,0,0,0,False,False,False,Clear,0
2021,7,22,11,Thursday,Intersection related,Thru lane,SMV other,Daylight,Regional municipality,unknown,Functioning,0,0,0,False,False,False,Clear,0
2021,7,22,17,Thursday,Non intersection,Thru lane,Rear end,Daylight,Municipal (excl. Twp. Rd.),No control,unknown,0,0,0,False,False,False,Clear,0
2021,7,23,16,Friday,At/near private drive,Not on roadway - right side,Other,Daylight,Municipal (excl. Twp. Rd.),No control,unknown,0,0,0,False,True,False,Clear,1
2021,7,23,17,Friday,Intersection related,Thru lane,Rear end,Daylight,Regional municipality,unknown,Functioning,0,0,0,False,False,False,Clear,0
2021,7,23,17,Friday,Non intersection,Right shoulder,SMV unattended vehicle,Daylight,Regional municipality,No control,unknown,0,0,0,False,False,False,Clear,0
2021,7,24,2,Saturday,Intersection related,Not on roadway - right side,SMV other,Dark,Regional municipality,unknown,unknown,0,0,0,False,False,False,Clear,0
2021,7,25,14,Sunday,Intersection related,Not on roadway - right side,SMV other,Daylight,Regional municipality,unknown,Functioning,0,0,0,False,False,False,Clear,0
2021,7,25,17,Sunday,At intersection,Within intersection,Angle,Daylight,Regional municipality,unknown,Functioning,0,0,0,False,False,False,Clear,0
2021,7,26,8,Monday,At/near private drive,Thru lane,SMV unattended vehicle,Daylight,Municipal (excl. Twp. Rd.),No control,unknown,0,0,0,False,False,False,Clear,0
2021,7,27,11,Tuesday,At intersection,Thru lane,Rear end,Daylight,Municipal (excl. Twp. Rd.),unknown,Functioning,0,0,0,False,False,False,Clear,0
2021,7,27,18,Tuesday,At/near private drive,Not on roadway - right side,SMV other,Daylight,Municipal (excl. Twp. Rd.),No control,unknown,0,0,0,False,False,False,Clear,0
2021,7,25,18,Sunday,At/near private drive,Off highway,Sideswipe,Daylight,Municipal (excl. Twp. Rd.),No control,unknown,0,0,0,False,False,False,Clear,0
2021,7,25,17,Sunday,At/near private drive,Thru lane,SMV unattended vehicle,Daylight,Municipal (excl. Twp. Rd.),No control,unknown,0,0,0,False,False,False,Clear,0
2021,7,28,14,Wednesday,Non intersection,Thru lane,Approaching,Daylight,Municipal (excl. Twp. Rd.),No control,unknown,1,0,0,False,False,False,Clear,0
2021,7,29,0,Thursday,Non intersection,Thru lane,SMV unattended vehicle,Dark,Municipal (excl. Twp. Rd.),No control,unknown,0,0,0,False,False,False,Clear,0
2021,7,29,11,Thursday,At intersection,Within intersection,Angle,Daylight,Municipal (excl. Twp. Rd.),unknown,Functioning,0,0,0,False,False,False,Clear,0
2021,7,23,11,Friday,Non intersection,Thru lane,SMV unattended vehicle,Daylight,Municipal (excl. Twp. Rd.),No control,unknown,0,0,0,False,False,False,Clear,0
2021,7,30,3,Friday,Non intersection,Thru lane,SMV unattended vehicle,Dark,Municipal (excl. Twp. Rd.),No control,unknown,0,0,0,False,False,False,Clear,0
2021,7,31,4,Saturday,Non intersection,Left shoulder,SMV other,"Dark, artificial",Municipal (excl. Twp. Rd.),No control,unknown,0,0,0,False,False,False,Clear,0
2021,7,31,8,Saturday,Non intersection,Thru lane,Sideswipe,Daylight,Municipal (excl. Twp. Rd.),No control,unknown,0,0,0,False,False,False,Clear,0
2021,7,29,12,Thursday,Non intersection,Thru lane,Rear end,Daylight,Municipal (excl. Twp. Rd.),No control,unknown,0,0,0,False,False,False,Clear,0
2021,7,31,11,Saturday,Non intersection,Thru lane,Sideswipe,Daylight,Municipal (excl. Twp. Rd.),No control,unknown,0,0,0,False,True,False,Clear,0
2021,7,22,12,Thursday,Intersection related,Within intersection,Other,Daylight,Municipal (excl. Twp. Rd.),unknown,Functioning,0,0,0,False,False,False,Clear,0
2021,5,30,12,Sunday,Non intersection,Thru lane,SMV unattended vehicle,Daylight,Municipal (excl. Twp. Rd.),No control,unknown,0,0,0,False,False,False,Clear,0
2021,6,28,11,Monday,Non intersection,Right shoulder,SMV unattended vehicle,Daylight,Municipal (excl. Twp. Rd.),No control,unknown,0,0,0,False,False,False,Clear,0
2021,8,1,18,Sunday,At intersection,Within intersection,SMV other,Daylight,Municipal (excl. Twp. Rd.),unknown,Functioning,0,0,0,False,False,False,Rain,0
2021,7,19,18,Monday,Intersection related,Within intersection,Angle,Daylight,Municipal (excl. Twp. Rd.),unknown,unknown,0,0,0,False,False,False,Clear,0
2021,7,31,13,Saturday,Non intersection,Thru lane,SMV unattended vehicle,Daylight,Municipal (excl. Twp. Rd.),No control,unknown,0,0,0,False,False,False,Clear,0
2021,8,2,11,Monday,Non intersection,Thru lane,Other,Daylight,Municipal (excl. Twp. Rd.),No control,unknown,0,0,0,False,False,False,Clear,0
2021,7,22,17,Thursday,Non intersection,Thru lane,Sideswipe,Daylight,Municipal (excl. Twp. Rd.),No control,unknown,0,0,0,False,False,False,Clear,0
2021,8,2,16,Monday,Non intersection,Right shoulder,Approaching,Daylight,Regional municipality,No control,unknown,0,0,0,False,False,False,Clear,0
2021,8,2,16,Monday,Non intersection,Thru lane,SMV unattended vehicle,Daylight,Municipal (excl. Twp. Rd.),No control,unknown,0,0,0,False,False,False,Clear,0
2021,7,20,17,Tuesday,Non intersection,Right shoulder,SMV unattended vehicle,Daylight,Municipal (excl. Twp. Rd.),No control,unknown,0,0,0,False,False,False,Clear,0
2021,8,3,14,Tuesday,Non intersection,Thru lane,Turning movement,Daylight,Municipal (excl. Twp. Rd.),No control,unknown,0,0,0,False,False,False,Clear,0
2021,8,3,17,Tuesday,Non intersection,Not on roadway - right side,SMV other,Daylight,Municipal (excl. Twp. Rd.),No control,unknown,0,0,0,False,False,False,Clear,1
2021,8,4,13,Wednesday,At intersection,Within intersection,SMV other,Daylight,Regional municipality,unknown,Functioning,0,0,0,False,False,False,Clear,0
2021,8,4,17,Wednesday,Non intersection,Thru lane,Rear end,"Daylight, artificial",Municipal (excl. Twp. Rd.),No control,unknown,1,0,0,False,False,False,Clear,0
2021,8,5,9,Thursday,At intersection,Within intersection,Angle,Daylight,Municipal (excl. Twp. Rd.),unknown,Functioning,0,0,0,False,False,False,Clear,1
2021,8,7,13,Saturday,Non intersection,Thru lane,Rear end,Daylight,Municipal (excl. Twp. Rd.),No control,unknown,1,0,0,False,False,False,Clear,1
2021,8,10,12,Tuesday,At intersection,Left turn lane,Sideswipe,Daylight,Regional municipality,unknown,Functioning,0,0,0,False,False,False,Clear,0
2021,8,10,14,Tuesday,At/near private drive,Right shoulder,SMV unattended vehicle,Daylight,Municipal (excl. Twp. Rd.),No control,unknown,0,0,0,False,False,False,Clear,0
2021,8,10,17,Tuesday,At intersection,Within intersection,Angle,Daylight,Municipal (excl. Twp. Rd.),unknown,Functioning,0,0,0,False,False,False,Clear,0
2021,8,11,12,Wednesday,Intersection related,Within intersection,Angle,Daylight,Municipal (excl. Twp. Rd.),unknown,unknown,0,0,0,False,True,False,Clear,1
2021,8,11,15,Wednesday,At/near private drive,Thru lane,SMV unattended vehicle,Daylight,Regional municipality,No control,unknown,0,0,0,False,False,False,Clear,0
2021,8,12,20,Thursday,Non intersection,Off highway,SMV other,Dark,Regional municipality,No control,unknown,0,0,0,False,False,False,Clear,1
2021,8,13,17,Friday,Intersection related,Within intersection,Angle,Daylight,Municipal (excl. Twp. Rd.),unknown,Functioning,0,0,0,False,False,False,Clear,0
2021,8,13,20,Friday,Non intersection,Not on roadway - right side,SMV other,Dark,Municipal (excl. Twp. Rd.),No control,unknown,0,0,0,False,False,False,Clear,1
2021,8,15,17,Sunday,At intersection,Within intersection,Angle,Daylight,Municipal (excl. Twp. Rd.),unknown,unknown,0,0,0,False,False,False,Clear,0
2021,8,16,11,Monday,Non intersection,Thru lane,SMV unattended vehicle,Daylight,Municipal (excl. Twp. Rd.),No control,unknown,0,0,0,False,False,False,Clear,0
2021,8,17,2,Tuesday,Non intersection,Right shoulder,SMV unattended vehicle,Dark,Regional municipality,No control,unknown,0,0,0,False,False,False,Clear,1
2021,8,17,8,Tuesday,At/near private drive,Right turn lane,Angle,Daylight,Municipal (excl. Twp. Rd.),No control,unknown,0,0,0,False,False,False,Clear,1
2021,8,17,12,Tuesday,Non intersection,Thru lane,Angle,Daylight,Municipal (excl. Twp. Rd.),No control,unknown,0,0,0,False,False,False,Clear,0
2021,8,17,14,Tuesday,At intersection,Within intersection,Other,Daylight,Municipal (excl. Twp. Rd.),unknown,unknown,0,0,0,False,False,True,Clear,1
2021,8,9,11,Monday,Non intersection,Thru lane,Other,Daylight,Municipal (excl. Twp. Rd.),No control,unknown,0,0,0,False,False,False,Clear,0
2021,8,16,17,Monday,Non intersection,Thru lane,SMV unattended vehicle,Daylight,Regional municipality,No control,unknown,0,0,0,False,False,False,Clear,0
2021,8,18,16,Wednesday,Non intersection,Thru lane,Sideswipe,Daylight,Municipal (excl. Twp. Rd.),No control,unknown,0,0,0,False,False,False,Clear,0
2021,8,15,15,Sunday,Non intersection,Thru lane,SMV unattended vehicle,Daylight,Municipal (excl. Twp. Rd.),No control,unknown,0,0,0,False,False,False,Clear,0
2021,8,19,19,Thursday,Non intersection,Thru lane,Turning movement,Daylight,Regional municipality,No control,unknown,0,0,0,False,False,False,Clear,0
2021,8,20,11,Friday,At railway crossing,Thru lane,SMV other,Daylight,Municipal (excl. Twp. Rd.),No control,unknown,2,0,1,False,False,False,Clear,0
2021,8,21,4,Saturday,At intersection,Right shoulder,SMV other,Dark,Municipal (excl. Twp. Rd.),unknown,Functioning,0,0,0,False,False,False,Clear,0
2021,8,18,12,Wednesday,Non intersection,Thru lane,SMV unattended vehicle,Daylight,Municipal (excl. Twp. Rd.),No control,unknown,0,0,0,False,False,False,Clear,0
2021,8,23,14,Monday,Intersection related,Within intersection,Angle,Daylight,Municipal (excl. Twp. Rd.),unknown,Functioning,0,0,0,False,False,False,Clear,1
2021,8,23,15,Monday,Intersection related,Within intersection,SMV other,Daylight,Municipal (excl. Twp. Rd.),unknown,Functioning,0,0,0,False,False,False,Clear,0
2021,8,23,17,Monday,Other,Off highway,Other,Daylight,Regional municipality,No control,unknown,0,0,0,False,True,False,Clear,0
2021,8,23,19,Monday,At intersection,Thru lane,Sideswipe,Daylight,Municipal (excl. Twp. Rd.),unknown,Functioning,0,0,0,False,False,False,Clear,0
2021,8,26,7,Thursday,Non intersection,Not on roadway - right side,SMV other,Daylight,Municipal (excl. Twp. Rd.),No control,unknown,0,0,0,False,False,False,Clear,0
2021,8,26,14,Thursday,At intersection,Thru lane,Angle,Daylight,Municipal (excl. Twp. Rd.),unknown,Functioning,0,0,0,False,False,False,Clear,0
2021,8,14,11,Saturday,Intersection related,Thru lane,Rear end,Daylight,Municipal (excl. Twp. Rd.),unknown,Functioning,1,0,0,False,False,False,Clear,1
2021,8,26,18,Thursday,At intersection,Left turn lane,Turning movement,Daylight,Municipal (excl. Twp. Rd.),unknown,Functioning,0,0,0,False,False,False,Other,0
2021,8,27,11,Friday,At/near private drive,Left shoulder,SMV unattended vehicle,Daylight,Municipal (excl. Twp. Rd.),No control,unknown,0,0,0,False,False,False,Clear,0
2021,8,28,1,Saturday,Non intersection,Right shoulder,SMV unattended vehicle,"Dark, artificial",Municipal (excl. Twp. Rd.),No control,unknown,0,0,0,False,False,False,Clear,0
2021,8,28,11,Saturday,Non intersection,Not on roadway - right side,SMV other,Daylight,Municipal (excl. Twp. Rd.),No control,unknown,0,0,0,False,False,True,Clear,1
2021,8,28,5,Saturday,Non intersection,Thru lane,Other,Dark,Municipal (excl. Twp. Rd.),No control,unknown,0,0,0,False,False,False,Clear,0
2021,8,29,0,Sunday,At intersection,Not on roadway - right side,SMV other,Dark,Municipal (excl. Twp. Rd.),unknown,unknown,0,0,0,False,False,False,Rain,1
2021,8,29,11,Sunday,At intersection,Left turn lane,Sideswipe,Daylight,Municipal (excl. Twp. Rd.),unknown,Functioning,0,0,0,False,False,False,Clear,0
2021,8,29,13,Sunday,Non intersection,Thru lane,Rear end,Daylight,Regional municipality,No control,unknown,0,0,0,False,False,False,Clear,0
2021,8,29,15,Sunday,Non intersection,Thru lane,SMV unattended vehicle,Daylight,Municipal (excl. Twp. Rd.),No control,unknown,0,0,0,False,False,False,Clear,0
2021,8,28,16,Saturday,Intersection related,Thru lane,Sideswipe,Daylight,Regional municipality,unknown,unknown,0,0,0,False,False,False,Clear,0
2021,8,19,14,Thursday,Non intersection,Thru lane,Other,Daylight,Municipal (excl. Twp. Rd.),No control,unknown,0,0,0,False,False,False,Clear,0
2021,9,1,9,Wednesday,Non intersection,Thru lane,SMV unattended vehicle,Daylight,Municipal (excl. Twp. Rd.),No control,unknown,0,0,0,False,False,False,Clear,0
2021,5,31,15,Monday,Intersection related,Thru lane,Rear end,Daylight,Regional municipality,unknown,unknown,0,0,0,False,False,False,Clear,0
2021,9,1,11,Wednesday,At/near private drive,Thru lane,SMV unattended vehicle,Daylight,Municipal (excl. Twp. Rd.),No control,unknown,0,0,0,False,False,False,Clear,0
2021,9,1,12,Wednesday,Intersection related,Within intersection,Rear end,Daylight,Regional municipality,unknown,Functioning,0,0,0,False,False,False,Clear,0
2021,9,1,15,Wednesday,Intersection related,Within intersection,Turning movement,Daylight,Municipal (excl. Twp. Rd.),unknown,Functioning,0,0,0,False,False,False,Clear,0
2021,9,1,16,Wednesday,Non intersection,Thru lane,SMV unattended vehicle,Daylight,Municipal (excl. Twp. Rd.),No control,unknown,0,0,0,False,False,False,Clear,0
2021,9,2,8,Thursday,Non intersection,Thru lane,Approaching,Daylight,Regional municipality,No control,unknown,1,0,0,False,True,False,Clear,1
2021,9,2,15,Thursday,At intersection,Within intersection,Rear end,Daylight,Municipal (excl. Twp. Rd.),unknown,Functioning,0,0,0,False,False,False,Clear,0
2021,9,3,9,Friday,Non intersection,Thru lane,Sideswipe,Daylight,Municipal (excl. Twp. Rd.),No control,unknown,2,0,0,False,False,True,Clear,1
2021,8,14,15,Saturday,At/near private drive,Thru lane,SMV unattended vehicle,Daylight,Municipal (excl. Twp. Rd.),No control,unknown,0,0,0,False,False,False,Clear,0
2021,9,3,14,Friday,At/near private drive,Right turn lane,Angle,Daylight,Regional municipality,No control,unknown,0,0,0,False,False,False,Clear,0
2021,6,13,21,Sunday,Non intersection,Thru lane,SMV unattended vehicle,Dusk,Municipal (excl. Twp. Rd.),No control,unknown,0,0,0,False,False,False,Clear,0
2021,9,3,15,Friday,At intersection,Within intersection,Angle,Daylight,Regional municipality,unknown,Functioning,0,0,0,False,True,False,Clear,1
2021,9,3,16,Friday,Intersection related,Thru lane,Rear end,Daylight,Municipal (excl. Twp. Rd.),unknown,Functioning,1,0,0,False,False,False,Clear,1
2021,9,3,17,Friday,At/near private drive,Thru lane,Other,Daylight,Regional municipality,No control,unknown,0,0,0,False,False,False,Clear,0
2021,9,3,11,Friday,Non intersection,Thru lane,Angle,Daylight,Regional municipality,No control,unknown,0,0,0,False,False,False,Clear,0
2021,9,7,11,Tuesday,At intersection,Within intersection,Angle,Daylight,Regional municipality,unknown,Functioning,0,0,0,False,False,False,Clear,0
2021,9,8,16,Wednesday,At/near private drive,Thru lane,Other,Daylight,Municipal (excl. Twp. Rd.),No control,unknown,1,0,0,False,False,False,Clear,0
2021,9,9,6,Thursday,Non intersection,Thru lane,SMV unattended vehicle,Dawn,Municipal (excl. Twp. Rd.),No control,unknown,0,0,0,False,False,False,Rain,0
2021,9,8,18,Wednesday,Non intersection,Thru lane,SMV unattended vehicle,Daylight,Municipal (excl. Twp. Rd.),No control,unknown,0,0,0,False,False,False,Clear,0
2021,9,9,11,Thursday,Non intersection,Right shoulder,SMV other,Daylight,Regional municipality,No control,unknown,0,0,0,False,False,False,Clear,1
2021,9,9,18,Thursday,At/near private drive,Thru lane,SMV unattended vehicle,Daylight,Regional municipality,No control,unknown,0,0,0,False,False,False,Clear,0
2021,8,4,17,Wednesday,At/near private drive,Thru lane,SMV unattended vehicle,Daylight,Municipal (excl. Twp. Rd.),No control,unknown,0,0,0,False,False,False,Clear,0
2021,9,10,12,Friday,At intersection,Within intersection,Sideswipe,Daylight,Regional municipality,unknown,Functioning,0,0,0,False,False,False,Clear,0
2021,9,7,6,Tuesday,Non intersection,Thru lane,SMV unattended vehicle,Dawn,Municipal (excl. Twp. Rd.),No control,unknown,0,0,0,False,False,False,Clear,0
2021,9,9,11,Thursday,Non intersection,Thru lane,SMV unattended vehicle,Daylight,Municipal (excl. Twp. Rd.),No control,unknown,0,0,0,False,False,False,Clear,0
2021,8,27,16,Friday,Non intersection,Thru lane,Rear end,Daylight,Regional municipality,No control,unknown,0,0,0,False,False,False,Clear,0
2021,8,5,6,Thursday,Intersection related,Thru lane,Rear end,Daylight,Municipal (excl. Twp. Rd.),unknown,Functioning,0,0,0,False,False,False,Clear,0
2021,9,12,17,Sunday,At intersection,Within intersection,Angle,Daylight,Township,unknown,Functioning,0,0,1,False,False,False,Rain,1
2021,9,13,20,Monday,Non intersection,Thru lane,SMV unattended vehicle,"Dark, artificial",Municipal (excl. Twp. Rd.),No control,unknown,1,0,0,False,False,False,Clear,0
2021,9,14,8,Tuesday,Non intersection,Thru lane,SMV other,Daylight,Municipal (excl. Twp. Rd.),No control,unknown,1,0,0,True,False,False,Clear,1
2021,9,3,6,Friday,Non intersection,Thru lane,Sideswipe,Dawn,Regional municipality,No control,unknown,0,0,0,False,False,False,Clear,0
2021,9,2,13,Thursday,Intersection related,Thru lane,Rear end,Daylight,Municipal (excl. Twp. Rd.),unknown,Functioning,0,0,0,False,False,False,Clear,0
2021,7,15,5,Thursday,Non intersection,Thru lane,SMV other,Dawn,Regional municipality,No control,unknown,0,0,0,False,False,False,Clear,0
2021,8,21,8,Saturday,At/near private drive,Thru lane,SMV unattended vehicle,Daylight,Municipal (excl. Twp. Rd.),No control,unknown,0,0,0,False,False,False,Clear,0
2021,8,27,13,Friday,Intersection related,Thru lane,Rear end,Daylight,Regional municipality,unknown,Functioning,0,0,0,False,False,False,Clear,0
2021,9,9,10,Thursday,Non intersection,Thru lane,SMV unattended vehicle,Daylight,Municipal (excl. Twp. Rd.),No control,unknown,0,0,0,False,False,False,Clear,0
2021,9,15,19,Wednesday,Non intersection,Thru lane,Other,Dusk,Regional municipality,No control,unknown,0,0,0,False,False,False,Clear,0
2021,9,16,21,Thursday,At/near private drive,Right shoulder,SMV unattended vehicle,Dark,Regional municipality,No control,unknown,0,0,0,False,False,False,Clear,0
2021,9,16,13,Thursday,Non intersection,Thru lane,SMV unattended vehicle,Daylight,Municipal (excl. Twp. Rd.),No control,unknown,0,0,0,False,False,False,Clear,0
2021,9,17,17,Friday,Non intersection,Thru lane,Turning movement,Daylight,Regional municipality,No control,unknown,0,0,0,False,False,False,Clear,0
2021,9,18,11,Saturday,At intersection,Within intersection,Angle,Daylight,Regional municipality,unknown,Functioning,0,0,0,False,False,False,Clear,0
2021,9,19,2,Sunday,Intersection related,Not on roadway - left side,SMV other,Dark,Municipal (excl. Twp. Rd.),unknown,unknown,0,0,0,False,False,False,Clear,1
2021,9,19,10,Sunday,Non intersection,Thru lane,Other,Daylight,Municipal (excl. Twp. Rd.),No control,unknown,0,0,0,False,False,False,Clear,0
2021,9,21,7,Tuesday,Non intersection,Thru lane,Sideswipe,Daylight,Regional municipality,No control,unknown,0,0,0,False,False,False,Clear,0
2021,9,20,7,Monday,At/near private drive,Thru lane,SMV unattended vehicle,Daylight,Municipal (excl. Twp. Rd.),No control,unknown,0,0,0,False,False,False,Clear,0
2021,9,21,18,Tuesday,At intersection,Within intersection,Rear end,Daylight,Municipal (excl. Twp. Rd.),unknown,Functioning,0,0,0,False,False,False,Clear,0
2021,9,21,11,Tuesday,At/near private drive,Thru lane,SMV unattended vehicle,Daylight,Municipal (excl. Twp. Rd.),No control,unknown,0,0,0,False,False,False,Clear,0
2021,9,22,13,Wednesday,Intersection related,Within intersection,Angle,Daylight,Municipal (excl. Twp. Rd.),unknown,unknown,0,0,0,False,False,False,Rain,0
2021,9,29,17,Wednesday,At intersection,Thru lane,SMV other,Daylight,Municipal (excl. Twp. Rd.),unknown,Functioning,1,0,0,False,False,False,Rain,0
2021,9,24,14,Friday,Non intersection,Thru lane,SMV unattended vehicle,Daylight,Municipal (excl. Twp. Rd.),No control,unknown,0,0,0,False,False,False,Clear,0
2021,9,24,17,Friday,Non intersection,Thru lane,Rear end,Daylight,Municipal (excl. Twp. Rd.),No control,unknown,0,0,0,False,False,False,Clear,0
2021,9,26,1,Sunday,Intersection related,Thru lane,Sideswipe,"Dark, artificial",Regional municipality,unknown,unknown,1,0,0,False,False,False,Clear,0
2021,9,26,14,Sunday,At/near private drive,Other,Sideswipe,Daylight,Municipal (excl. Twp. Rd.),No control,unknown,0,0,0,False,True,False,Clear,1
2021,9,26,17,Sunday,Intersection related,Off highway,SMV other,Daylight,Municipal (excl. Twp. Rd.),unknown,unknown,0,0,0,False,False,False,Clear,1
2021,9,28,8,Tuesday,At intersection,Within intersection,Angle,Daylight,Municipal (excl. Twp. Rd.),unknown,unknown,0,0,0,False,False,False,Clear,0
2021,9,29,0,Wednesday,Non intersection,Not on roadway - right side,SMV other,"Dark, artificial",Municipal (excl. Twp. Rd.),No control,unknown,0,0,0,False,False,False,Clear,0
2021,9,30,12,Thursday,At/near private drive,Thru lane,Sideswipe,Daylight,Regional municipality,No control,unknown,1,0,0,False,False,False,Clear,0
2021,9,30,22,Thursday,At/near private drive,Thru lane,Approaching,Dark,Municipal (excl. Twp. Rd.),No control,unknown,0,0,0,False,False,False,Clear,0