ACCIDENT_YEAR,ACCIDENT_MONTH,ACCIDENT_DAY,ACCIDENT_HOUR,ACCIDENT_WEEKDAY,ACCIDENTLOCATION,IMPACTLOCATION,INITIALIMPACTTYPE,LIGHT,ROADJURISDICTION,TRAFFICCONTROL,TRAFFICCONTROLCONDITION,THRULANENO,NORTHBOUNDDISOBEYCOUNT,SOUTHBOUNDDISOBEYCOUNT,PEDESTRIANINVOLVED,CYCLISTINVOLVED,MOTORCYCLISTINVOLVED,ENVIRONMENTCONDITION1,injury
2022,1,17,16,Monday,Non intersection,Thru lane,Turning movement,Daylight,Municipal (excl. Twp. Rd.),No control,unknown,0,0,0,False,False,False,Snow,0
2022,1,18,16,Tuesday,Non intersection,Thru lane,Turning movement,Dusk,Municipal (excl. Twp. Rd.),No control,unknown,0,0,0,False,False,False,Clear,0
2022,2,7,10,Monday,At intersection,Within intersection,Angle,Daylight,Municipal (excl. Twp. Rd.),Traffic signal,Functioning,0,0,0,False,False,False,Clear,0
2022,2,7,23,Monday,Non intersection,Not on roadway - right side,SMV other,Dark,Municipal (excl. Twp. Rd.),No control,unknown,0,0,0,False,False,False,Snow,0
2022,1,27,15,Thursday,Non intersection,Thru lane,Rear end,Daylight,Municipal (excl. Twp. Rd.),No control,unknown,0,0,0,False,False,False,Rain,0
2022,1,28,18,Friday,Non intersection,Thru lane,SMV unattended vehicle,Dark,Municipal (excl. Twp. Rd.),No control,unknown,0,0,0,False,False,False,Clear,0
2022,2,8,14,Tuesday,Non intersection,Thru lane,Other,Daylight,Municipal (excl. Twp. Rd.),No control,unknown,0,0,0,False,False,False,Clear,0
2022,2,11,9,Friday,Non intersection,Not on roadway - right side,SMV other,Daylight,Regional municipality,No control,unknown,0,0,0,False,False,False,Snow,0
2022,2,11,11,Friday,At/near private drive,Thru lane,SMV unattended vehicle,Daylight,Municipal (excl. Twp. Rd.),No control,unknown,0,0,0,False,False,False,Clear,0
2022,2,11,12,Friday,Intersection related,Thru lane,Sideswipe,Daylight,Regional municipality,Stop sign,Functioning,0,0,0,False,False,False,Snow,0
2022,2,11,14,Friday,At intersection,Within intersection,Turning movement,Daylight,Municipal (excl. Twp. Rd.),Stop sign,Functioning,0,0,0,False,False,False,Snow,0
2022,2,11,16,Friday,At intersection,Thru lane,Rear end,Daylight,Regional municipality,unknown,unknown,0,0,0,False,False,False,Snow,0
2022,2,11,18,Friday,At intersection,Thru lane,Rear end,Dark,Regional municipality,Traffic signal,Functioning,0,0,0,False,False,False,Freezing Rain,0
2022,2,11,21,Friday,At intersection,Within intersection,SMV other,Dark,Municipal (excl. Twp. Rd.),Traffic signal,Functioning,0,0,0,False,False,False,Snow,0
2022,2,11,9,Friday,At/near private drive,Off highway,SMV unattended vehicle,Daylight,Municipal (excl. Twp. Rd.),No control,unknown,0,0,0,False,False,False,Snow,0
2022,1,14,13,Friday,At/near private drive,Thru lane,Other,Daylight,Municipal (excl. Twp. Rd.),No control,unknown,0,0,0,False,False,False,Clear,0
2022,1,8,21,Saturday,At/near private drive,Thru lane,SMV unattended vehicle,Dark,Municipal (excl. Twp. Rd.),No control,unknown,0,0,0,False,False,False,Clear,0
2022,1,2,16,Sunday,Intersection related,Thru lane,Rear end,Daylight,Municipal (excl. Twp. Rd.),unknown,Functioning,0,0,0,False,False,False,Clear,0
2021,10,28,13,Thursday,At intersection,Thru lane,SMV other,Daylight,Municipal (excl. Twp. Rd.),Stop sign,Functioning,0,0,0,False,False,False,Clear,0
2021,10,30,19,Saturday,At/near private drive,Off highway,SMV unattended vehicle,Dark,Municipal (excl. Twp. Rd.),No control,unknown,0,0,0,False,False,False,Clear,0
2022,2,17,5,Thursday,Non intersection,Thru lane,Sideswipe,Dark,Municipal (excl. Twp. Rd.),No control,unknown,0,0,0,False,False,False,Snow,0
2022,2,17,6,Thursday,At intersection,Within intersection,Angle,Dawn,Municipal (excl. Twp. Rd.),Stop sign,Functioning,0,0,0,False,False,False,Rain,1
2022,1,21,20,Friday,At/near private drive,Thru lane,SMV unattended vehicle,Dark,Municipal (excl. Twp. Rd.),No control,unknown,0,0,0,False,False,False,Clear,0
2022,2,17,8,Thursday,Non intersection,Thru lane,SMV unattended vehicle,Daylight,Municipal (excl. Twp. Rd.),No control,unknown,0,0,0,False,False,False,Rain,0
2022,1,19,15,Wednesday,Non intersection,Thru lane,SMV unattended vehicle,Daylight,Municipal (excl. Twp. Rd.),No control,unknown,0,0,0,False,False,False,Clear,0
2022,1,28,11,Friday,At/near private drive,Thru lane,Sideswipe,Daylight,Regional municipality,No control,unknown,0,0,0,False,False,False,Clear,0
2022,2,1,18,Tuesday,At intersection,Within intersection,Angle,Dark,Municipal (excl. Twp. Rd.),Stop sign,Functioning,0,0,0,False,False,False,Clear,0
2022,2,17,17,Thursday,At intersection,Not on roadway - right side,SMV other,Daylight,Municipal (excl. Twp. Rd.),Stop sign,Functioning,0,0,0,False,False,False,Snow,0
2022,2,17,17,Thursday,Intersection related,Thru lane,Sideswipe,Daylight,Municipal (excl. Twp. Rd.),unknown,unknown,0,0,0,False,False,False,Snow,0
2022,2,17,17,Thursday,Non intersection,Left shoulder,Rear end,Daylight,Municipal (excl. Twp. Rd.),unknown,unknown,0,0,0,False,False,False,Freezing Rain,0
2022,1,30,7,Sunday,At/near private drive,Other,Other,Dawn,Municipal (excl. Twp. Rd.),No control,unknown,0,0,0,False,False,False,Clear,0
2022,1,18,8,Tuesday,Non intersection,Thru lane,SMV unattended vehicle,Daylight,Municipal (excl. Twp. Rd.),No control,unknown,0,0,0,False,False,False,Clear,0
2022,1,24,15,Monday,Non intersection,Thru lane,Other,Daylight,Municipal (excl. Twp. Rd.),No control,unknown,0,0,0,False,False,False,Snow,0
2022,2,18,10,Friday,Non intersection,Thru lane,Rear end,Daylight,Municipal (excl. Twp. Rd.),No control,unknown,0,0,0,False,False,False,Clear,0
2022,2,18,11,Friday,At/near private drive,Thru lane,SMV unattended vehicle,Daylight,Municipal (excl. Twp. Rd.),No control,unknown,0,0,0,False,False,False,Clear,0
2022,2,19,13,Saturday,Intersection related,Within intersection,Angle,Daylight,Municipal (excl. Twp. Rd.),Stop sign,Functioning,0,0,0,False,False,False,Snow,1
2022,2,19,18,Saturday,At intersection,Within intersection,Angle,Dark,Municipal (excl. Twp. Rd.),Traffic signal,Functioning,0,0,0,False,False,False,Clear,1
2022,2,19,21,Saturday,At intersection,Thru lane,Approaching,Dark,Regional municipality,unknown,unknown,0,0,0,False,False,False,Clear,0
2022,2,20,15,Sunday,At/near private drive,Off highway,SMV unattended vehicle,Daylight,Municipal (excl. Twp. Rd.),No control,unknown,0,0,0,False,False,False,Clear,0
2022,2,20,11,Sunday,At/near private drive,Thru lane,SMV unattended vehicle,Daylight,Municipal (excl. Twp. Rd.),No control,unknown,0,0,0,False,False,False,Clear,0
2022,2,20,21,Sunday,At intersection,Within intersection,Angle,Dark,Regional municipality,Stop sign,Functioning,0,0,1,False,False,False,Clear,0
2022,2,21,6,Monday,At intersection,Within intersection,SMV other,Dawn,Regional municipality,Yield sign,Functioning,0,0,0,False,False,False,Snow,0
2022,2,23,6,Wednesday,Intersection related,Thru lane,Turning movement,Dark,Regional municipality,unknown,unknown,0,0,0,False,False,False,Clear,0
2022,2,23,13,Wednesday,At/near private drive,Left turn lane,Angle,Daylight,Township,No control,unknown,0,0,0,False,False,False,Clear,0
2022,2,23,15,Wednesday,At/near private drive,Thru lane,Turning movement,Daylight,Municipal (excl. Twp. Rd.),No control,unknown,2,0,0,False,False,False,Clear,0
2022,2,23,18,Wednesday,At/near private drive,Right shoulder,SMV unattended vehicle,Dark,Municipal (excl. Twp. Rd.),No control,unknown,0,0,0,False,False,False,Clear,0
2022,2,24,7,Thursday,Intersection related,Within intersection,SMV other,Daylight,Regional municipality,Traffic signal,Functioning,0,0,0,True,False,False,Clear,1
2022,2,24,10,Thursday,Intersection related,Thru lane,Rear end,Daylight,Regional municipality,Traffic signal,Functioning,0,0,0,False,False,False,Clear,0
2022,1,25,8,Tuesday,Non intersection,Thru lane,Sideswipe,Daylight,Municipal (excl. Twp. Rd.),No control,unknown,0,0,0,False,False,False,Clear,0
2022,2,25,10,Friday,At intersection,Within intersection,Turning movement,Daylight,Regional municipality,Traffic signal,Functioning,0,0,0,False,False,False,Clear,0
2022,2,25,10,Friday,Intersection related,Not on roadway - right side,SMV other,Daylight,Municipal (excl. Twp. Rd.),Stop sign,Functioning,0,0,0,False,False,False,Snow,0
2022,2,4,17,Friday,Intersection related,Thru lane,Rear end,Dusk,Municipal (excl. Twp. Rd.),Traffic signal,Functioning,0,0,0,False,False,False,Clear,0
2022,2,25,15,Friday,At/near private drive,Thru lane,SMV other,Daylight,Municipal (excl. Twp. Rd.),No control,unknown,0,0,0,False,False,False,Clear,0
2022,2,26,7,Saturday,Non intersection,Other,SMV other,Dawn,Municipal (excl. Twp. Rd.),No control,unknown,0,0,0,False,False,False,Clear,0
2022,2,3,8,Thursday,At/near private drive,Thru lane,Other,Daylight,Municipal (excl. Twp. Rd.),No control,unknown,0,0,0,False,False,False,Clear,0
2022,1,26,9,Wednesday,Non intersection,Thru lane,Sideswipe,Daylight,Municipal (excl. Twp. Rd.),No control,unknown,0,0,0,False,False,False,Clear,0
2022,2,11,8,Friday,Non intersection,Thru lane,Rear end,Daylight,Municipal (excl. Twp. Rd.),No control,unknown,0,0,0,False,False,False,Snow,0
2022,2,26,14,Saturday,At intersection,Within intersection,Angle,Daylight,Regional municipality,unknown,Functioning,0,0,0,False,False,False,Snow,1
2022,2,2,21,Wednesday,Intersection related,Thru lane,Approaching,Dark,Municipal (excl. Twp. Rd.),Stop sign,Functioning,0,0,0,False,False,False,Snow,0
2022,1,23,13,Sunday,At/near private drive,Right shoulder,SMV unattended vehicle,Daylight,Municipal (excl. Twp. Rd.),No control,unknown,0,0,0,False,False,False,Clear,0
2022,2,2,12,Wednesday,Intersection related,Thru lane,Rear end,Daylight,Municipal (excl. Twp. Rd.),Stop sign,Functioning,0,0,0,False,False,False,Snow,0
2022,2,8,7,Tuesday,Non intersection,Passing lane,Sideswipe,Dawn,Regional municipality,No control,unknown,0,0,0,False,False,False,Clear,0
2022,3,1,3,Tuesday,Non intersection,Thru lane,Approaching,"Dark, artificial",Municipal (excl. Twp. Rd.),No control,unknown,1,0,0,False,False,False,Clear,0
2022,2,11,19,Friday,At/near private drive,Off highway,SMV unattended vehicle,Dark,Municipal (excl. Twp. Rd.),No control,unknown,0,0,0,False,False,False,Snow,0
2022,2,3,17,Thursday,At intersection,Thru lane,Rear end,Dusk,Municipal (excl. Twp. Rd.),Stop sign,Functioning,0,0,0,False,False,False,Snow,0
2022,2,3,8,Thursday,Non intersection,Within intersection,Sideswipe,Daylight,Municipal (excl. Twp. Rd.),No control,unknown,0,0,0,False,False,False,Drifting Snow,0
2022,3,1,13,Tuesday,Non intersection,Thru lane,Angle,Daylight,Municipal (excl. Twp. Rd.),No control,unknown,0,0,0,False,False,False,Clear,0
2022,2,9,9,Wednesday,At/near private drive,Thru lane,Other,Daylight,Municipal (excl. Twp. Rd.),No control,unknown,0,0,0,False,False,False,Clear,0
2022,2,3,0,Thursday,At/near private drive,Thru lane,Other,Dark,Municipal (excl. Twp. Rd.),No control,unknown,0,0,0,False,False,False,Snow,0
2022,2,14,8,Monday,At/near private drive,Thru lane,SMV unattended vehicle,Daylight,Municipal (excl. Twp. Rd.),No control,unknown,0,0,0,False,False,False,Clear,0
2022,2,18,15,Friday,Non intersection,Thru lane,Sideswipe,Daylight,Municipal (excl. Twp. Rd.),No control,unknown,0,0,0,False,False,False,Clear,0
2022,1,28,17,Friday,Non intersection,Thru lane,SMV unattended vehicle,Dusk,Municipal (excl. Twp. Rd.),No control,unknown,0,0,0,False,False,False,Clear,0
2022,3,2,17,Wednesday,At/near private drive,Thru lane,SMV unattended vehicle,Daylight,Municipal (excl. Twp. Rd.),No control,unknown,0,0,0,False,False,False,Snow,0
2022,3,2,18,Wednesday,At intersection,Left turn lane,Angle,Dusk,Municipal (excl. Twp. Rd.),Stop sign,Functioning,0,0,0,False,False,False,Clear,1
2022,1,25,17,Tuesday,Non intersection,Thru lane,Other,Dark,Municipal (excl. Twp. Rd.),No control,unknown,0,0,0,False,False,False,Clear,0
2022,3,4,8,Friday,Non intersection,Right shoulder,SMV unattended vehicle,Daylight,Municipal (excl. Twp. Rd.),No control,unknown,0,0,0,False,False,False,Clear,0
2022,2,3,12,Thursday,At intersection,Within intersection,Rear end,Daylight,Municipal (excl. Twp. Rd.),Stop sign,Functioning,0,0,0,False,False,False,Snow,0
2022,1,27,8,Thursday,Intersection related,Within intersection,Sideswipe,Daylight,Municipal (excl. Twp. Rd.),Stop sign,Functioning,0,0,0,False,False,False,Clear,0
2021,12,26,11,Sunday,Non intersection,Right shoulder,SMV unattended vehicle,Daylight,Municipal (excl. Twp. Rd.),No control,unknown,0,0,0,False,False,False,Snow,0
2022,3,5,15,Saturday,At intersection,Within intersection,Turning movement,Daylight,Regional municipality,Stop sign,Functioning,0,0,0,False,False,False,Clear,0
2022,3,6,11,Sunday,Non intersection,Thru lane,Sideswipe,Daylight,Regional municipality,No control,unknown,0,0,0,False,False,False,Clear,0
2022,3,6,13,Sunday,Non intersection,Within intersection,Angle,Daylight,Municipal (excl. Twp. Rd.),No control,unknown,0,0,0,False,False,False,Clear,0
2022,1,24,15,Monday,Non intersection,Thru lane,Rear end,Daylight,Municipal (excl. Twp. Rd.),No control,unknown,0,0,0,False,False,False,Snow,0
2022,2,24,7,Thursday,Intersection related,Left turn lane,Sideswipe,Daylight,Regional municipality,Traffic signal,Functioning,0,0,0,False,False,False,Clear,0
2022,2,3,13,Thursday,At intersection,Thru lane,Rear end,Daylight,Municipal (excl. Twp. Rd.),Stop sign,Functioning,0,0,0,False,False,False,Snow,0
2022,3,7,18,Monday,Non intersection,Thru lane,Other,Dusk,Municipal (excl. Twp. Rd.),No control,unknown,0,0,0,False,False,False,Clear,0
2022,2,12,9,Saturday,At/near private drive,Thru lane,SMV unattended vehicle,Daylight,Municipal (excl. Twp. Rd.),No control,unknown,0,0,0,False,False,False,Snow,0
2022,2,1,16,Tuesday,Intersection related,Thru lane,Sideswipe,Daylight,Municipal (excl. Twp. Rd.),unknown,unknown,0,0,0,False,False,False,Clear,0
2022,2,2,12,Wednesday,Intersection related,Within intersection,Rear end,Daylight,Municipal (excl. Twp. Rd.),Stop sign,Functioning,0,0,0,False,False,False,Rain,0
2022,2,4,12,Friday,At/near private drive,Thru lane,Turning movement,Daylight,Municipal (excl. Twp. Rd.),No control,unknown,0,0,0,False,False,False,Snow,0
2022,2,5,11,Saturday,At intersection,Thru lane,Rear end,Daylight,Municipal (excl. Twp. Rd.),Stop sign,Functioning,0,0,0,False,False,False,Clear,0
2022,2,11,15,Friday,At intersection,Thru lane,Rear end,Daylight,Regional municipality,Traffic signal,Functioning,0,0,0,False,False,False,Snow,0
2022,2,4,15,Friday,Non intersection,Thru lane,Other,Daylight,Municipal (excl. Twp. Rd.),No control,unknown,0,0,0,False,False,False,Clear,0
2022,3,9,15,Wednesday,Non intersection,Thru lane,Rear end,Daylight,Municipal (excl. Twp. Rd.),No control,unknown,2,0,0,False,False,False,Clear,0
2021,12,10,12,Friday,Non intersection,Thru lane,Other,Daylight,Regional municipality,No control,unknown,0,0,0,False,False,False,Clear,0
2022,2,8,9,Tuesday,Intersection related,Within intersection,Rear end,Daylight,Municipal (excl. Twp. Rd.),Traffic signal,Functioning,0,0,0,False,False,False,Clear,0
2022,2,24,8,Thursday,Non intersection,Thru lane,Angle,Daylight,Municipal (excl. Twp. Rd.),No control,unknown,0,0,0,False,False,False,Clear,0
2022,2,1,18,Tuesday,At/near private drive,Right shoulder,SMV unattended vehicle,Dark,Municipal (excl. Twp. Rd.),No control,unknown,0,0,0,False,False,False,Clear,0
2022,2,17,19,Thursday,At intersection,Within intersection,Turning movement,Dark,Regional municipality,Traffic signal,Functioning,0,0,0,False,False,False,Snow,0
2022,3,10,16,Thursday,Intersection related,Thru lane,Turning movement,Daylight,Municipal (excl. Twp. Rd.),unknown,unknown,0,0,0,False,False,False,Clear,0
2022,3,10,20,Thursday,Non intersection,Right shoulder,SMV other,Dark,Municipal (excl. Twp. Rd.),No control,unknown,0,0,0,False,False,False,Clear,0
2022,2,20,17,Sunday,Non intersection,Thru lane,Turning movement,Daylight,Municipal (excl. Twp. Rd.),No control,unknown,0,0,0,False,False,False,Clear,0
2022,3,12,10,Saturday,Non intersection,Thru lane,Turning movement,Daylight,Municipal (excl. Twp. Rd.),No control,unknown,0,0,0,False,False,False,Clear,0
2022,3,12,22,Saturday,Non intersection,Thru lane,SMV unattended vehicle,Dark,Municipal (excl. Twp. Rd.),No control,unknown,0,0,0,False,False,False,Snow,0
2022,3,13,18,Sunday,Non intersection,Not on roadway - right side,SMV other,Dark,Municipal (excl. Twp. Rd.),No control,unknown,0,0,0,False,False,False,Drifting Snow,0
2022,2,12,20,Saturday,At/near private drive,Off highway,SMV unattended vehicle,Dark,Municipal (excl. Twp. Rd.),No control,unknown,0,0,0,False,False,False,Clear,0
2022,3,14,19,Monday,At intersection,Thru lane,Rear end,Dark,Regional municipality,unknown,Functioning,1,0,0,False,False,False,Clear,0
2022,3,15,15,Tuesday,At railway crossing,Thru lane,Rear end,Daylight,Regional municipality,No control,unknown,0,0,0,False,False,False,Snow,0
2022,3,15,15,Tuesday,Non intersection,Thru lane,Approaching,Daylight,Municipal (excl. Twp. Rd.),No control,unknown,1,0,0,False,False,False,Drifting Snow,1
2022,3,13,14,Sunday,Intersection related,Within intersection,SMV other,Daylight,Municipal (excl. Twp. Rd.),unknown,Functioning,0,0,0,True,False,False,Clear,1
2022,2,6,10,Sunday,At intersection,Within intersection,Rear end,Daylight,Municipal (excl. Twp. Rd.),Traffic signal,Functioning,0,0,0,False,False,False,Clear,0
2022,2,3,21,Thursday,At intersection,Thru lane,Rear end,Dark,Municipal (excl. Twp. Rd.),Traffic signal,Functioning,0,0,0,False,False,False,Snow,0
2022,3,16,23,Wednesday,Non intersection,Right shoulder,SMV other,"Dark, artificial",Municipal (excl. Twp. Rd.),No control,unknown,0,0,0,False,False,False,"Fog, mist, smoke, dust",0
2022,2,6,15,Sunday,At/near private drive,Other,SMV unattended vehicle,Daylight,Municipal (excl. Twp. Rd.),No control,unknown,0,0,0,False,False,False,Clear,0
2022,2,12,23,Saturday,At/near private drive,Not on roadway - right side,SMV unattended vehicle,Dark,Municipal (excl. Twp. Rd.),No control,unknown,0,0,0,False,False,False,Clear,0
2022,2,12,14,Saturday,At intersection,Thru lane,Rear end,Daylight,Regional municipality,Traffic signal,Functioning,0,0,0,False,False,False,Clear,0
2022,2,13,16,Sunday,At/near private drive,Thru lane,SMV unattended vehicle,Daylight,Municipal (excl. Twp. Rd.),No control,unknown,0,0,0,False,False,False,Clear,0
2022,3,5,19,Saturday,Non intersection,Thru lane,SMV unattended vehicle,Dark,Municipal (excl. Twp. Rd.),No control,unknown,0,0,0,False,False,False,Clear,0
2022,3,18,9,Friday,Intersection related,Within intersection,Turning movement,Daylight,Regional municipality,Stop sign,Functioning,0,0,0,False,False,False,Clear,1
2022,3,18,10,Friday,Intersection related,Thru lane,Other,Daylight,Municipal (excl. Twp. Rd.),unknown,Functioning,0,0,0,False,False,False,Clear,0
2022,3,11,10,Friday,At intersection,Within intersection,Turning movement,Daylight,Municipal (excl. Twp. Rd.),Traffic signal,Functioning,0,0,0,False,False,False,Clear,1
2022,3,13,14,Sunday,At/near private drive,Thru lane,SMV unattended vehicle,Daylight,Municipal (excl. Twp. Rd.),No control,unknown,0,0,0,False,False,False,Snow,0
2022,2,16,8,Wednesday,Non intersection,Thru lane,Sideswipe,Daylight,Municipal (excl. Twp. Rd.),Ped. crossover,Functioning,0,0,0,False,True,False,Clear,0
2022,3,2,20,Wednesday,Other,Thru lane,Angle,Dark,Municipal (excl. Twp. Rd.),Ped. crossover,Functioning,0,0,0,False,False,False,Snow,0
2022,2,14,7,Monday,Non intersection,Thru lane,Rear end,Daylight,Regional municipality,No control,unknown,0,0,0,False,False,False,Clear,0
2022,3,18,10,Friday,Non intersection,Other,Other,Daylight,Municipal (excl. Twp. Rd.),No control,unknown,0,0,0,False,False,False,Clear,0
2022,3,18,12,Friday,Non intersection,Thru lane,Rear end,Daylight,Municipal (excl. Twp. Rd.),No control,unknown,0,0,0,False,False,False,Clear,0
2022,1,17,9,Monday,Non intersection,Thru lane,Turning movement,Daylight,Municipal (excl. Twp. Rd.),No control,unknown,0,0,0,False,False,False,Snow,0
2022,3,18,17,Friday,Non intersection,Right shoulder,Rear end,Daylight,Municipal (excl. Twp. Rd.),No control,unknown,0,0,0,False,True,False,Clear,0
2022,3,18,21,Friday,Non intersection,Not on roadway - left side,SMV other,Dark,Municipal (excl. Twp. Rd.),No control,unknown,0,0,0,False,False,False,Clear,0
2022,2,14,14,Monday,Non intersection,Thru lane,SMV unattended vehicle,Daylight,Municipal (excl. Twp. Rd.),No control,unknown,0,0,0,False,False,False,Clear,0
2022,3,19,14,Saturday,Intersection related,Thru lane,Rear end,Daylight,Municipal (excl. Twp. Rd.),unknown,Functioning,1,0,0,False,False,False,Rain,0
2022,3,19,18,Saturday,At/near private drive,Thru lane,Rear end,Dark,Municipal (excl. Twp. Rd.),No control,unknown,0,0,0,False,False,False,Rain,0
2022,3,19,23,Saturday,Non intersection,Right shoulder,SMV other,Dark,Municipal (excl. Twp. Rd.),No control,unknown,0,0,0,False,False,False,Clear,0
2022,3,20,6,Sunday,At intersection,Within intersection,SMV other,"Daylight, artificial",Municipal (excl. Twp. Rd.),Stop sign,Functioning,0,0,0,True,False,False,Clear,1
2022,2,17,9,Thursday,At/near private drive,Thru lane,Sideswipe,Daylight,Municipal (excl. Twp. Rd.),No control,unknown,0,0,0,False,False,False,Rain,0
2022,3,20,21,Sunday,At intersection,Thru lane,Angle,Dark,Municipal (excl. Twp. Rd.),unknown,Functioning,0,0,0,False,False,False,Clear,0
2021,11,22,7,Monday,At intersection,Within intersection,Angle,Daylight,Municipal (excl. Twp. Rd.),unknown,Functioning,0,0,0,False,False,False,Clear,0
2021,12,9,17,Thursday,At/near private drive,Thru lane,SMV unattended vehicle,Dark,Municipal (excl. Twp. Rd.),No control,unknown,0,0,0,False,False,False,Snow,0
2022,1,17,12,Monday,Non intersection,Thru lane,SMV other,Daylight,Municipal (excl. Twp. Rd.),No control,unknown,0,0,0,False,False,False,Snow,0
2022,1,17,9,Monday,Non intersection,Thru lane,SMV unattended vehicle,Daylight,Municipal (excl. Twp. Rd.),No control,unknown,0,0,0,False,False,False,Snow,0
2022,2,19,14,Saturday,Non intersection,Right shoulder,SMV other,"Daylight, artificial",Municipal (excl. Twp. Rd.),No control,unknown,0,0,0,False,False,False,Clear,0
2022,3,16,11,Wednesday,Non intersection,Thru lane,Rear end,Daylight,Municipal (excl. Twp. Rd.),No control,unknown,0,0,0,False,False,False,Clear,0
2022,3,15,14,Tuesday,At intersection,Within intersection,Sideswipe,Daylight,Municipal (excl. Twp. Rd.),Stop sign,Functioning,0,0,0,False,False,False,Snow,0
2022,3,22,15,Tuesday,At/near private drive,Not on roadway - right side,SMV other,Daylight,Municipal (excl. Twp. Rd.),No control,unknown,0,0,0,False,False,False,Clear,0
2022,3,14,11,Monday,Intersection related,Thru lane,SMV other,Daylight,Municipal (excl. Twp. Rd.),unknown,unknown,0,0,0,False,False,False,Freezing Rain,0
2022,3,23,19,Wednesday,Non intersection,Left shoulder,SMV other,Dark,Municipal (excl. Twp. Rd.),No control,unknown,0,0,0,False,False,False,Rain,0
2022,3,24,8,Thursday,Intersection related,Within intersection,Angle,Daylight,Municipal (excl. Twp. Rd.),Stop sign,Functioning,0,0,0,False,False,False,Clear,0
2022,2,21,15,Monday,At/near private drive,Thru lane,SMV unattended vehicle,Daylight,Municipal (excl. Twp. Rd.),No control,unknown,0,0,0,False,False,False,Clear,0
2022,3,25,15,Friday,At intersection,Within intersection,Angle,Daylight,Municipal (excl. Twp. Rd.),unknown,Functioning,0,0,0,False,False,False,Clear,0
2022,3,27,10,Sunday,Non intersection,Thru lane,Approaching,Daylight,Municipal (excl. Twp. Rd.),No control,unknown,0,0,0,False,False,False,Snow,0
2022,3,28,12,Monday,Non intersection,Thru lane,Sideswipe,Daylight,Municipal (excl. Twp. Rd.),No control,unknown,2,0,0,False,False,False,Clear,0
2022,3,28,20,Monday,Non intersection,Thru lane,Turning movement,Dark,Municipal (excl. Twp. Rd.),No control,unknown,2,0,0,False,False,False,Clear,0
2021,11,10,7,Wednesday,Non intersection,Thru lane,SMV unattended vehicle,Daylight,Municipal (excl. Twp. Rd.),No control,unknown,0,0,0,False,False,False,Clear,0
2022,3,20,16,Sunday,At/near private drive,Thru lane,SMV unattended vehicle,Daylight,Regional municipality,No control,unknown,0,0,0,False,False,False,Clear,0
2022,3,11,9,Friday,At/near private drive,Thru lane,Other,Daylight,Municipal (excl. Twp. Rd.),No control,unknown,0,0,0,False,False,False,Snow,0
2022,3,8,11,Tuesday,At intersection,Thru lane,Rear end,Daylight,Municipal (excl. Twp. Rd.),Traffic signal,Functioning,0,0,0,False,False,False,Clear,0
2021,12,6,18,Monday,At intersection,Within intersection,Angle,Dark,Municipal (excl. Twp. Rd.),unknown,Functioning,0,0,0,False,False,False,Snow,0
2022,4,1,12,Friday,Intersection related,Thru lane,Sideswipe,Daylight,Municipal (excl. Twp. Rd.),unknown,unknown,0,0,0,False,False,False,Clear,0
2022,3,8,20,Tuesday,Non intersection,Thru lane,SMV unattended vehicle,Dark,Municipal (excl. Twp. Rd.),No control,unknown,0,0,0,False,False,False,Clear,0
2022,3,23,23,Wednesday,Non intersection,Thru lane,SMV unattended vehicle,Dark,Municipal (excl. Twp. Rd.),No control,unknown,0,0,0,False,False,False,Rain,0
2022,4,1,21,Friday,At intersection,Within intersection,Turning movement,Dark,Municipal (excl. Twp. Rd.),Stop sign,Functioning,0,0,0,False,False,False,Clear,0
2022,4,2,20,Saturday,Non intersection,Thru lane,SMV unattended vehicle,Dark,Municipal (excl. Twp. Rd.),No control,unknown,1,0,0,False,False,False,Clear,0
2022,3,2,16,Wednesday,At intersection,Within intersection,Turning movement,Daylight,Municipal (excl. Twp. Rd.),unknown,unknown,0,0,0,False,False,False,Snow,0
2022,3,18,17,Friday,Non intersection,Thru lane,Rear end,Daylight,Regional municipality,No control,unknown,0,0,0,False,False,False,Clear,0
2022,4,4,15,Monday,Non intersection,Thru lane,Angle,Daylight,Municipal (excl. Twp. Rd.),No control,unknown,0,0,0,False,False,False,Clear,0
2022,3,28,18,Monday,At intersection,Thru lane,Rear end,Dusk,Regional municipality,Traffic signal,Functioning,0,0,0,False,False,False,Clear,0
2022,4,7,14,Thursday,Non intersection,Thru lane,Rear end,Daylight,Regional municipality,No control,unknown,0,0,0,False,False,False,Clear,0
2022,4,7,16,Thursday,Intersection related,Right shoulder,SMV other,Daylight,Regional municipality,unknown,Functioning,0,0,0,False,False,False,Clear,0
2022,4,2,9,Saturday,At intersection,Within intersection,Turning movement,Daylight,Regional municipality,Traffic signal,Functioning,0,0,0,False,False,False,Clear,0
2022,4,8,17,Friday,Non intersection,Not on roadway - right side,SMV other,Daylight,Municipal (excl. Twp. Rd.),No control,unknown,0,0,0,False,False,False,Clear,0
2022,3,28,10,Monday,Non intersection,Thru lane,Angle,Daylight,Regional municipality,No control,unknown,0,0,0,False,False,False,Clear,0
2022,2,7,15,Monday,Intersection related,Thru lane,Rear end,Daylight,Municipal (excl. Twp. Rd.),Stop sign,Functioning,0,0,0,False,False,False,Clear,0
2022,4,10,13,Sunday,Non intersection,Not on roadway - right side,SMV other,Daylight,Municipal (excl. Twp. Rd.),No control,unknown,0,0,0,False,False,False,Clear,0
2022,4,11,1,Monday,Non intersection,Not on roadway - right side,SMV other,Dark,Municipal (excl. Twp. Rd.),No control,unknown,0,0,0,False,False,False,Clear,0
2022,4,11,8,Monday,Non intersection,Thru lane,Sideswipe,Daylight,Municipal (excl. Twp. Rd.),No control,unknown,0,0,0,False,False,False,Clear,0
2022,4,11,20,Monday,Non intersection,Thru lane,Angle,Dark,Regional municipality,No control,unknown,0,0,0,False,False,False,Clear,0